0; 5932823.0; 566526.0; 5932823.180665117; 566526.7178138542; 0.18066511675715446; 0.7178138542221859; 1.324229611594343; 0.0; 0.7402003875479841
1; 5932823.180665117; 566526.7178138542; 5932823.201173958; 566527.3588431681; 0.02050884161144495; 0.6410293139051646; 1.538813626619487; -0.2145840150251439; 0.6413573059301417
2; 5932823.201173958; 566527.3588431681; 5932823.360331447; 566528.0897730857; 0.15915748849511147; 0.7309299175394699; 1.3563964265608282; 0.1824172000586588; 0.7480572508159571
3; 5932823.360331447; 566528.0897730857; 5932823.603555408; 566528.7696911418; 0.24322396144270897; 0.679918056121096; 1.2272558336721484; 0.12914059288867974; 0.7221124970940291
4; 5932823.603555408; 566528.7696911418; 5932824.054628552; 566529.4411105122; 0.45107314363121986; 0.6714193704538047; 0.9792343245054562; 0.2480215091666922; 0.8088701700062467
5; 5932824.054628552; 566529.4411105122; 5932824.207260286; 566530.1877384647; 0.15263173449784517; 0.7466279524378479; 1.369146625819479; -0.3899123013140229; 0.762069383807901
6; 5932824.207260286; 566530.1877384647; 5932824.49131646; 566531.1668897461; 0.28405617363750935; 0.9791512814117596; 1.2884425323493234; 0.08070409347015572; 1.0195220162761929
7; 5932824.49131646; 566531.1668897461; 5932824.898916917; 566531.7877304455; 0.4076004568487406; 0.6208406994119287; 0.9898443835803787; 0.29859814876894464; 0.7426852001148231
8; 5932824.898916917; 566531.7877304455; 5932825.45854067; 566532.2262781825; 0.559623752720654; 0.43854773696511984; 0.6646900475851601; 0.3251543359952186; 0.7109872447564553
9; 5932825.45854067; 566532.2262781825; 5932825.966865056; 566532.7737087297; 0.5083243865519762; 0.5474305471871048; 0.8224221820705471; -0.15773213448538692; 0.7470434297663128
10; 5932825.966865056; 566532.7737087297; 5932826.148762554; 566533.6157670872; 0.18189749773591757; 0.8420583575498313; 1.3580499179405425; -0.5356277358699955; 0.861480688815546
11; 5932826.148762554; 566533.6157670872; 5932826.260535386; 566534.1643698664; 0.11177283246070147; 0.5486027791630477; 1.3698063341817517; -0.011756416241209156; 0.5598733565563803
12; 5932826.260535386; 566534.1643698664; 5932826.36612649; 566535.2152085631; 0.10559110343456268; 1.05083869677037; 1.470649782117118; -0.10084344793536637; 1.0561304122856128
13; 5932826.36612649; 566535.2152085631; 5932826.477305476; 566535.8289889656; 0.1111789857968688; 0.6137804024619982; 1.3916012724314624; 0.07904850968565569; 0.6237685062018062
14; 5932826.477305476; 566535.8289889656; 5932826.726562301; 566536.6562284245; 0.2492568250745535; 0.8272394589148462; 1.2781366863944887; 0.11346458603697362; 0.863975744585445
15; 5932826.726562301; 566536.6562284245; 5932826.913013039; 566537.1483921746; 0.18645073845982552; 0.4921637501101941; 1.2086643632588334; 0.06947232313565532; 0.5262974774732859
16; 5932826.913013039; 566537.1483921746; 5932827.038723027; 566537.9529206795; 0.12570998817682266; 0.8045285048428923; 1.4157966615746669; -0.20713229831583346; 0.8142905600780085
17; 5932827.038723027; 566537.9529206795; 5932827.327663314; 566538.8956857808; 0.2889402862638235; 0.9427651013247669; 1.273403643451813; 0.14239301812285388; 0.986048946707068
18; 5932827.327663314; 566538.8956857808; 5932827.4113193685; 566539.609716458; 0.08365605492144823; 0.7140306772198528; 1.4541677138877216; -0.18076407043590859; 0.718914559273953
19; 5932827.4113193685; 566539.609716458; 5932827.451514244; 566540.2381379725; 0.04019487556070089; 0.6284215145278722; 1.5069216898837532; -0.0527539759960316; 0.6297056677074179
20; 5932827.451514244; 566540.2381379725; 5932827.281557963; 566541.0430482801; -0.16995628084987402; 0.8049103075172752; 1.7788890618878967; -0.27196737200414356; 0.8226577298900655
21; 5932827.281557963; 566541.0430482801; 5932827.068969636; 566541.571275739; -0.21258832700550556; 0.5282274589408189; 1.953418177918684; -0.17452911603078736; 0.5694014797645632
22; 5932827.068969636; 566541.571275739; 5932827.181065953; 566542.3155273697; 0.11209631711244583; 0.7442516307346523; 1.4213038395901834; 0.5321143383285007; 0.752646048392844
23; 5932827.181065953; 566542.3155273697; 5932827.383876644; 566542.9480315966; 0.20281069073826075; 0.6325042268726975; 1.2605064365242118; 0.16079740306597157; 0.6642241890277403
24; 5932827.383876644; 566542.9480315966; 5932827.91704304; 566543.8284943686; 0.5331663955003023; 0.8804627719800919; 1.026304136118151; 0.23420230040606071; 1.0293109822272626
25; 5932827.91704304; 566543.8284943686; 5932828.435720691; 566544.7365669796; 0.5186776518821716; 0.9080726109677926; 1.0518336831354667; -0.02552954701731558; 1.0457640141790436
26; 5932828.435720691; 566544.7365669796; 5932828.972780508; 566545.2759150793; 0.537059816531837; 0.5393480997299775; 0.7875240115229373; 0.2643096716125294; 0.7611370567877694
27; 5932828.972780508; 566545.2759150793; 5932828.995588233; 566546.1616841066; 0.02280772477388382; 0.8857690272852778; 1.5450529496172885; -0.7575289380943512; 0.8860626174302065
28; 5932828.995588233; 566546.1616841066; 5932828.690292616; 566546.9037825317; -0.3052956163883209; 0.7420984251657501; 1.9610872599531353; -0.4160343103358468; 0.8024434472406209
29; 5932828.690292616; 566546.9037825317; 5932828.456799902; 566547.8256482496; -0.23349271435290575; 0.9218657178571448; 1.8188622733225306; 0.14222498663060468; 0.9509759457610674
30; 5932828.456799902; 566547.8256482496; 5932828.440196129; 566548.487623782; -0.016603773459792137; 0.6619755324209109; 1.5958732247597274; 0.22298904856280322; 0.6621837288978434
31; 5932828.440196129; 566548.487623782; 5932828.626035615; 566549.0812459404; 0.18583948630839586; 0.5936221583979204; 1.2674011571890376; 0.3284720675706898; 0.6220318172026044
32; 5932828.626035615; 566549.0812459404; 5932828.769120463; 566549.944695418; 0.14308484829962254; 0.8634494775906205; 1.4065756337793844; -0.13917447659034687; 0.875224699242681
33; 5932828.769120463; 566549.944695418; 5932828.950962666; 566550.609024569; 0.1818422032520175; 0.6643291510408744; 1.3036176707288516; 0.10295796305053284; 0.6887668747887321
34; 5932828.950962666; 566550.609024569; 5932829.198722876; 566551.3209543962; 0.24776020925492048; 0.7119298271136358; 1.2358935427405997; 0.06772412798825189; 0.7538097903477332
35; 5932829.198722876; 566551.3209543962; 5932829.532927791; 566551.8980637231; 0.33420491497963667; 0.577109326957725; 1.045885074657488; 0.19000846808311178; 0.6668943697904073
36; 5932829.532927791; 566551.8980637231; 5932829.967804061; 566552.3695675369; 0.4348762705922127; 0.4715038137510419; 0.8257869862684794; 0.22009808838900857; 0.6414306019406687
37; 5932829.967804061; 566552.3695675369; 5932830.303869478; 566553.0692738252; 0.33606541715562344; 0.6997062882874161; 1.123036636732375; -0.2972496504638956; 0.7762273213929898
38; 5932830.303869478; 566553.0692738252; 5932830.44797244; 566553.9115125815; 0.144102961756289; 0.8422387563623488; 1.4013419787634627; -0.2783053420310877; 0.8544774931534068
39; 5932830.44797244; 566553.9115125815; 5932830.333056824; 566554.8686891485; -0.11491561587899923; 0.9571765669388697; 1.6902813081453127; -0.2889393293818501; 0.964050091577056
40; 5932830.333056824; 566554.8686891485; 5932830.170760045; 566555.5729078993; -0.16229677945375443; 0.7042187508195639; 1.7973049656963007; -0.10702365755098797; 0.7226785548408972
41; 5932830.170760045; 566555.5729078993; 5932830.214543447; 566556.1829526053; 0.0437834020704031; 0.6100447060307488; 1.4991483699915318; 0.29815659570476893; 0.6116138730056745
42; 5932830.214543447; 566556.1829526053; 5932830.249031725; 566556.7999004916; 0.034488278441131115; 0.6169478863012046; 1.5149530028260745; -0.015804632834542698; 0.61791110668231
43; 5932830.249031725; 566556.7999004916; 5932830.811154151; 566557.6672452773; 0.5621224259957671; 0.867344785714522; 0.9957609707998698; 0.5191920320262047; 1.0335708002423136
44; 5932830.811154151; 566557.6672452773; 5932831.135260559; 566558.0734405358; 0.32410640735179186; 0.4061952584888786; 0.8973323553091147; 0.0984286154907551; 0.5196532991383126
45; 5932831.135260559; 566558.0734405358; 5932831.139932412; 566558.9426405567; 0.0046718530356884; 0.8692000209121034; 1.565421490238269; -0.6680891349291543; 0.8692125761655706
46; 5932831.139932412; 566558.9426405567; 5932831.163772435; 566559.9265200862; 0.023840023204684258; 0.9838795295218006; 1.5465704348510718; 0.018851055387197224; 0.9841683165589307
47; 5932831.163772435; 566559.9265200862; 5932831.008148083; 566560.5527656054; -0.15562435146421194; 0.6262455191463232; 1.8143662468733668; -0.26779581202229497; 0.6452924833124158
48; 5932831.008148083; 566560.5527656054; 5932831.253639701; 566561.2669177573; 0.24549161735922098; 0.7141521519515663; 1.2396979770348027; 0.5746682698385641; 0.7551684781098184
49; 5932831.253639701; 566561.2669177573; 5932831.37985784; 566562.393564202; 0.12621813919395208; 1.1266464446671307; 1.4592315688275932; -0.21953359179279053; 1.1336945046804583
50; 5932831.37985784; 566562.393564202; 5932831.600873323; 566563.0136555046; 0.22101548314094543; 0.6200913025531918; 1.2284099830618072; 0.23082158576578604; 0.6583016537197363
51; 5932831.600873323; 566563.0136555046; 5932832.27205163; 566563.8194885736; 0.67117830645293; 0.8058330690255389; 0.8763138843815924; 0.35209609868021474; 1.0487360269334425
52; 5932832.27205163; 566563.8194885736; 5932832.275514654; 566564.5770212287; 0.0034630242735147476; 0.7575326551450416; 1.566224906504737; -0.6899110221231445; 0.757540570628541
53; 5932832.275514654; 566564.5770212287; 5932832.134089986; 566565.2505320725; -0.1414246680215001; 0.6735108437715098; 1.7777705901404635; -0.21154568363572657; 0.6881989489986181
54; 5932832.134089986; 566565.2505320725; 5932832.124777783; 566566.0810502412; -0.009312203153967857; 0.8305181687464938; 1.5820083788467547; 0.19576221129370874; 0.8305703737466261
55; 5932832.124777783; 566566.0810502412; 5932832.20782787; 566566.7155038529; 0.08305008709430695; 0.6344536116812378; 1.440636212606912; 0.1413721662398426; 0.6398661597097778
56; 5932832.20782787; 566566.7155038529; 5932832.4558344465; 566567.3285984206; 0.2480065766721964; 0.6130945676704869; 1.1864028985107138; 0.2542333140961983; 0.6613563419063306
57; 5932832.4558344465; 566567.3285984206; 5932832.526728807; 566568.1196114146; 0.07089436054229736; 0.7910129940137267; 1.4814103764947437; -0.29500747798402993; 0.7941835852340826
58; 5932832.526728807; 566568.1196114146; 5932832.736745569; 566568.7043688078; 0.21001676190644503; 0.5847573932260275; 1.22599169567684; 0.25541868081790375; 0.6213278113960193
59; 5932832.736745569; 566568.7043688078; 5932832.581161287; 566569.3982006059; -0.15558428224176168; 0.6938317980384454; 1.7913865038942214; -0.5653948082173814; 0.711061905075744
60; 5932832.581161287; 566569.3982006059; 5932832.552095333; 566570.0349166531; -0.029065953567624092; 0.6367160471854731; 1.6164144460351872; 0.17497205785903414; 0.6373791292474903
61; 5932832.552095333; 566570.0349166531; 5932832.350030857; 566570.7457044731; -0.2020644759759307; 0.7107878200476989; 1.8477716780007296; -0.23135723196554236; 0.7389515393986181
62; 5932832.350030857; 566570.7457044731; 5932831.832621571; 566571.5335718497; -0.5174092864617705; 0.7878673765808344; 2.151882035423244; -0.30411035742251435; 0.9425748632322235
63; 5932831.832621571; 566571.5335718497; 5932831.528587255; 566572.4445844581; -0.30403431598097086; 0.9110126084415242; 1.8929058912524839; 0.2589761441707601; 0.9604066003695761
64; 5932831.528587255; 566572.4445844581; 5932831.409851115; 566573.3222559614; -0.11873613949865103; 0.8776715032290667; 1.705265334828937; 0.18764055642354682; 0.8856667197108701
65; 5932831.409851115; 566573.3222559614; 5932831.170698945; 566574.0958225313; -0.23915216978639364; 0.7735665699001402; 1.870631129940729; -0.16536579511179195; 0.80969068068035
66; 5932831.170698945; 566574.0958225313; 5932831.526976202; 566574.9139061623; 0.3562772562727332; 0.8180836309911683; 1.1600639204951926; 0.7105672094455364; 0.8922972098089967
67; 5932831.526976202; 566574.9139061623; 5932832.01723382; 566575.5012370722; 0.4902576180174947; 0.5873309099115431; 0.8752394843159562; 0.28482443617923636; 0.7650556383438455
68; 5932832.01723382; 566575.5012370722; 5932832.703929822; 566576.2710029687; 0.6866960022598505; 0.7697658964898437; 0.8423718427058887; 0.0328676416100675; 1.031547834527548
69; 5932832.703929822; 566576.2710029687; 5932833.222666637; 566576.9242727305; 0.5187368150800467; 0.6532697618240491; 0.8996865045097696; -0.057314661803880895; 0.8341757998366054
70; 5932833.222666637; 566576.9242727305; 5932833.769000187; 566577.4761884143; 0.5463335495442152; 0.5519156837835908; 0.7904808768656874; 0.10920562764408226; 0.7765895114949016
71; 5932833.769000187; 566577.4761884143; 5932834.712780094; 566577.900581987; 0.9437799071893096; 0.4243935727281496; 0.42258304391279966; 0.3678978329528877; 1.034809363016795
72; 5932834.712780094; 566577.900581987; 5932835.586202287; 566578.138560186; 0.8734221933409572; 0.23797819903120399; 0.2660092189892396; 0.15657382492356003; 0.9052623658557024
73; 5932835.586202287; 566578.138560186; 5932836.09162613; 566578.1702972798; 0.5054238429293036; 0.031737093813717365; 0.06271069305310989; 0.20329852593612974; 0.5064192967543457
74; 5932836.09162613; 566578.1702972798; 5932836.850000092; 566578.0353231869; 0.7583739617839456; -0.13497409294359386; -0.1761339777619805; 0.2388446708150904; 0.7702915497899632
75; 5932836.850000092; 566578.0353231869; 5932837.422395259; 566577.9623509473; 0.5723951673135161; -0.07297223957721144; -0.12680177007416926; -0.04933220768781124; 0.5770278808799295
76; 5932837.422395259; 566577.9623509473; 5932837.97697544; 566578.1973237225; 0.5545801809057593; 0.23497277521528304; 0.40076466769968555; -0.5275664377738548; 0.6023050573802586
77; 5932837.97697544; 566578.1973237225; 5932838.394090466; 566578.7837138069; 0.41711502615362406; 0.5863900843542069; 0.9525088154961749; -0.5517441477964894; 0.7196098082100273
78; 5932838.394090466; 566578.7837138069; 5932838.854809473; 566579.4393044708; 0.46071900706738234; 0.6555906638968736; 0.9582243840577925; -0.00571556856161759; 0.8012871657913273
79; 5932838.854809473; 566579.4393044708; 5932839.300803246; 566579.9997965846; 0.44599377270787954; 0.5604921138146892; 0.8986717004274116; 0.05955268363038091; 0.7162833621847337
80; 5932839.300803246; 566579.9997965846; 5932839.760351533; 566580.5680854798; 0.4595482870936394; 0.5682888951851055; 0.8908016383422189; 0.007870062085192697; 0.73084669839947
81; 5932839.760351533; 566580.5680854798; 5932840.050786817; 566581.2890809107; 0.2904352843761444; 0.7209954309510067; 1.1878566218243987; -0.29705498348217974; 0.7772947097870149
82; 5932840.050786817; 566581.2890809107; 5932840.2716276925; 566582.1028493849; 0.22084087505936623; 0.8137684741523117; 1.3057982635790624; -0.1179416417546637; 0.8432021238239193
83; 5932840.2716276925; 566582.1028493849; 5932840.6235991; 566582.8624081119; 0.35197140742093325; 0.7595587270334363; 1.1368637906712995; 0.16893447290776287; 0.8371459439396017
84; 5932840.6235991; 566582.8624081119; 5932841.151873873; 566583.4875397778; 0.5282747726887465; 0.6251316658454016; 0.8691762475924858; 0.2676875430788137; 0.8184520970111773
85; 5932841.151873873; 566583.4875397778; 5932841.329851252; 566584.2396845015; 0.17797737941145897; 0.7521447237813845; 1.3384435408359252; -0.4692672932434394; 0.7729150232039391
86; 5932841.329851252; 566584.2396845015; 5932841.524891707; 566584.9868710004; 0.19504045508801937; 0.7471864988328889; 1.315460768509206; 0.022982772326719303; 0.7722230527244653
87; 5932841.524891707; 566584.9868710004; 5932841.6307578925; 566585.7981890595; 0.10586618538945913; 0.8113180591026321; 1.4410427784133497; -0.1255820099041438; 0.8181959681121495
88; 5932841.6307578925; 566585.7981890595; 5932841.486670137; 566586.7062930488; -0.14408775512129068; 0.9081039893208072; 1.7281533319167297; -0.28711055350338; 0.9194640485610395
89; 5932841.486670137; 566586.7062930488; 5932841.363488588; 566587.5483707087; -0.12318154983222485; 0.8420776599086821; 1.7160489871398872; 0.012104344776842524; 0.8510396462776285
90; 5932841.363488588; 566587.5483707087; 5932841.274472856; 566588.1127054584; -0.08901573158800602; 0.5643347497098148; 1.7272430226215068; -0.011194035481619569; 0.5713120952685907
91; 5932841.274472856; 566588.1127054584; 5932841.377717397; 566589.174592682; 0.10324454121291637; 1.0618872236227617; 1.473873562835686; 0.2533694597858207; 1.0668945172712825
92; 5932841.377717397; 566589.174592682; 5932841.528084828; 566589.7167586506; 0.1503674304112792; 0.542165968567133; 1.3002505958141362; 0.1736229670215499; 0.5626315860319506
93; 5932841.528084828; 566589.7167586506; 5932841.652925097; 566590.4381876407; 0.12484026979655027; 0.7214289901312441; 1.3994474008735514; -0.0991968050594152; 0.7321508592938085
94; 5932841.652925097; 566590.4381876407; 5932841.909317356; 566591.1079203135; 0.2563922582194209; 0.6697326727444306; 1.2051806865023107; 0.19426671437124066; 0.7171323748208923
95; 5932841.909317356; 566591.1079203135; 5932842.20930451; 566591.9021866671; 0.2999871540814638; 0.7942663535941392; 1.2096686227949742; -0.00448793629266353; 0.8490296420417994
96; 5932842.20930451; 566591.9021866671; 5932842.403522082; 566592.5583620153; 0.19421757198870182; 0.6561753482092172; 1.2830277611954837; -0.07335913840050945; 0.6843146592516296
97; 5932842.403522082; 566592.5583620153; 5932843.007376858; 566593.2539047045; 0.6038547763600945; 0.6955426891800016; 0.8558432716510938; 0.4271844895443899; 0.9210972931263277
98; 5932843.007376858; 566593.2539047045; 5932844.070203388; 566593.5742637778; 1.0628265300765634; 0.3203590733464807; 0.29276067644049464; 0.5630825952105991; 1.1100586330955693
99; 5932844.070203388; 566593.5742637778; 5932844.82730256; 566593.3938359576; 0.7570991721004248; -0.18042782018892467; -0.23395080644960803; 0.5267114828901027; 0.7783015833809382
100; 5932844.82730256; 566593.3938359576; 5932845.583544078; 566592.9782626572; 0.756241518072784; -0.415573300444521; -0.5024781297085057; 0.26852732325889767; 0.862903471831804
101; 5932845.583544078; 566592.9782626572; 5932846.358939506; 566592.8722316076; 0.7753954278305173; -0.10603104962501675; -0.13590159241750918; -0.3665765372909965; 0.7826114316728665
102; 5932846.358939506; 566592.8722316076; 5932846.94354351; 566592.4262260512; 0.5846040034666657; -0.4460055563831702; -0.6517181870860967; 0.5158165946685875; 0.7353113607132115
103; 5932846.94354351; 566592.4262260512; 5932847.57601272; 566591.8254611602; 0.6324692107737064; -0.600764891016297; -0.7596955511714729; 0.10797736408537617; 0.8723163169713944
104; 5932847.57601272; 566591.8254611602; 5932848.296771127; 566591.3766799589; 0.720758406445384; -0.44878120126668364; -0.5569086219100134; -0.20278692926145947; 0.8490566807181114
105; 5932848.296771127; 566591.3766799589; 5932848.989206478; 566591.2752418007; 0.6924353512004018; -0.10143815819174051; -0.14546010053262645; -0.41144852137738697; 0.699825989464064
106; 5932848.989206478; 566591.2752418007; 5932849.281667738; 566592.0636354926; 0.29246126022189856; 0.7883936918806285; 1.2155736791699576; -1.361033779702584; 0.8408913140993599
107; 5932849.281667738; 566592.0636354926; 5932849.557963349; 566592.5844960985; 0.2762956107035279; 0.5208606058731675; 1.0830788524046118; 0.13249482676534585; 0.5896058304024805
108; 5932849.557963349; 566592.5844960985; 5932848.998449347; 566593.0835285182; -0.559514001943171; 0.4990324197569862; 2.4132688839431853; -1.3301900315385735; 0.7497261328905214
109; 5932848.998449347; 566593.0835285182; 5932848.613526223; 566593.429381361; -0.38492312375456095; 0.3458528427872807; 2.409607738810623; 0.0036611451325621047; 0.5174746371224512
110; 5932848.613526223; 566593.429381361; 5932847.670691555; 566593.9466797053; -0.9428346678614616; 0.517298344289884; 2.6397766344711853; -0.2301688956605621; 1.0754230739232296
111; 5932847.670691555; 566593.9466797053; 5932847.758386381; 566594.6053160504; 0.08769482560455799; 0.6586363450624049; 1.4384288141927668; 1.2013478202784185; 0.6644488072643198
112; 5932847.758386381; 566594.6053160504; 5932847.908594127; 566595.3009007361; 0.15020774584263563; 0.69558468577452; 1.3581174921466919; 0.08031132204607494; 0.7116181714902757
113; 5932847.908594127; 566595.3009007361; 5932848.10434628; 566595.8764094381; 0.19575215317308903; 0.5755087019642815; 1.242934476467132; 0.11518301567955991; 0.6078891111942315
114; 5932848.10434628; 566595.8764094381; 5932848.4831069885; 566596.4892714019; 0.37876070849597454; 0.6128619638038799; 1.0172323764906903; 0.22570209997644164; 0.7204578134616356
115; 5932848.4831069885; 566596.4892714019; 5932848.832683016; 566597.0257455878; 0.34957602713257074; 0.5364741858793423; 0.9932847862818315; 0.023947590208858838; 0.6403186322923103
116; 5932848.832683016; 566597.0257455878; 5932849.47172741; 566597.5728234357; 0.6390443947166204; 0.5470778478775173; 0.7080175088720689; 0.28526727740976254; 0.8412323757779582
117; 5932849.47172741; 566597.5728234357; 5932850.230058115; 566597.9244554699; 0.7583307046443224; 0.3516320342896506; 0.43418184254372444; 0.2738356663283445; 0.8358890746654323
118; 5932850.230058115; 566597.9244554699; 5932850.805770422; 566598.4294589581; 0.575712307356298; 0.5050034881569445; 0.7200635201358838; -0.2858816775921594; 0.7658153719351641
119; 5932850.805770422; 566598.4294589581; 5932851.50490387; 566598.7803075982; 0.6991334473714232; 0.350848640082404; 0.4651133960835799; 0.25495012405230394; 0.7822290875959056
120; 5932851.50490387; 566598.7803075982; 5932852.49602921; 566599.104585526; 0.9911253405734897; 0.3242779278662056; 0.3162037718466086; 0.1489096242369713; 1.0428257837376844
121; 5932852.49602921; 566599.104585526; 5932853.171286798; 566599.4354573818; 0.6752575878053904; 0.3308718557236716; 0.4556104437770615; -0.13940667193045292; 0.7519634265034308
122; 5932853.171286798; 566599.4354573818; 5932853.550985293; 566599.9015157968; 0.3796984953805804; 0.4660584150115028; 0.8871551127285432; -0.4315446689514817; 0.6011500591344151
123; 5932853.550985293; 566599.9015157968; 5932854.046058823; 566600.4524879055; 0.49507352989166975; 0.5509721087291837; 0.8387853765431704; 0.04836973618537277; 0.740721313718514
124; 5932854.046058823; 566600.4524879055; 5932854.259995793; 566600.981974553; 0.2139369696378708; 0.5294866474578157; 1.186806879750984; -0.34802150320781366; 0.5710736702159822
125; 5932854.259995793; 566600.981974553; 5932854.468632465; 566601.742649545; 0.20863667223602533; 0.7606749919941649; 1.3031011634146856; -0.11629428366370154; 0.7887684732841731
126; 5932854.468632465; 566601.742649545; 5932854.719054881; 566602.3230038795; 0.25042241532355547; 0.5803543345537037; 1.1634337255817528; 0.13966743783293278; 0.6320779538409448
127; 5932854.719054881; 566602.3230038795; 5932855.0387452645; 566603.0507025667; 0.31969038397073746; 0.7276986872311682; 1.1568618380302937; 0.006571887551459099; 0.7948253399340783
128; 5932855.0387452645; 566603.0507025667; 5932855.474411389; 566603.6827733685; 0.4356661243364215; 0.6320708018029109; 0.9673094765359367; 0.18955236149435706; 0.7676708086061974
129; 5932855.474411389; 566603.6827733685; 5932855.700722679; 566604.4892921699; 0.2263112897053361; 0.806518801371567; 1.2972289007356572; -0.32991942419972053; 0.8376690138795404
130; 5932855.700722679; 566604.4892921699; 5932855.656140173; 566605.1108636039; -0.04458250571042299; 0.6215714339632541; 1.6423991807660248; -0.34517028003036754; 0.6231682335730504
131; 5932855.656140173; 566605.1108636039; 5932855.418058379; 566605.9697002295; -0.23808179423213005; 0.8588366255862638; 1.8412199873931434; -0.19882080662711865; 0.8912257234804158
132; 5932855.418058379; 566605.9697002295; 5932855.049643318; 566606.8208515275; -0.3684150604531169; 0.8511512980330735; 1.9792914434695756; -0.13807145607643223; 0.9274633086608115
133; 5932855.049643318; 566606.8208515275; 5932854.912269301; 566607.5041432016; -0.13737401738762856; 0.6832916741259396; 1.7691988029008472; 0.21009264056872845; 0.6969642261859971
134; 5932854.912269301; 566607.5041432016; 5932854.646756723; 566608.0701363938; -0.265512578189373; 0.565993192140013; 2.009427286995113; -0.2402284840942659; 0.6251761533564837
135; 5932854.646756723; 566608.0701363938; 5932854.163149124; 566608.6302151564; -0.48360759858042; 0.5600787625880912; 2.2830549340495123; -0.27362764705439924; 0.739976033197649
136; 5932854.163149124; 566608.6302151564; 5932853.714086507; 566609.2997941766; -0.44906261656433344; 0.6695790202356875; 2.161561286445306; 0.12149364760420633; 0.8062216183751145
137; 5932853.714086507; 566609.2997941766; 5932853.3963924665; 566609.7149386571; -0.3176940409466624; 0.41514448053203523; 2.2239933897598094; -0.06243210331450344; 0.5227565813734276
138; 5932853.3963924665; 566609.7149386571; 5932852.983519793; 566610.3872357041; -0.4128726739436388; 0.6722970469854772; 2.1215352788206157; 0.10245811093919377; 0.7889532079120809
139; 5932852.983519793; 566610.3872357041; 5932852.6479186835; 566611.2739977507; -0.3356011090800166; 0.8867620466044173; 1.9325941494595023; 0.1889411293611134; 0.9481429384400814
140; 5932852.6479186835; 566611.2739977507; 5932852.682035283; 566612.1531630437; 0.03411659970879555; 0.8791652929503471; 1.5320101164331728; 0.4005840330263295; 0.8798270027136925
141; 5932852.682035283; 566612.1531630437; 5932852.718030166; 566613.0250473461; 0.03599488269537687; 0.8718843024689704; 1.5295357444550954; 0.0024743719780773166; 0.8726269927477931
142; 5932852.718030166; 566613.0250473461; 5932852.769282296; 566613.9526296419; 0.051252130419015884; 0.9275822957279161; 1.5155989935284881; 0.013936750926607289; 0.9289971454317602
143; 5932852.769282296; 566613.9526296419; 5932852.444712277; 566614.5992753177; -0.32457001972943544; 0.6466456758789718; 2.035985700527502; -0.5203867069990138; 0.72353046089307
144; 5932852.444712277; 566614.5992753177; 5932852.157135111; 566615.4116737881; -0.2875771652907133; 0.8123984703561291; 1.9110171572432675; 0.12496854328423446; 0.8617957418284338
145; 5932852.157135111; 566615.4116737881; 5932851.4361691605; 566616.1557978772; -0.7209659507498145; 0.7441240891348571; 2.3403891749148795; -0.42937201767161204; 1.0361045131507558
146; 5932851.4361691605; 566616.1557978772; 5932851.0977677675; 566616.9581059471; -0.3384013930335641; 0.8023080698912963; 1.96994056885039; 0.3704486060644896; 0.8707546966969251
147; 5932851.0977677675; 566616.9581059471; 5932850.994901542; 566617.6814044138; -0.1028662258759141; 0.7232984666479751; 1.712067188413366; 0.2578733804370239; 0.7305765752344285
148; 5932850.994901542; 566617.6814044138; 5932850.581871327; 566618.5439217141; -0.4130302146077156; 0.8625173002947122; 2.017394247601157; -0.3053270591877908; 0.9563106459130184
149; 5932850.581871327; 566618.5439217141; 5932850.097593919; 566619.2617822306; -0.4842774076387286; 0.7178605165099725; 2.164279478459841; -0.14688523085868432; 0.8659378318986022
150; 5932850.097593919; 566619.2617822306; 5932849.795809319; 566619.9656286405; -0.30178460013121367; 0.7038464099168777; 1.9758515091063589; 0.18842796935348227; 0.7658157177998073
151; 5932849.795809319; 566619.9656286405; 5932848.946551055; 566620.4351971457; -0.8492582645267248; 0.4695685051847249; 2.6365134076824077; -0.6606618985760488; 0.9704298949065623
152; 5932848.946551055; 566620.4351971457; 5932848.178722641; 566620.2886267635; -0.767828413285315; -0.14657038217410445; -2.9529723390877662; 5.589485746770174; 0.781692618091605
153; 5932848.178722641; 566620.2886267635; 5932847.531962719; 566620.0253417004; -0.6467599226161838; -0.2632850630907342; -2.754995070419731; -0.19797726866803522; 0.6982960847299545
154; 5932847.531962719; 566620.0253417004; 5932846.576989403; 566619.6140678399; -0.9549733158200979; -0.41127386048901826; -2.734933256882911; -0.02006181353682024; 1.0397693120351135
155; 5932846.576989403; 566619.6140678399; 5932845.574485769; 566619.2244597527; -1.002503634430468; -0.38960808725096285; -2.770921844240862; 0.035988587357951296; 1.0755500912080531
156; 5932845.574485769; 566619.2244597527; 5932844.858852629; 566618.5902543113; -0.7156331399455667; -0.6342054413398728; -2.416445503426977; -0.3544763408138851; 0.9562151080240543
157; 5932844.858852629; 566618.5902543113; 5932844.423799627; 566618.2441699366; -0.43505300115793943; -0.34608437470160425; -2.4696020483563244; 0.053156544929347405; 0.5559186165520368
158; 5932844.423799627; 566618.2441699366; 5932843.689215518; 566617.6896845571; -0.7345841098576784; -0.5544853794854134; -2.495008149975607; 0.025406101619282584; 0.9203628906678499
159; 5932843.689215518; 566617.6896845571; 5932842.811216772; 566617.2356140369; -0.8779987460002303; -0.4540705202380195; -2.6643072625963; 0.16929911262069286; 0.9884643824272085
160; 5932842.811216772; 566617.2356140369; 5932842.162830455; 566616.9742425977; -0.6483863163739443; -0.2613714392064139; -2.7584075484042088; 0.09410028580790897; 0.6990850051987989
161; 5932842.162830455; 566616.9742425977; 5932841.758110371; 566616.2397283276; -0.40472008381038904; -0.7345142700942233; -2.0744098095506653; -0.6839977388535434; 0.8386355341932143
162; 5932841.758110371; 566616.2397283276; 5932841.722889352; 566615.6023289782; -0.03522101975977421; -0.6373993493616581; -1.6259975717074673; -0.44841223784319806; 0.6383717183581863
163; 5932841.722889352; 566615.6023289782; 5932842.24335818; 566615.2522229002; 0.5204688282683492; -0.3501060780836269; -0.5921503072105224; -1.033847264496945; 0.6272655475236361
164; 5932842.24335818; 566615.2522229002; 5932842.784669787; 566614.7063210818; 0.5413116067647934; -0.5459018183173612; -0.7896201350665464; 0.19746982785602396; 0.7687828372567143
165; 5932842.784669787; 566614.7063210818; 5932843.6399066625; 566614.983039305; 0.8552368758246303; 0.27671822311822325; 0.31292656730844653; -1.1025467023749929; 0.8988899202772166
166; 5932843.6399066625; 566614.983039305; 5932844.2314909175; 566615.4081058096; 0.5915842549875379; 0.4250665046274662; 0.6230492033897178; -0.3101226360812713; 0.728459651666015
167; 5932844.2314909175; 566615.4081058096; 5932844.790670723; 566615.8950616813; 0.5591798052191734; 0.48695587168913335; 0.7164687559591552; -0.09341955256943735; 0.741490441973109
168; 5932844.790670723; 566615.8950616813; 5932845.295181307; 566616.3705446235; 0.5045105842873454; 0.4754829421872273; 0.7557865827434002; -0.039317826784245; 0.6932639886572652
169; 5932845.295181307; 566616.3705446235; 5932845.565763967; 566617.0674611912; 0.2705826601013541; 0.6969165677437559; 1.2004541289122437; -0.4446675461688435; 0.7476012830000107
170; 5932845.565763967; 566617.0674611912; 5932845.388521013; 566618.0259681944; -0.17724295426160097; 0.9585070031462237; 1.7536465419664726; -0.553192413054229; 0.9747567593588335
171; 5932845.388521013; 566618.0259681944; 5932845.0436132355; 566618.5462048516; -0.34490777738392353; 0.5202366572339088; 2.1562439849588464; -0.40259744299237377; 0.6241855128323868
172; 5932845.0436132355; 566618.5462048516; 5932844.168451692; 566618.3614774527; -0.8751615434885025; -0.18472739891149104; -2.9335681600016135; 5.08981214496046; 0.8944450453268682
173; 5932844.168451692; 566618.3614774527; 5932843.338233337; 566618.1266407821; -0.8302183551713824; -0.2348366705700755; -2.8659326132914846; -0.06763554671012884; 0.8627924310678171
174; 5932843.338233337; 566618.1266407821; 5932842.531642079; 566617.4482300906; -0.8065912574529648; -0.6784106915583834; -2.4422978394251063; -0.4236347738663784; 1.0539594503681244
175; 5932842.531642079; 566617.4482300906; 5932841.916409745; 566617.0513960106; -0.615232334472239; -0.39683407999109477; -2.5687298178097473; 0.12643197838464104; 0.7321120900671834
176; 5932841.916409745; 566617.0513960106; 5932841.531058015; 566616.6420618778; -0.3853517295792699; -0.40933413279708475; -2.3260251770706435; -0.2427046407391038; 0.562183589019171
177; 5932841.531058015; 566616.6420618778; 5932841.073494623; 566616.060437769; -0.4575633918866515; -0.5816241087159142; -2.2373744234047606; -0.08865075366588293; 0.7400343650361103
178; 5932841.073494623; 566616.060437769; 5932841.158298515; 566615.4599013987; 0.08480389136821032; -0.6005363703006878; -1.4305103321243346; -0.8068640912804259; 0.6064945441181776
179; 5932841.158298515; 566615.4599013987; 5932841.676491413; 566615.0142311675; 0.5181928984820843; -0.4456702312454581; -0.7102980062440828; -0.7202123258802519; 0.6834806764317801
180; 5932841.676491413; 566615.0142311675; 5932842.404958463; 566614.7862743505; 0.7284670500084758; -0.2279568170197308; -0.3032735922644096; -0.4070244139796732; 0.7633010895929719
181; 5932842.404958463; 566614.7862743505; 5932842.997140829; 566614.7107327334; 0.5921823661774397; -0.07554161711595953; -0.12687952053007387; -0.17639407173433572; 0.5969811477157427
182; 5932842.997140829; 566614.7107327334; 5932843.7789745815; 566615.1205821226; 0.7818337520584464; 0.4098493892233819; 0.4828318283976291; -0.609711348927703; 0.8827460210641379
183; 5932843.7789745815; 566615.1205821226; 5932844.530298235; 566615.4486720758; 0.7513236533850431; 0.328089953167364; 0.4117241409158853; 0.07110768748174384; 0.8198355014911294
184; 5932844.530298235; 566615.4486720758; 5932845.0180582395; 566615.875072224; 0.4877600045874715; 0.4264001481933519; 0.7183771318693379; -0.30665299095345266; 0.6478633408786785
185; 5932845.0180582395; 566615.875072224; 5932845.069770896; 566616.4125251906; 0.051712656393647194; 0.5374529666732997; 1.4748736013105246; -0.7564964694411866; 0.5399350796320039
186; 5932845.069770896; 566616.4125251906; 5932845.410440757; 566617.0480334895; 0.34066986106336117; 0.6355082988739014; 1.0787194442272106; 0.39615415708331403; 0.7210594650751974
187; 5932845.410440757; 566617.0480334895; 5932845.439121432; 566617.5945166838; 0.028680674731731415; 0.5464831943390891; 1.518362169819741; -0.43964272559253037; 0.5472352901614825
188; 5932845.439121432; 566617.5945166838; 5932845.32164979; 566618.3663612799; -0.11747164186090231; 0.771844596019946; 1.721833233571362; -0.20347106375162105; 0.780732775696454
189; 5932845.32164979; 566618.3663612799; 5932845.45483215; 566619.0663445791; 0.13318235985934734; 0.6999832992441952; 1.3827785742948493; 0.3390546592765127; 0.7125406375768987
190; 5932845.45483215; 566619.0663445791; 5932845.983166654; 566619.4509086369; 0.528334503993392; 0.3845640578074381; 0.6291932854616696; 0.7535852888331797; 0.6534729242036476
191; 5932845.983166654; 566619.4509086369; 5932846.777521314; 566619.747686726; 0.794354660436511; 0.2967780891340226; 0.35755064893779204; 0.2716426365238776; 0.8479838210409717
192; 5932846.777521314; 566619.747686726; 5932847.716158501; 566619.9067945136; 0.9386371867731214; 0.15910778753459454; 0.16791325842963287; 0.18963739050815917; 0.9520268149834401
193; 5932847.716158501; 566619.9067945136; 5932848.51858509; 566620.1797228053; 0.8024265887215734; 0.27292829169891775; 0.32785384298671066; -0.1599405845570778; 0.8475719926336821
194; 5932848.51858509; 566620.1797228053; 5932849.16889269; 566620.4686749184; 0.6503076003864408; 0.28895211312919855; 0.41812996186455575; -0.09027611887784509; 0.7116131665464038
195; 5932849.16889269; 566620.4686749184; 5932849.813127038; 566620.9647501003; 0.6442343480885029; 0.4960751818725839; 0.6561930754935648; -0.238063113629009; 0.8130980760811918
196; 5932849.813127038; 566620.9647501003; 5932850.560676397; 566621.2214360595; 0.7475493587553501; 0.2566859591752291; 0.33075611746518; 0.32543695802838474; 0.7903908687562392
197; 5932850.560676397; 566621.2214360595; 5932851.293036872; 566620.8161838418; 0.7323604747653008; -0.40525221766438335; -0.5054121229557431; 0.8361682404209232; 0.8370073027879491
198; 5932851.293036872; 566620.8161838418; 5932851.865108728; 566620.4137787878; 0.5720718568190932; -0.4024050539592281; -0.6130155555092082; 0.10760343255346505; 0.6994255048369157
199; 5932851.865108728; 566620.4137787878; 5932852.529829583; 566619.7510632803; 0.6647208547219634; -0.6627155075548217; -0.783887472792155; 0.17087191728294682; 0.9386403244352666
200; 5932852.529829583; 566619.7510632803; 5932853.3361064885; 566619.347092085; 0.8062769053503871; -0.40397119522094727; -0.46447352720559804; -0.31941394558655695; 0.9018177058971717
201; 5932853.3361064885; 566619.347092085; 5932854.1387892915; 566618.828284054; 0.8026828030124307; -0.5188080311054364; -0.573799763359726; 0.10932623615412801; 0.9557517749873091
202; 5932854.1387892915; 566618.828284054; 5932854.609206513; 566618.643697924; 0.4704172210767865; -0.18458612996619195; -0.37392723922974297; -0.19987252412998308; 0.5053359291219082
203; 5932854.609206513; 566618.643697924; 5932855.083518292; 566618.2618903713; 0.4743117792531848; -0.38180755265057087; -0.6777651145941669; 0.3038378753644239; 0.6088913459717918
204; 5932855.083518292; 566618.2618903713; 5932855.232160205; 566617.4016957857; 0.14864191319793463; -0.8601945856353268; -1.3996857558483389; 0.721920641254172; 0.8729428065546299
205; 5932855.232160205; 566617.4016957857; 5932855.18876825; 566616.4803212791; -0.04339195508509874; -0.9213745065499097; -1.617856363104954; 0.2181706072566152; 0.9223957085146248
206; 5932855.18876825; 566616.4803212791; 5932855.512750402; 566615.6374521577; 0.3239821521565318; -0.8428691214649007; -1.2038274374269013; -0.4140289256780527; 0.9029910247809729
207; 5932855.512750402; 566615.6374521577; 5932855.033376854; 566614.932238039; -0.4793735481798649; -0.7052141187014058; -2.1678061360553924; 0.9639786986284911; 0.852716806396094
208; 5932855.033376854; 566614.932238039; 5932854.328596367; 566614.9833961861; -0.7047804873436689; 0.05115814716555178; 3.0691323888492907; -5.236938524904684; 0.7066347651805647
209; 5932854.328596367; 566614.9833961861; 5932854.044637362; 566615.5013071673; -0.2839590050280094; 0.5179109812015668; 2.072316218604374; 0.9968161702449168; 0.590647526859858
210; 5932854.044637362; 566615.5013071673; 5932853.688614266; 566616.1280534067; -0.3560230955481529; 0.6267462393734604; 2.0873916838014512; -0.015075465197077254; 0.7208073897598888
211; 5932853.688614266; 566616.1280534067; 5932853.283655577; 566616.8227039388; -0.4049586886540055; 0.694650532095693; 2.0985977833185654; -0.011206099517114154; 0.8040714528306557
212; 5932853.283655577; 566616.8227039388; 5932852.837731551; 566617.4781700122; -0.4459240259602666; 0.6554660734254867; 2.168189003699535; -0.06959122038096943; 0.7927698344036799
213; 5932852.837731551; 566617.4781700122; 5932852.3770518685; 566618.0599653546; -0.46067968290299177; 0.5817953423829749; 2.2405321594312095; -0.07234315573167471; 0.742099447957027
214; 5932852.3770518685; 566618.0599653546; 5932852.446817708; 566618.6404299077; 0.0697658397257328; 0.5804645530879498; 1.4511804331505302; 0.7893517262806793; 0.5846420869080756
215; 5932852.446817708; 566618.6404299077; 5932853.188289739; 566619.4889722599; 0.7414720309898257; 0.848542352207005; 0.8526358701514557; 0.5985445629990745; 1.12685620033311
216; 5932853.188289739; 566619.4889722599; 5932853.577388275; 566620.1754156069; 0.38909853622317314; 0.6864433470182121; 1.055121650766263; -0.20248578061480738; 0.7890514175619873
217; 5932853.577388275; 566620.1754156069; 5932853.33246699; 566620.9459687291; -0.24492128565907478; 0.7705531221581623; 1.8785489157574704; -0.8234272649912073; 0.8085410009619709
218; 5932853.33246699; 566620.9459687291; 5932852.768033086; 566621.414756687; -0.5644339034333825; 0.4687879579141736; 2.448501998009823; -0.5699530822523526; 0.733721868851124
219; 5932852.768033086; 566621.414756687; 5932852.345535876; 566622.0517554891; -0.4224972100928426; 0.6369988020742312; 2.1564382687167947; 0.2920637292930284; 0.7643764559300876
220; 5932852.345535876; 566622.0517554891; 5932851.891590748; 566622.2736669513; -0.45394512824714184; 0.2219114622566849; 2.6869040793887384; -0.5304658106719438; 0.5052829668019833
221; 5932851.891590748; 566622.2736669513; 5932851.272199932; 566621.6923767067; -0.6193908164277673; -0.5812902445904911; -2.387916312368769; 5.074820391757507; 0.8494370676696003
222; 5932851.272199932; 566621.6923767067; 5932850.821375342; 566621.4979473818; -0.45082458946853876; -0.194429324939847; -2.73441914646126; 0.34650283409249116; 0.4909639221633715
223; 5932850.821375342; 566621.4979473818; 5932850.306723944; 566620.9773347017; -0.5146513981744647; -0.5206126801203936; -2.3504363303316174; -0.3839828161296426; 0.7320543861934513
224; 5932850.306723944; 566620.9773347017; 5932849.691877318; 566620.4341691231; -0.6148466262966394; -0.5431655786233023; -2.4180156918693947; 0.06757936153777733; 0.8204055214767549
225; 5932849.691877318; 566620.4341691231; 5932848.940618059; 566620.4052820178; -0.7512592589482665; -0.02888710529077798; -3.1031600075972743; 0.6851443157278796; 0.7518144312312575
226; 5932848.940618059; 566620.4052820178; 5932848.113012346; 566620.4161867003; -0.8276057122275233; 0.010904682567343116; 3.1284172351367148; -6.231577242733989; 0.8276775501446929
227; 5932848.113012346; 566620.4161867003; 5932847.3778263405; 566620.0355658459; -0.7351860059425235; -0.3806208544410765; -2.6638693651895675; 5.792286600326282; 0.8278711845264186
228; 5932847.3778263405; 566620.0355658459; 5932846.938078589; 566619.3650502845; -0.43974775169044733; -0.6705155613599345; -2.1512627362092664; -0.5126066289803011; 0.8018536045579837
229; 5932846.938078589; 566619.3650502845; 5932846.202230021; 566618.9130115508; -0.7358485674485564; -0.45203873375430703; -2.5907178813822305; 0.439455145172964; 0.8636041518139488
230; 5932846.202230021; 566618.9130115508; 5932845.598782194; 566618.4625588501; -0.6034478275105357; -0.4504527007229626; -2.5003577669561943; -0.0903601144260362; 0.7530318161378019
231; 5932845.598782194; 566618.4625588501; 5932844.988698897; 566617.8661368039; -0.6100832968950272; -0.5964220461901277; -2.3675169986180884; -0.13284076833810587; 0.8531827977238668
232; 5932844.988698897; 566617.8661368039; 5932844.15671126; 566617.2547571725; -0.8319876370951533; -0.6113796313293278; -2.5078633205312424; 0.140346321913154; 1.032467181988639
233; 5932844.15671126; 566617.2547571725; 5932843.456655192; 566616.4192473717; -0.7000560676679015; -0.8355098008178174; -2.2682112668851127; -0.23965205364612974; 1.0900252864687472
234; 5932843.456655192; 566616.4192473717; 5932843.509775039; 566615.7729431074; 0.05311984661966562; -0.646304264315404; -1.4887904977820983; -0.7794207691030144; 0.6484835542842797
235; 5932843.509775039; 566615.7729431074; 5932843.494279774; 566614.8570687444; -0.015495264902710915; -0.9158743630396202; -1.58771326141057; 0.09892276362847174; 0.916005432357055
236; 5932843.494279774; 566614.8570687444; 5932843.631534804; 566613.8715078675; 0.13725502975285053; -0.9855608768993989; -1.4324204388069666; -0.15529282260360344; 0.9950724522702696
237; 5932843.631534804; 566613.8715078675; 5932843.110772625; 566613.3042914886; -0.5207621790468693; -0.5672163788694888; -2.3135226928624077; 0.8811022540554412; 0.7700179657536952
238; 5932843.110772625; 566613.3042914886; 5932842.29115577; 566613.0928508724; -0.8196168541908264; -0.21144061617087573; -2.8891223542631517; 0.5755996614007439; 0.8464507793371012
239; 5932842.29115577; 566613.0928508724; 5932841.784027638; 566613.5960268553; -0.507128132507205; 0.5031759828561917; 2.360106311822918; -5.24922866608607; 0.7143983570134661
240; 5932841.784027638; 566613.5960268553; 5932841.19669209; 566614.2579625961; -0.587335548363626; 0.6619357408490032; 2.2965503515213337; 0.0635559603015845; 0.8849417898285288
241; 5932841.19669209; 566614.2579625961; 5932841.149142263; 566614.8876831712; -0.047549826093018055; 0.6297205750597641; 1.6461627110859514; 0.6503876404353823; 0.6315132529211689
242; 5932841.149142263; 566614.8876831712; 5932840.964876899; 566615.7460668305; -0.18426536489278078; 0.858383659273386; 1.7822527522788976; -0.1360900411929462; 0.877938626104717
243; 5932840.964876899; 566615.7460668305; 5932841.464695434; 566616.6293330579; 0.4998185355216265; 0.8832662274362519; 1.0558465437115534; 0.7264062085673442; 1.0148782178076599
244; 5932841.464695434; 566616.6293330579; 5932841.994876688; 566616.7668486233; 0.530181254260242; 0.13751556538045406; 0.2537821953131806; 0.8020643483983728; 0.547725015944013
245; 5932841.994876688; 566616.7668486233; 5932842.830650428; 566617.1655044587; 0.8357737399637699; 0.39865583542268723; 0.445070861312103; -0.1912886659989224; 0.9259828397597808
246; 5932842.830650428; 566617.1655044587; 5932843.391115554; 566617.6744501763; 0.5604651253670454; 0.5089457175927237; 0.7372598760899015; -0.2921890147777985; 0.7570646605202692
247; 5932843.391115554; 566617.6744501763; 5932844.3523228625; 566617.9133612368; 0.961207308806479; 0.2389110604999587; 0.2436164160291957; 0.4936434600607058; 0.9904534241104973
248; 5932844.3523228625; 566617.9133612368; 5932844.884393651; 566618.3486390848; 0.5320707885548472; 0.4352778480388224; 0.6856700685354309; -0.4420536525062352; 0.6874344543494203
249; 5932844.884393651; 566618.3486390848; 5932845.475352549; 566618.6660570693; 0.5909588979557157; 0.31741798447910696; 0.49290359858260197; 0.19276646995282892; 0.6708104023819342
