0; 5932805.765158518; 566531.189037587; 5932805.687905698; 566530.8611092184; -0.0772528201341629; -0.3279283685842529; -1.8021562875839394; 0.0; 0.33690505063149606
1; 5932807.179865741; 566531.3241297535; 5932807.102612673; 566530.9962012718; -0.07725306786596775; -0.3279284817399457; -1.8021569262927708; 6.387088313797307e-07; 0.3369052175775402
2; 5932808.748587955; 566531.4739290046; 5932808.671334612; 566531.1460003974; -0.07725334260612726; -0.32792860723566264; -1.8021576346321486; 7.083393778195557e-07; 0.33690540272803754
3; 5932809.909449742; 566531.5847811523; 5932809.832196197; 566531.2568524523; -0.07725354563444853; -0.32792870001867414; -1.8021581580526291; 5.234204805137921e-07; 0.33690553959386216
4; 5932811.393984723; 566531.726541259; 5932811.316730917; 566531.3986124402; -0.07725380547344685; -0.3279288187623024; -1.802158827935274; 6.698826449103024e-07; 0.33690571475557984
5; 5932812.9140794035; 566531.8716970059; 5932812.836825331; 566531.5437680655; -0.07725407276302576; -0.3279289404163137; -1.8021595173618299; 6.894265558443635e-07; 0.3369058944587362
6; 5932814.3371789185; 566532.0075905629; 5932814.259924596; 566531.6796615088; -0.07725432235747576; -0.32792905415408313; -1.8021601610526519; 6.436908219775717e-07; 0.33690606239915655
7; 5932815.726385976; 566532.1402476866; 5932815.649131411; 566531.8123185214; -0.07725456543266773; -0.32792916521430016; -1.8021607877304715; 6.266778196373224e-07; 0.336906226238605
8; 5932817.537080518; 566532.3131531788; 5932817.459825636; 566531.9852238687; -0.0772548820823431; -0.3279293100349605; -1.8021616039931074; 8.162626359276004e-07; 0.33690643981016744
9; 5932818.700787029; 566532.4242769727; 5932818.623531942; 566532.0963475695; -0.07725508697330952; -0.32792940316721797; -1.8021621325540118; 5.285609043781392e-07; 0.3369065774437498
10; 5932820.004157267; 566532.5487374308; 5932819.926901951; 566532.2208079235; -0.0772553151473403; -0.327929507358931; -1.8021627208540025; 5.882999907225184e-07; 0.33690673118117725
11; 5932821.309429731; 566532.6733795351; 5932821.232174188; 566532.3454499233; -0.07725554332137108; -0.3279296117834747; -1.8021633089949853; 5.881409828045747e-07; 0.33690688514534795
12; 5932821.993808215; 566532.7387316945; 5932821.916552551; 566532.410802028; -0.0772556634619832; -0.32792966649867594; -1.8021636188510812; 3.098560958925134e-07; 0.3369069659518545
13; 5932822.145550254; 566532.7532217321; 5932822.068294564; 566532.4252920535; -0.0772556895390153; -0.3279296786058694; -1.8021636859494055; 6.70983242301304e-08; 0.3369069837161253
14; 5932821.874857065; 566532.7273729001; 5932821.797601422; 566532.3994432432; -0.07725564297288656; -0.32792965695261955; -1.802163566153603; -1.1979580238907772e-07; 0.33690695196183895
15; 5932824.09350992; 566532.939234843; 5932824.016253889; 566532.6113050086; -0.07725603133440018; -0.32792983436957; -1.8021645674082893; 1.0012546862725458e-06; 0.3369072137060818
16; 5932824.075026794; 566532.9374698661; 5932823.997770766; 566532.6095400333; -0.07725602854043245; -0.32792983285617083; -1.8021645603663456; -7.041943694829911e-09; 0.3369072115923259
17; 5932823.476286163; 566532.8802953726; 5932823.399030239; 566532.5523655876; -0.07725592330098152; -0.32792978500947356; -1.8021642888865224; -2.714798232883453e-07; 0.3369071408881781
18; 5932823.207762424; 566532.8546537041; 5932823.130506548; 566532.5267239405; -0.07725587580353022; -0.32792976358905435; -1.80216416624169; -1.2264483228996426e-07; 0.33690710914693317
19; 5932822.575249887; 566532.7942542889; 5932822.497994122; 566532.466324576; -0.07725576497614384; -0.32792971294838935; -1.802163880519327; -2.857223631025363e-07; 0.3369070344419395
20; 5932821.75833881; 566532.7162464259; 5932821.681083187; 566532.3883167782; -0.07725562248378992; -0.3279296476393938; -1.8021635132976495; -3.6722167751079837e-07; 0.33690693819845097
21; 5932821.293921765; 566532.6718986599; 5932821.216666224; 566532.3439690494; -0.07725554052740335; -0.32792961050290614; -1.802163301794556; -2.115030934835005e-07; 0.33690688325822166
22; 5932820.67765501; 566532.6130505748; 5932820.600399577; 566532.2851210135; -0.0772554324939847; -0.327929561259225; -1.8021630231930068; -2.78601549164037e-07; 0.3369068105537501
23; 5932820.327605789; 566532.5796239357; 5932820.250350417; 566532.2516944024; -0.07725537195801735; -0.3279295333195478; -1.8021628673156742; -1.5587733259714298e-07; 0.33690676947717746
24; 5932820.116626168; 566532.5594772273; 5932820.039370834; 566532.2315477108; -0.07725533377379179; -0.3279295164393261; -1.8021627684871422; -9.882853202469732e-08; 0.3369067442908055
25; 5932819.323719433; 566532.4837615689; 5932819.246464237; 566532.1558321159; -0.07725519593805075; -0.3279294529929757; -1.8021624134504455; -3.55036696708666e-07; 0.3369066509282636
26; 5932819.139965152; 566532.4662146423; 5932819.062709989; 566532.1382852041; -0.07725516334176064; -0.32792943820822984; -1.8021623293396665; -8.411077900838393e-08; 0.33690662906290125
27; 5932818.002806181; 566532.3576259062; 5932817.925551217; 566532.029696559; -0.07725496403872967; -0.3279293472878635; -1.802161815417521; -5.139221455063847e-07; 0.3369064948635891
28; 5932817.438175257; 566532.3037085915; 5932817.360920392; 566531.9757792893; -0.07725486531853676; -0.32792930223513395; -1.8021615608696502; -2.5454787078160734e-07; 0.33690642837412155
29; 5932817.410577786; 566532.3010732743; 5932817.3333229255; 566531.9731439743; -0.07725486066192389; -0.32792930002324283; -1.8021615489217253; -1.1947924871691384e-08; 0.33690642515337593
30; 5932817.010844697; 566532.2629022604; 5932816.933589906; 566531.9349729925; -0.07725479081273079; -0.327929267892614; -1.8021613689897082; -1.7993201706367756e-07; 0.3369063778620176
31; 5932816.492094687; 566532.2133661716; 5932816.414839988; 566531.8854369451; -0.07725469954311848; -0.32792922644875944; -1.802161133510813; -2.3547889527186783e-07; 0.3369063165937665
32; 5932815.465653186; 566532.1153499857; 5932815.388398666; 566531.7874208412; -0.07725451979786158; -0.32792914449237287; -1.8021606699909287; -4.6351988425286095e-07; 0.3369061956045002
33; 5932815.3025473775; 566532.0997748075; 5932815.225292887; 566531.7718456761; -0.07725449092686176; -0.3279291313374415; -1.8021605955333593; -7.445756944335358e-08; 0.33690617617980456
34; 5932815.0231272; 566532.0730926244; 5932814.9458727585; 566531.7451635154; -0.07725444156676531; -0.3279291089856997; -1.8021604681403436; -1.2739301569197892e-07; 0.3369061431050904
35; 5932813.355266691; 566531.9138265332; 5932813.278012542; 566531.5858975576; -0.07725414913147688; -0.3279289756901562; -1.8021597139898151; -7.541505284702765e-07; 0.33690594630434106
36; 5932813.210454482; 566531.8999982338; 5932813.133200358; 566531.5720692697; -0.07725412398576736; -0.32792896404862404; -1.80215964926482; -6.472499514131869e-08; 0.33690592920697027
37; 5932813.031909921; 566531.8829487899; 5932812.954655828; 566531.55501984; -0.0772540932521224; -0.3279289498459548; -1.8021595701388762; -7.912594379710924e-08; 0.33690590833536643
38; 5932812.481511134; 566531.8303905195; 5932812.404257137; 566531.5024616137; -0.07725399639457464; -0.3279289057245478; -1.8021593203376123; -2.4980126389628765e-07; 0.33690584317971145
39; 5932812.1373680895; 566531.7975278686; 5932812.060114154; 566531.4695989904; -0.07725393585860729; -0.32792887825053185; -1.802159164142443; -1.5619516924303412e-07; 0.3369058025565869
40; 5932811.474163368; 566531.7341976183; 5932811.396909548; 566531.406268793; -0.07725382037460804; -0.3279288252815604; -1.8021588665491217; -2.9759332131895633e-07; 0.33690572451802653
41; 5932811.152842108; 566531.7035142484; 5932811.075588345; 566531.3755854488; -0.07725376356393099; -0.3279287995537743; -1.8021587199280724; -1.466210493017428e-07; 0.3369056864488506
42; 5932810.66868954; 566531.6572819125; 5932810.591435861; 566531.3293531517; -0.0772536788135767; -0.32792876078747213; -1.802158501460631; -2.184674414706933e-07; 0.3369056292819079
43; 5932809.53512621; 566531.5490365288; 5932809.45787273; 566531.2211078587; -0.0772534804418683; -0.3279286700999364; -1.8021579900676554; -5.113929755218294e-07; 0.3369054955234406
44; 5932809.041589961; 566531.5019081337; 5932808.964336568; 566531.173979503; -0.07725339382886887; -0.32792863075155765; -1.8021577666147592; -2.2345289618641573e-07; 0.3369054373628745
45; 5932808.801175931; 566531.4789506964; 5932808.723922579; 566531.151022085; -0.07725335191935301; -0.3279286114266142; -1.8021576586866137; -1.0792814553184371e-07; 0.3369054089428704
46; 5932808.409344206; 566531.4415341937; 5932808.332090923; 566531.1136056136; -0.07725328300148249; -0.32792858011089265; -1.8021574808895595; -1.777970541905205e-07; 0.33690536265849685
47; 5932807.698459544; 566531.373650926; 5932807.621206386; 566531.0457224029; -0.07725315820425749; -0.3279285231838003; -1.8021571590825092; -3.218070503407944e-07; 0.3369052786319031
48; 5932808.033904882; 566531.405683022; 5932807.956651665; 566531.0777544719; -0.07725321687757969; -0.3279285500757396; -1.802157310292953; 1.5121044372179426e-07; 0.33690531826124565
49; 5932807.1656072205; 566531.3227681895; 5932807.0883541545; 566530.9948397089; -0.0772530660033226; -0.3279284805757925; -1.802156921703727; -3.885892259081203e-07; 0.3369052160172971
50; 5932806.557331615; 566531.2646831893; 5932806.480078656; 566530.9367547573; -0.07725295890122652; -0.3279284320306033; -1.8021566453147118; -2.76389015230194e-07; 0.33690514420685924
51; 5932803.637739141; 566530.9858876432; 5932803.560486693; 566530.6579594447; -0.07725244760513306; -0.3279281985014677; -1.8021553270665103; -1.3182482014872932e-06; 0.3369047996591943
52; 5932806.07980441; 566531.2190835178; 5932806.002551535; 566530.891155124; -0.0772528750821948; -0.32792839384637773; -1.8021564291410905; 1.1020745802614584e-06; 0.3369050878201904
53; 5932802.653650265; 566530.8919157626; 5932802.57639799; 566530.5639876429; -0.07725227531045675; -0.32792811968829483; -1.8021548829287282; -1.5462123623688484e-06; 0.33690468343871866
54; 5932801.960692587; 566530.8257443651; 5932801.883440434; 566530.4978163007; -0.07725215330719948; -0.32792806439101696; -1.802154568083209; -3.1484551921145965e-07; 0.33690460163945224
55; 5932804.342962423; 566531.0532302988; 5932804.265709853; 566530.7253020438; -0.0772525705397129; -0.3279282549628988; -1.8021556438100201; 1.0757268111838414e-06; 0.3369048828052293
56; 5932801.181251142; 566530.7513145243; 5932801.103999126; 566530.4233865222; -0.07725201640278101; -0.3279280021088198; -1.8021542149403496; -1.4288696705833104e-06; 0.3369045096245784
57; 5932803.765764488; 566530.9981129442; 5932803.688512018; 566530.6701847354; -0.07725246995687485; -0.327928208746016; -1.802155384670657; 1.1697303075042242e-06; 0.3369048147560502
58; 5932803.577979197; 566530.9801810912; 5932803.50072676; 566530.6522528976; -0.07725243642926216; -0.3279281936120242; -1.8021552981059683; -8.656468875045675e-08; 0.3369047923373938
59; 5932803.055255636; 566530.9302655631; 5932802.9780032905; 566530.6023374111; -0.07725234515964985; -0.327928151935339; -1.8021550627833274; -2.3532264092906985e-07; 0.33690473084299727
60; 5932802.219420101; 566530.8504505798; 5932802.142167902; 566530.5225224947; -0.07725219894200563; -0.32792808511294425; -1.8021546858238637; -3.7695946364380006e-07; 0.336904632273315
61; 5932801.7828758955; 566530.8087644263; 5932801.705623774; 566530.4808363762; -0.07725212164223194; -0.3279280500719324; -1.8021544863451742; -1.9947868956649017e-07; 0.3369045804411184
62; 5932798.619987555; 566530.5067362529; 5932798.542735987; 566530.1788084557; -0.07725156750530005; -0.32792779721785337; -1.8021530574729392; -1.4288722349764527e-06; 0.3369042072610247
63; 5932801.162700606; 566530.7495431103; 5932801.085448592; 566530.4216151097; -0.07725201360881329; -0.3279280005954206; -1.8021542078982846; 1.150425345430861e-06; 0.3369045075108471
64; 5932800.335596065; 566530.6705618607; 5932800.258344197; 566530.3426339262; -0.07725186832249165; -0.3279279344715178; -1.8021538331536224; -3.7474466219045155e-07; 0.33690440983470615
65; 5932800.265064692; 566530.6638267314; 5932800.187812836; 566530.3358988026; -0.07725185621529818; -0.32792792876716703; -1.8021538020569456; -3.109667678913297e-08; 0.33690440150617396
66; 5932797.2817847775; 566530.3789495919; 5932797.204533445; 566530.0510219017; -0.07725133281201124; -0.3279276902321726; -1.8021524522307923; -1.349826153296263e-06; 0.33690404931113527
67; 5932799.4790318245; 566530.5887674673; 5932799.401780106; 566530.2608396014; -0.07725171837955713; -0.32792786590289325; -1.8021534466191311; 9.943883387819596e-07; 0.3369043087112724
68; 5932799.249285396; 566530.5668286928; 5932799.172033718; 566530.2389008453; -0.07725167833268642; -0.3279278475092724; -1.802153343437798; -1.0318133303321986e-07; 0.33690428162503583
69; 5932799.029561952; 566530.5458470257; 5932798.952310313; 566530.2179191957; -0.07725163921713829; -0.3279278300469741; -1.8021532423132873; -1.0112451076516038e-07; 0.3369042556588623
70; 5932798.922425032; 566530.5356163868; 5932798.845173411; 566530.2076885654; -0.0772516205906868; -0.3279278214322403; -1.8021531943624942; -4.795079311392669e-08; 0.3369042430026412
71; 5932797.801561712; 566530.428583743; 5932797.724310288; 566530.1006560113; -0.07725142408162355; -0.3279277317924425; -1.8021526876336185; -5.067288757487631e-07; 0.33690411069201126
72; 5932797.36448161; 566530.386846416; 5932797.2872302625; 566530.0589187193; -0.07725134771317244; -0.32792769675143063; -1.8021524908450157; -1.9678860274652266e-07; 0.336904059073499
73; 5932797.081323569; 566530.3598072997; 5932797.00407227; 566530.0318796255; -0.07725129835307598; -0.3279276741668582; -1.8021523636088688; -1.272361469517591e-07; 0.33690402577250556
74; 5932796.769661875; 566530.3300463337; 5932796.692410631; 566530.0021186846; -0.07725124433636665; -0.327927649137564; -1.8021522245830612; -1.3902580753288873e-07; 0.3369039890241822
75; 5932795.898716559; 566530.2468786734; 5932795.821465467; 566529.9189510939; -0.07725109159946442; -0.32792757952120155; -1.802151830688582; -3.9389447925586296e-07; 0.3369038862404867
76; 5932795.3314716965; 566530.1927117504; 5932795.2542207055; 566529.8647842162; -0.07725099101662636; -0.32792753423564136; -1.8021515709138236; -2.5977475837102304e-07; 0.3369038190981495
77; 5932795.407248867; 566530.1999478074; 5932795.329997862; 566529.8720202671; -0.07725100498646498; -0.3279275402892381; -1.8021516071543229; 3.624049926820305e-08; 0.3369038281936979
78; 5932795.821894071; 566530.2395427978; 5932795.744642993; 566529.9116152243; -0.0772510776296258; -0.3279275734676048; -1.802151794448095; 1.872937720470702e-07; 0.3369038771449355
79; 5932796.612382902; 566530.3150275674; 5932796.535131685; 566529.9870999308; -0.07725121639668941; -0.32792763668112457; -1.802152152339826; 3.578917311397589e-07; 0.3369039704931299
80; 5932796.88690744; 566530.3412422597; 5932796.809656176; 566530.0133146012; -0.07725126389414072; -0.32792765856720507; -1.802152274670003; 1.2233017687712788e-07; 0.33690400268713283
81; 5932797.740100765; 566530.4227147601; 5932797.662849351; 566530.0947870333; -0.07725141383707523; -0.32792772678658366; -1.8021526614428949; 3.867728919360047e-07; 0.3369041034704732
82; 5932798.525513942; 566530.4977148492; 5932798.448262391; 566530.1697870595; -0.07725155167281628; -0.32792778965085745; -1.8021530168811422; 3.5543824727923834e-07; 0.33690419626528073
83; 5932798.43275765; 566530.4888574345; 5932798.355506114; 566530.1609296523; -0.07725153584033251; -0.32792778220027685; -1.8021529762101098; -4.067103231975011e-08; 0.33690418538285094
84; 5932797.279022663; 566530.378685834; 5932797.20177133; 566530.0507581441; -0.07725133281201124; -0.32792768988292664; -1.80215245246849; -5.237416198511369e-07; 0.3369040489711945
85; 5932796.521064315; 566530.3063074411; 5932796.443813115; 566529.9783798117; -0.07725119963288307; -0.3279276293469593; -1.8021521088988022; -3.435696878106853e-07; 0.33690395951047575
86; 5932795.535700005; 566530.2122137676; 5932795.458448977; 566529.884286217; -0.07725102733820677; -0.3279275505337864; -1.8021516647588023; -4.4413999988890396e-07; 0.3369038432904817
87; 5932794.9881578125; 566530.1599282771; 5932794.910906881; 566529.8320007704; -0.07725093141198158; -0.3279275067616254; -1.8021514174074873; -2.473513149858775e-07; 0.33690377868898197
88; 5932794.337929755; 566530.0978371847; 5932794.260678939; 566529.76990973; -0.0772508168593049; -0.32792745472397655; -1.8021511218674329; -2.955400544291109e-07; 0.3369037017712562
89; 5932793.45341511; 566530.0133737721; 5932793.3761644475; 566529.6854463881; -0.07725066225975752; -0.3279273840598762; -1.8021507233039546; -3.985634782210923e-07; 0.33690359754078714
90; 5932792.58147322; 566529.9301109478; 5932792.50422271; 566529.6021836335; -0.07725051045417786; -0.32792731432709843; -1.8021503321785002; -3.9112545446862157e-07; 0.3369034948575254
91; 5932791.9559010435; 566529.8703742763; 5932791.878650643; 566529.542447012; -0.07725040055811405; -0.32792726426851004; -1.8021500487445545; -2.8343394564700475e-07; 0.3369034209339797
92; 5932791.515841367; 566529.828352426; 5932791.438591043; 566529.500425197; -0.07725032325834036; -0.32792722899466753; -1.8021498494228982; -1.9932165629121812e-07; 0.33690336887546735
93; 5932791.031909467; 566529.7821411622; 5932790.954659229; 566529.4542139717; -0.0772502375766635; -0.327927190461196; -1.8021496281032745; -2.2131962373883596e-07; 0.3369033117222573
94; 5932790.542921193; 566529.7354470587; 5932790.46567104; 566529.4075199075; -0.0772501528263092; -0.32792715122923255; -1.8021494099496773; -2.1815359718679872e-07; 0.33690325410272914
95; 5932790.363446172; 566529.718308764; 5932790.286196051; 566529.3903816271; -0.07725012116134167; -0.32792713691014796; -1.802149328210991; -8.173868626393244e-08; 0.3369032329045373
96; 5932789.9807256255; 566529.6817622992; 5932789.903475571; 566529.3538351927; -0.0772500541061163; -0.32792710640933365; -1.8021491552384463; -1.729725447319197e-07; 0.3369031878409528
97; 5932789.438129712; 566529.629949135; 5932789.360879753; 566529.3020220721; -0.07724995911121368; -0.3279270628700033; -1.8021489104184185; -2.448200278060142e-07; 0.3369031236798366
98; 5932788.778484911; 566529.5669588258; 5932788.701235067; 566529.2390318157; -0.07724984362721443; -0.3279270101338625; -1.8021486126618926; -2.9775652587993306e-07; 0.3369030458689316
99; 5932788.333204463; 566529.5244384377; 5932788.255954698; 566529.196511463; -0.07724976539611816; -0.32792697462718934; -1.8021484108075414; -2.0185435123387663e-07; 0.3369029933703418
100; 5932788.3922036; 566529.5300723392; 5932788.3149538245; 566529.20214536; -0.07724977564066648; -0.3279269792838022; -1.8021484372361367; 2.64285953122112e-08; 0.33690300025190123
101; 5932788.361273575; 566529.5271187923; 5932788.284023805; 566529.1991918155; -0.07724977005273104; -0.32792697683908045; -1.8021484227557136; -1.448042308282993e-08; 0.33690299659103456
102; 5932787.613180491; 566529.4556824458; 5932787.535930852; 566529.1277555288; -0.07724963873624802; -0.32792691700160503; -1.8021480840899242; -3.3866578941221803e-07; 0.3369029082377568
103; 5932787.409608961; 566529.436243145; 5932787.332359358; 566529.1083162444; -0.07724960334599018; -0.32792690058704466; -1.8021479930143742; -9.107554999054912e-08; 0.33690288414577024
104; 5932787.437573041; 566529.4389134701; 5932787.360323432; 566529.1109865671; -0.07724960893392563; -0.3279269030317664; -1.8021480074948069; 1.4480432630747941e-08; 0.33690288780663485
105; 5932786.38625563; 566529.3385218524; 5932786.309006206; 566529.0105950335; -0.07724942453205585; -0.32792681886348873; -1.8021475320173026; -4.754775042581372e-07; 0.33690276359872906
106; 5932786.499771995; 566529.3493616724; 5932786.42252255; 566529.0214348445; -0.07724944408982992; -0.32792682794388384; -1.8021475823423103; 5.032500771662285e-08; 0.3369027769216593
107; 5932786.93938743; 566529.3913411015; 5932786.862137909; 566529.0634142384; -0.07724952138960361; -0.32792686310131103; -1.8021477817438987; 1.9940158835218824e-07; 0.33690282886670575
108; 5932786.5367661305; 566529.3528942888; 5932786.45951668; 566529.024967458; -0.07724945060908794; -0.3279268308542669; -1.8021475991965432; -1.8254735545397693e-07; 0.33690278124932255
109; 5932786.365479779; 566529.3365379403; 5932786.288230359; 566529.0086111232; -0.07724942080676556; -0.3279268171172589; -1.8021475224429053; -7.675363788983702e-08; 0.3369027610448405
110; 5932787.340921938; 566529.4296841351; 5932787.263672347; 566529.10175724; -0.07724959123879671; -0.32792689511552453; -1.8021479617589498; 4.3931604443159245e-07; 0.33690287604392666
111; 5932789.047303944; 566529.5926286924; 5932788.970054054; 566529.2647016607; -0.07724989019334316; -0.32792703167069703; -1.8021487325397247; 7.707807749834927e-07; 0.33690307750930076
112; 5932790.3997898735; 566529.7217792696; 5932790.322539747; 566529.3938521298; -0.07725012674927711; -0.327927139820531; -1.8021493423744672; 6.098347424821071e-07; 0.3369032370186631
113; 5932791.831029044; 566529.8584500926; 5932791.753778666; 566529.5305228384; -0.07725037820637226; -0.32792725425679237; -1.8021499909814667; 6.486069994426913e-07; 0.3369034060638546
114; 5932793.313980587; 566530.0000589947; 5932793.236729949; 566529.6721316219; -0.07725063804537058; -0.3279273728840053; -1.8021506609518316; 6.699703649637456e-07; 0.3369035811104155
115; 5932794.907351424; 566530.1522119738; 5932794.8301005075; 566529.8242844736; -0.07725091651082039; -0.3279275002423674; -1.8021513787932009; 7.178413692354724e-07; 0.3369037689266322
116; 5932796.447557886; 566530.29928822; 5932796.370306699; 566529.9713605965; -0.0772511875256896; -0.3279276235261932; -1.8021520778812739; 6.990880729862425e-07; 0.336903951068648
117; 5932797.957919415; 566530.4435145361; 5932797.880667963; 566530.1155867919; -0.07725145202130079; -0.32792774424888194; -1.8021527598767941; 6.81995520279699e-07; 0.33690412922307655
118; 5932799.456803174; 566530.5866448256; 5932799.379551459; 566530.2587169615; -0.07725171465426683; -0.3279278641566634; -1.8021534370448224; 6.771680283179649e-07; 0.3369043061573648
119; 5932800.829359742; 566530.7177119732; 5932800.752107787; 566530.3897839994; -0.07725195493549109; -0.3279279738198966; -1.8021540566078789; 6.195630564143073e-07; 0.3369044679949762
120; 5932802.207649774; 566530.8493266165; 5932802.130397578; 566530.5213985324; -0.07725219614803791; -0.32792808406520635; -1.8021546784648714; 6.218569925664497e-07; 0.3369046306128367
121; 5932804.020972426; 566531.0224830703; 5932803.943719912; 566530.694554841; -0.07725251372903585; -0.32792822923511267; -1.8021554971882405; 8.187233691003826e-07; 0.3369048447362125
122; 5932805.946483837; 566531.2063525692; 5932805.869230986; 566530.878424186; -0.07725285179913044; -0.3279283831361681; -1.8021563691632796; 8.719750390628889e-07; 0.33690507205650655
123; 5932807.730593677; 566531.3767194547; 5932807.653340513; 566531.0487909289; -0.07725316379219294; -0.32792852574493736; -1.8021571734835053; 8.043202257557169e-07; 0.3369052824061259
124; 5932808.827952144; 566531.4815075906; 5932808.750698788; 566531.1535789771; -0.0772533556446433; -0.32792861352209; -1.802157668023157; 4.945396516742306e-07; 0.336905411836732
125; 5932809.944148371; 566531.5880945679; 5932809.866894819; 566531.2601658651; -0.07725355215370655; -0.32792870281264186; -1.8021581749858222; 5.069626651810211e-07; 0.3369055438082719
126; 5932811.162701872; 566531.7044557695; 5932811.085448107; 566531.3765269693; -0.07725376542657614; -0.32792880025226623; -1.8021587248340385; 5.498482162913376e-07; 0.33690568755584277
127; 5932812.619269222; 566531.8435452121; 5932812.5420152005; 566531.5156162953; -0.07725402154028416; -0.3279289167840034; -1.8021593854588127; 6.606247742180216e-07; 0.336905859710508
128; 5932814.068097702; 566531.9818956602; 5932813.990843427; 566531.6539666275; -0.07725427486002445; -0.3279290326172486; -1.8021600384862726; 6.530274598848251e-07; 0.3369060305447688
129; 5932815.464304963; 566532.1152212422; 5932815.387050443; 566531.7872920978; -0.07725451979786158; -0.32792914437595755; -1.8021606700701636; 6.315838909642935e-07; 0.33690619549118683
130; 5932817.080624834; 566532.2695656532; 5932817.003370031; 566531.9416363796; -0.07725480291992426; -0.3279292735969648; -1.8021614000860156; 7.300158519907285e-07; 0.3369063861906291
131; 5932818.705264209; 566532.4247045042; 5932818.628009122; 566532.0967751007; -0.07725508697330952; -0.32792940351646394; -1.8021621323163062; 7.322302906231926e-07; 0.3369065777836898
132; 5932820.359801797; 566532.5826983729; 5932820.28254642; 566532.2547688371; -0.0772553775459528; -0.32792953576426953; -1.8021628817957782; 7.49479472039738e-07; 0.3369067731381146
133; 5932821.886604026; 566532.7284946322; 5932821.809348382; 566532.4005649743; -0.07725564390420914; -0.3279296578839421; -1.802163568210391; 6.864146127050219e-07; 0.33690695308190555
134; 5932823.638166109; 566532.8957534917; 5932823.560910158; 566532.5678236937; -0.07725595124065876; -0.3279297979315743; -1.8021643608114668; 7.926010758829705e-07; 0.33690715987277886
135; 5932825.448375093; 566533.0686126172; 5932825.371118824; 566532.7406826745; -0.0772562688216567; -0.32792994275223464; -1.8021651797602438; 8.189487770149384e-07; 0.3369073736588856
136; 5932827.203124812; 566533.236175868; 5932827.125868236; 566532.9082457849; -0.07725657615810633; -0.32793008303269744; -1.8021659722008687; 7.924406248971394e-07; 0.33690758067681575
137; 5932828.950502198; 566533.4030351256; 5932828.873245316; 566533.0751049027; -0.07725688256323338; -0.32793022284749895; -1.8021667622668014; 7.90065932676498e-07; 0.3369077870281415
138; 5932830.5124738645; 566533.5521897584; 5932830.435216708; 566533.2242594106; -0.07725715637207031; -0.3279303477611393; -1.8021674683008928; 7.060340914133434e-07; 0.3369079714008564
139; 5932832.147671694; 566533.7083368495; 5932832.070414252; 566533.3804063709; -0.07725744228810072; -0.327930478611961; -1.8021682052717125; 7.369708197035862e-07; 0.33690816432904835
140; 5932833.8679134725; 566533.8726048938; 5932833.790655728; 566533.5446742777; -0.0772577440366149; -0.3279306160984561; -1.802168983466361; 7.78194648498598e-07; 0.3369083673468798
141; 5932835.603563842; 566534.0383443238; 5932835.526305795; 566533.7104135689; -0.07725804764777422; -0.3279307548655197; -1.8021697661697729; 7.82703411861263e-07; 0.3369085720384914
142; 5932837.321369493; 566534.2023797391; 5932837.244111144; 566533.8744488469; -0.0772583493962884; -0.32793089223559946; -1.8021705444417764; 7.782720035098833e-07; 0.3369087749434189
143; 5932838.691510481; 566534.33321622; 5932838.614251891; 566534.0052852181; -0.07725858967751265; -0.3279310018988326; -1.8021711639883973; 6.195466208946954e-07; 0.3369089367846012
144; 5932840.299838716; 566534.4867974998; 5932840.222579845; 566534.1588663694; -0.07725887093693018; -0.3279311304213479; -1.8021718890864966; 7.250980993411815e-07; 0.33690912637961046
145; 5932841.003982743; 566534.5540370959; 5932840.926723748; 566534.226105909; -0.0772589948028326; -0.327931186882779; -1.8021722085125007; 3.194260040917385e-07; 0.3369092097409809
146; 5932841.825226593; 566534.6324587007; 5932841.747967455; 566534.3045274483; -0.0772591382265091; -0.3279312524246052; -1.8021725782613904; 3.6974888972807207e-07; 0.3369093064257397
147; 5932842.503652731; 566534.6972424634; 5932842.426393474; 566534.3693111566; -0.07725925650447607; -0.3279313067905605; -1.802172882969456; 3.0470806566818e-07; 0.3369093864661374
148; 5932843.000448693; 566534.7446821325; 5932842.923189349; 566534.4167507861; -0.07725934404879808; -0.3279313463717699; -1.8021731089492936; 2.2597983750927142e-07; 0.33690944506803644
149; 5932845.407818941; 566534.9745649361; 5932845.330559175; 566534.6466333971; -0.07725976593792439; -0.32793153903912753; -1.8021741966720926; 1.0877227989425364e-06; 0.33690972934801644
150; 5932845.241522724; 566534.9586851017; 5932845.164262987; 566534.630753576; -0.07725973706692457; -0.3279315256513655; -1.8021741223745609; -7.429753168253228e-08; 0.3369097096963555
151; 5932844.584963547; 566534.8959894427; 5932844.5077039255; 566534.5680579696; -0.07725962158292532; -0.3279314731480554; -1.8021738244712018; -2.979033590921887e-07; 0.3369096321095474
152; 5932841.6239682855; 566534.6132402926; 5932841.546709183; 566534.2853090563; -0.07725910283625126; -0.3279312363592908; -1.8021724869516074; -1.3375195944131946e-06; 0.33690928267294074
153; 5932841.677634216; 566534.6183649196; 5932841.600375104; 566534.2904336789; -0.077259112149477; -0.3279312406666577; -1.8021725109262834; 2.3974676022220365e-08; 0.33690928900120704
154; 5932843.584136525; 566534.8004192156; 5932843.50687708; 566534.4724878224; -0.07725944556295872; -0.3279313931707293; -1.8021733703759697; 8.594496863079115e-07; 0.33690951389889723
155; 5932843.131960926; 566534.7572404006; 5932843.054701559; 566534.4293090437; -0.07725936640053988; -0.3279313569655642; -1.8021731663141345; -2.0406183520726984e-07; 0.3369094605051766
156; 5932842.700909711; 566534.7160787797; 5932842.6236504195; 566534.3881474572; -0.0772592918947339; -0.32793132250662893; -1.8021729745168975; -1.9179723698137252e-07; 0.3369094098790094
157; 5932842.376774151; 566534.6851266685; 5932842.299514916; 566534.357195372; -0.07725923508405685; -0.32793129654601216; -1.8021728280575227; -1.464593748501386e-07; 0.3369093715825105
158; 5932841.71470854; 566534.6219051932; 5932841.637449421; 566534.2939739496; -0.07725911866873503; -0.32793124357704073; -1.8021725277798704; -3.00277652298675e-07; 0.33690929332901176
159; 5932841.050703908; 566534.5584985585; 5932840.973444906; 566534.230567368; -0.0772590022534132; -0.327931190491654; -1.8021722275813166; -3.0019855379315175e-07; 0.33690921496223036
160; 5932840.655390403; 566534.5207495763; 5932840.578131471; 566534.1928184173; -0.0772589324042201; -0.32793115894310176; -1.8021720472560987; -1.803252178689263e-07; 0.33690916823679007
161; 5932840.480066224; 566534.5040076505; 5932840.402807322; 566534.1760765057; -0.07725890167057514; -0.3279311448568478; -1.8021719680524457; -7.920365296953946e-08; 0.3369091474781688
162; 5932840.42039049; 566534.4983091399; 5932840.343131599; 566534.1703779998; -0.07725889142602682; -0.32793114008381963; -1.8021719417040512; -2.634839457726912e-08; 0.33690914048308684
163; 5932839.952472864; 566534.453627099; 5932839.875214054; 566534.1256959963; -0.07725880946964025; -0.3279311027145013; -1.8021717303621905; -2.113418606786155e-07; 0.3369090853156308
164; 5932840.133415415; 566534.47090553; 5932840.056156573; 566534.1429744129; -0.07725884206593037; -0.32793111715000123; -1.8021718147094596; 8.434726916917157e-08; 0.33690910684132036
165; 5932839.810118716; 566534.440033523; 5932839.732859931; 566534.1121024317; -0.07725878525525331; -0.3279310913057998; -1.8021716681705833; -1.4653887636661977e-07; 0.33690906865819176
166; 5932839.096059373; 566534.371847101; 5932839.018800713; 566534.0439160668; -0.07725865952670574; -0.3279310342622921; -1.8021713437591975; -3.244113857547859e-07; 0.33690898430317945
167; 5932839.00288015; 566534.3629493002; 5932838.925621507; 566534.0350182734; -0.07725864369422197; -0.3279310268117115; -1.8021713030893352; -4.066986236672676e-08; 0.3369089734204985
168; 5932838.294711494; 566534.2953253873; 5932838.217452975; 566533.9673944172; -0.07725851889699697; -0.32793097011744976; -1.8021709811307058; -3.2195862931239105e-07; 0.3369088896190324
169; 5932837.4534415; 566534.2149914607; 5932837.376183128; 566533.8870605578; -0.07725837174803019; -0.32793090282939374; -1.802170601806849; -3.793238567695312e-07; 0.3369087903805095
170; 5932836.929670462; 566534.1649759077; 5932836.852412182; 566533.8370450467; -0.07725828047841787; -0.3279308609198779; -1.802170366648269; -2.3515858016409652e-07; 0.33690872865827354
171; 5932836.086628322; 566534.0844727565; 5932836.009370188; 566533.756541963; -0.07725813332945108; -0.32793079351540655; -1.8021699874032873; -3.792449816408805e-07; 0.33690862930651605
172; 5932835.408694337; 566534.0197359903; 5932835.331436323; 566533.6918052511; -0.07725801412016153; -0.3279307392658666; -1.8021696799239557; -3.074793315516189e-07; 0.336908549166163
173; 5932834.856362143; 566533.9669930966; 5932834.779104225; 566533.6390624015; -0.07725791726261377; -0.3279306951444596; -1.802169430126605; -2.4979735080421506e-07; 0.3369084840096571
174; 5932833.99841047; 566533.8850662156; 5932833.9211527025; 566533.5571355891; -0.07725776731967926; -0.32793062657583505; -1.8021690436014695; -3.865251354540078e-07; 0.3369083828841922
175; 5932833.808637163; 566533.8669445246; 5932833.73137943; 566533.5390139133; -0.077257732860744; -0.3279306113254279; -1.8021689544271853; -8.917428417909434e-08; 0.33690836013825914
176; 5932833.588665038; 566533.8459391106; 5932833.511407343; 566533.5180085169; -0.07725769560784101; -0.3279305937467143; -1.8021688587656557; -9.566152958662144e-08; 0.33690833448537066
177; 5932832.698893585; 566533.760973719; 5932832.621636047; 566533.4330431964; -0.0772575382143259; -0.32793052250053734; -1.8021684525373516; -4.0622830410619315e-07; 0.33690822904526013
178; 5932832.675504871; 566533.7587403012; 5932832.598247335; 566533.4308097805; -0.07725753542035818; -0.3279305207543075; -1.8021684456539275; -6.883424052972487e-09; 0.3369082267048687
179; 5932831.979301497; 566533.6922589683; 5932831.902044085; 566533.3643285031; -0.07725741248577833; -0.3279304651077837; -1.8021681283620627; -3.172918647820211e-07; 0.3369081443506598
180; 5932831.464344103; 566533.643085041; 5932831.387086781; 566533.3151546171; -0.0772573221474886; -0.32793042389675975; -1.8021678954178189; -2.3294424389419532e-07; 0.336908083522063
181; 5932830.844487413; 566533.5838941484; 5932830.767230199; 566533.2559637742; -0.07725721411406994; -0.32793037418741733; -1.8021676171352006; -2.782826182823328e-07; 0.3369080103639075
182; 5932830.369868788; 566533.5385722208; 5932830.292611657; 566533.2106418845; -0.0772571312263608; -0.32793033635243773; -1.802167403418207; -2.1371699365779762e-07; 0.33690795452994293
183; 5932829.690039569; 566533.4736544763; 5932829.612782557; 566533.1457241944; -0.07725701201707125; -0.32793028198648244; -1.8021670960168814; -3.074013255055519e-07; 0.33690787427654434
184; 5932829.373080869; 566533.4433876927; 5932829.295823913; 566533.1154574361; -0.07725695613771677; -0.3279302566079423; -1.8021669518506516; -1.441662298429236e-07; 0.33690783676046476
185; 5932826.8585269125; 566533.2032697825; 5932826.781270397; 566532.875339727; -0.07725651562213898; -0.32793005544226617; -1.8021658160865432; -1.1357641083176162e-06; 0.33690753994002803
186; 5932828.3509620335; 566533.3457842835; 5932828.273705256; 566533.0178541086; -0.07725677732378244; -0.32793017488438636; -1.8021664908671402; 6.747805969542497e-07; 0.3369077162104791
187; 5932830.232579627; 566533.5254623068; 5932830.155322521; 566533.1975319814; -0.07725710608065128; -0.3279303254093975; -1.8021673382185681; 8.473514279128125e-07; 0.3369079381122836
188; 5932831.577182436; 566533.653860115; 5932831.499925095; 566533.325929682; -0.07725734170526266; -0.32793043297715485; -1.8021679457412265; 6.075226584023596e-07; 0.33690809684533846
189; 5932832.886979406; 566533.7789342698; 5932832.809721834; 566533.4510037322; -0.07725757174193859; -0.3279305376345292; -1.802168539100282; 5.933590554452195e-07; 0.3369082514643002
190; 5932834.430872082; 566533.9263625172; 5932834.353614239; 566533.5984318561; -0.0772578427568078; -0.3279306610347703; -1.802169238090539; 6.989902570087025e-07; 0.3369084337236708
191; 5932836.036596516; 566534.0796951568; 5932835.959338392; 566533.7517643672; -0.07725812401622534; -0.3279307895572856; -1.8021699631908048; 7.251002658303918e-07; 0.33690862331820953
192; 5932837.716145881; 566534.2400774315; 5932837.638887463; 566533.9121465076; -0.07725841831415892; -0.327930923900567; -1.8021707219975225; 7.588067176822477e-07; 0.33690882156851437
193; 5932839.597836727; 566534.4197624497; 5932839.520577979; 566534.0918313754; -0.07725874800235033; -0.3279310743091628; -1.8021715721132723; 8.501157497953216e-07; 0.33690904357178114
194; 5932840.75424632; 566534.5301894516; 5932840.67698737; 566534.2022582848; -0.07725895009934902; -0.32793116685934365; -1.8021720929902607; 5.208769884301745e-07; 0.33690917999986936
195; 5932841.977417693; 566534.6469916196; 5932841.900158527; 566534.319060355; -0.07725916523486376; -0.327931264648214; -1.802172647970186; 5.549799253490306e-07; 0.3369093245170946
196; 5932843.475992557; 566534.7900924124; 5932843.398733129; 566534.4621610278; -0.0772594278678298; -0.32793138455599546; -1.8021733251173273; 6.771471412481134e-07; 0.33690950145592
197; 5932844.908325725; 566534.9268677025; 5932844.831066047; 566534.5989362035; -0.07725967839360237; -0.3279314989922568; -1.8021739710095885; 6.45892261230685e-07; 0.3369096702927825
198; 5932846.224878319; 566535.0525869605; 5932846.147618409; 566534.7246553561; -0.07725990936160088; -0.3279316043481231; -1.8021745665783186; 5.955687301106849e-07; 0.3369098258063969
199; 5932847.229464211; 566535.1485161269; 5932847.152204126; 566534.8205844422; -0.0772600844502449; -0.32793168467469513; -1.8021750177443527; 4.51166034087791e-07; 0.3369099441435985
200; 5932848.098550725; 566535.2315062878; 5932848.021290488; 566534.9035745336; -0.07726023718714714; -0.32793175417464226; -1.8021754117039144; 3.939595616397895e-07; 0.33691004681705805
201; 5932848.815764294; 566535.2999939108; 5932848.738503931; 566534.9720620993; -0.07726036291569471; -0.3279318115673959; -1.8021757358755417; 3.2417162731945837e-07; 0.3369101315124538
202; 5932848.882844215; 566535.3063994565; 5932848.80558384; 566534.9784676397; -0.07726037502288818; -0.3279318168060854; -1.8021757672881034; 3.1412561662946814e-08; 0.33691013938796394
203; 5932848.733135728; 566535.2921036055; 5932848.65587538; 566534.9641718005; -0.07726034801453352; -0.3279318049317226; -1.802175697341927; -6.994617640643241e-08; 0.3369101216364747
204; 5932850.9488289; 566535.5036829246; 5932850.871568164; 566535.1757509424; -0.07726073637604713; -0.3279319821158424; -1.8021766987362469; 1.0013943199105313e-06; 0.33691038315818383
205; 5932850.576925494; 566535.4681694019; 5932850.499664822; 566535.1402374496; -0.07726067211478949; -0.32793195231352; -1.8021765333675117; -1.6536873514994e-07; 0.33691033941359794
206; 5932849.3827058785; 566535.3541318735; 5932849.305445416; 566535.0262000166; -0.0772604625672102; -0.3279318568529561; -1.802175992949978; -5.404175336121142e-07; 0.3369101984433344
207; 5932848.798703897; 566535.298364792; 5932848.721443537; 566534.970432982; -0.07726036012172699; -0.32793181005399674; -1.8021757288337292; -2.641162488714599e-07; 0.33691012939867143
208; 5932848.503286825; 566535.2701550454; 5932848.426026516; 566534.9422232589; -0.07726030889898539; -0.32793178653810173; -1.8021755968548032; -1.319789260101345e-07; 0.3369100947630358
209; 5932848.042925132; 566535.2261945303; 5932847.9656649055; 566534.8982627805; -0.07726022694259882; -0.32793174975086004; -1.8021753851179452; -2.1173685804676268e-07; 0.3369100401618844
210; 5932847.33668042; 566535.1587543371; 5932847.259420316; 566534.8308226438; -0.07726010400801897; -0.32793169328942895; -1.802175068384156; -3.1673378919627737e-07; 0.3369099570137428
211; 5932847.214150391; 566535.147053791; 5932847.136890308; 566534.8191221076; -0.07726008258759975; -0.3279316833941266; -1.8021750132346959; -5.5149460109760184e-08; 0.3369099424700144
212; 5932846.949259643; 566535.1217590414; 5932846.871999607; 566534.7938273792; -0.07726003602147102; -0.327931662206538; -1.8021748931240582; -1.2011063765804408e-07; 0.33690991116852287
213; 5932846.966670937; 566535.1234216676; 5932846.889410898; 566534.795490004; -0.07726003881543875; -0.3279316636035219; -1.8021749002451193; 7.1210610741445635e-09; 0.3369099131689902
214; 5932846.687403118; 566535.0967540335; 5932846.610143128; 566534.7688223922; -0.07725999038666487; -0.3279316412517801; -1.802174775545563; -1.246995562365072e-07; 0.3369098803072325
215; 5932846.134739477; 566535.0439794895; 5932846.057479584; 566534.7160478923; -0.07725989352911711; -0.3279315971303731; -1.8021745257501849; -2.497953781599449e-07; 0.33690981515029783
216; 5932842.567265224; 566534.7033169; 5932842.490005956; 566534.3753855882; -0.07725926768034697; -0.3279313117964193; -1.8021729118499827; -1.6139002021464677e-06; 0.33690939390142255
217; 5932842.895833988; 566534.7346923433; 5932842.818574662; 566534.4067610052; -0.07725932542234659; -0.32793133810628206; -1.8021730607622708; 1.4891228805602452e-07; 0.33690943275143354
218; 5932843.063137596; 566534.7506683745; 5932842.98587824; 566534.4227370231; -0.07725935522466898; -0.32793135137762874; -1.8021731378298103; 7.706753946123968e-08; 0.33690945250332377
219; 5932844.4113246985; 566534.8794084514; 5932844.334065108; 566534.5514769921; -0.07725959084928036; -0.3279314592946321; -1.8021737451092905; 6.072794802580717e-07; 0.33690961157750476
220; 5932845.948387031; 566535.0261844607; 5932845.871127171; 566534.6982528786; -0.07725986000150442; -0.3279315821127966; -1.802174439108816; 6.939995254029441e-07; 0.33690979284439615
221; 5932847.259872094; 566535.1514198137; 5932847.182612003; 566534.8234881266; -0.07726009096950293; -0.3279316871194169; -1.8021750349148296; 5.958060136368459e-07; 0.33690994801816554
222; 5932848.526903464; 566535.272410228; 5932848.449643153; 566534.9444784396; -0.07726031169295311; -0.3279317884007469; -1.8021756036589005; 5.687440709500891e-07; 0.33691009721675674
223; 5932850.00497193; 566535.413552839; 5932849.927711358; 566535.0856209324; -0.07726057153195143; -0.32793190656229854; -1.8021762739196086; 6.702607080466549e-07; 0.336910271815847
224; 5932851.711864819; 566535.5765461811; 5932851.634603948; 566535.248614138; -0.07726087048649788; -0.32793204311747104; -1.8021770446665333; 7.707469247275611e-07; 0.33691047328857304
225; 5932853.330515286; 566535.7311131437; 5932853.253254132; 566535.4031809712; -0.07726115360856056; -0.3279321725713089; -1.8021777745053686; 7.29838835367147e-07; 0.3369106642186684
226; 5932855.108791121; 566535.9009229329; 5932855.031529656; 566535.5729906181; -0.07726146560162306; -0.3279323148308322; -1.8021785790365987; 8.045312300808405e-07; 0.3369108742341494
227; 5932856.88033297; 566536.0700896853; 5932856.803071193; 566535.7421572288; -0.07726177666336298; -0.32793245650827885; -1.8021793812723959; 8.022357971260163e-07; 0.3369110834697095
228; 5932857.907084784; 566536.1681355033; 5932857.829822828; 566535.8402029647; -0.0772619554772973; -0.32793253858108073; -1.8021798420089672; 4.6073657133938184e-07; 0.33691120436163574
229; 5932858.807917804; 566536.254157178; 5932858.730655691; 566535.9262245673; -0.07726211380213499; -0.32793261064216495; -1.802180250366065; 4.083570979140916e-07; 0.33691131081007036
230; 5932859.157270171; 566536.2875172734; 5932859.080007996; 566535.9595846349; -0.07726217433810234; -0.3279326385818422; -1.802180406239177; 1.5587311197329257e-07; 0.3369113518875558
231; 5932858.288927587; 566536.2045981514; 5932858.211665564; 566535.8766655823; -0.07726202253252268; -0.32793256908189505; -1.8021800149732914; -3.91265885690828e-07; 0.33691124942700845
232; 5932858.451832936; 566536.2201541874; 5932858.374570885; 566535.8922216053; -0.07726205140352249; -0.3279325821204111; -1.8021800895078603; 7.453456896122646e-08; 0.3369112687388784
233; 5932858.000405406; 566536.1770468064; 5932857.923143433; 566535.8491142604; -0.07726197224110365; -0.32793254603166133; -1.8021798853689126; -2.0413894774584662e-07; 0.3369112154580087
234; 5932857.816958357; 566536.1595292178; 5932857.739696416; 566535.8315966864; -0.07726194057613611; -0.3279325313633308; -1.8021798038717958; -8.149711683280714e-08; 0.336911193919039
235; 5932857.461880844; 566536.1256224209; 5932857.384618966; 566535.797689918; -0.07726187817752361; -0.32793250295799226; -1.8021796429342394; -1.609375563926818e-07; 0.33691115196118415
236; 5932856.71789937; 566536.0545786971; 5932856.640637622; 566535.7266462536; -0.07726174779236317; -0.3279324434697628; -1.8021793067377454; -3.3619649397742535e-07; 0.3369110641578574
237; 5932856.952119916; 566536.0769447107; 5932856.874858127; 566535.7490122485; -0.07726178877055645; -0.3279324622126296; -1.8021794123678236; 1.0563007823982673e-07; 0.3369110917985097
238; 5932853.401628157; 566535.7379038009; 5932853.3243669905; 566535.4099716226; -0.0772611666470766; -0.3279321782756597; -1.8021778082915088; -1.6040763148872372e-06; 0.3369106727610249
239; 5932853.286720097; 566535.7269310862; 5932853.20945895; 566535.3989989171; -0.07726114708930254; -0.32793216907884926; -1.802177758048115; -5.024339366777042e-08; 0.3369106593242693
240; 5932853.636833112; 566535.760363817; 5932853.559571903; 566535.4324316198; -0.07726120855659246; -0.3279321971349418; -1.8021779165332266; 1.5848511147886768e-07; 0.33691070072851
241; 5932854.278425712; 566535.8216302987; 5932854.201164392; 566535.4936980504; -0.07726132031530142; -0.3279322483576834; -1.8021782045438028; 2.880105762770313e-07; 0.3369107762149928
242; 5932854.802825183; 566535.8717058618; 5932854.72556377; 566535.5437735715; -0.0772614125162363; -0.3279322902671993; -1.8021784423901501; 2.378463472840764e-07; 0.3369108381514235
243; 5932855.054660507; 566535.8957539327; 5932854.97739905; 566535.5678216221; -0.07726145628839731; -0.3279323105234653; -1.8021785550621494; 1.1267199928610694e-07; 0.3369108679058341
244; 5932857.586732429; 566536.1375446552; 5932857.509470529; 566535.8096121424; -0.0772619005292654; -0.3279325128532946; -1.8021797007739304; 1.1457117810032003e-06; 0.33691116671857335
245; 5932857.184536577; 566536.0991384691; 5932857.107274748; 566535.7712059884; -0.07726182881742716; -0.3279324807226658; -1.802179515465735; -1.8530819545503618e-07; 0.33691111899896536
246; 5932856.726980985; 566536.055445912; 5932856.649719236; 566535.7275134678; -0.07726174872368574; -0.32793244416825473; -1.8021793089529357; -2.0651279930561373e-07; 0.3369110650513092
247; 5932856.190512327; 566536.0042178471; 5932856.113250672; 566535.6762854458; -0.0772616546601057; -0.3279324013274163; -1.8021790663595658; -2.425933698368965e-07; 0.3369110017811574
248; 5932855.835659074; 566535.970332465; 5932855.7583974805; 566535.6424000921; -0.07726159319281578; -0.3279323729220778; -1.8021789081124566; -1.582471091943205e-07; 0.3369109600369167
249; 5932855.546702989; 566535.9427396862; 5932855.469441447; 566535.6148073365; -0.07726154197007418; -0.32793234975542873; -1.8021787758964634; -1.3221599326485034e-07; 0.3369109257410783
