0; 5932827.0; 566527.0; 5932826.60129901; 566527.8353449336; -0.3987009897828102; 0.8353449335554615; 2.0161106650261558; 0.0; 0.9256152749769047
1; 5932826.60129901; 566527.8353449336; 5932826.120834212; 566528.7854034944; -0.4804647983983159; 0.9500585608184338; 2.039010449689576; -0.022899784663420242; 1.0646397003138328
2; 5932826.120834212; 566528.7854034944; 5932826.009076716; 566529.4277681509; -0.1117574954405427; 0.6423646565526724; 1.7430504579535524; 0.2959599917360236; 0.6520138723793963
3; 5932826.009076716; 566529.4277681509; 5932826.11142699; 566529.8568632742; 0.10235027316957712; 0.42909512331243604; 1.3366456879742652; 0.4064047699792872; 0.4411328635098521
4; 5932826.11142699; 566529.8568632742; 5932826.284456887; 566530.604019532; 0.17302989773452282; 0.7471562577411532; 1.3432234558664014; -0.006577767892136155; 0.7669301265381248
5; 5932826.284456887; 566530.604019532; 5932826.465582661; 566531.4811067069; 0.1811257740482688; 0.8770871749147773; 1.3671506983207609; -0.02392724245435951; 0.8955939137938409
6; 5932826.465582661; 566531.4811067069; 5932826.375809196; 566532.2888799048; -0.08977346494793892; 0.8077731978846714; 1.6814790905619814; -0.31432839224122056; 0.8127464636832248
7; 5932826.375809196; 566532.2888799048; 5932826.332573267; 566532.929767604; -0.04323592968285084; 0.6408876992063597; 1.6381568277213485; 0.0433222628406329; 0.6423444470138757
8; 5932826.332573267; 566532.929767604; 5932826.430281896; 566533.7192033071; 0.09770862944424152; 0.7894357030745596; 1.4476523767629328; 0.19050445095841573; 0.7954594304907676
9; 5932826.430281896; 566533.7192033071; 5932826.358582909; 566534.4579972848; -0.07169898692518473; 0.7387939777690917; 1.6675420433222194; -0.21988966655928666; 0.7422649704209239
10; 5932826.358582909; 566534.4579972848; 5932826.197754602; 566535.0907342355; -0.16082830727100372; 0.6327369506470859; 1.8197040774760938; -0.1521620341538743; 0.6528566405680724
11; 5932826.197754602; 566535.0907342355; 5932825.839135947; 566535.7249322855; -0.35861865524202585; 0.6341980500146747; 2.085437493701714; -0.2657334162256202; 0.7285701795503401
12; 5932825.839135947; 566535.7249322855; 5932825.843005239; 566536.6014555518; 0.003869292326271534; 0.8765232663135976; 1.5663819919538897; 0.5190555017478242; 0.8765318065034287
13; 5932825.843005239; 566536.6014555518; 5932826.027690839; 566537.5767508962; 0.18468559999018908; 0.9752953443676233; 1.383648517454784; 0.18273347449910582; 0.9926277144976847
14; 5932826.027690839; 566537.5767508962; 5932826.230508662; 566538.3956019243; 0.20281782280653715; 0.8188510281033814; 1.3279968589637745; 0.05565165849100939; 0.8435947341430887
15; 5932826.230508662; 566538.3956019243; 5932826.374082591; 566539.1659465819; 0.14357392955571413; 0.7703446575906128; 1.3865342060438222; -0.05853734708004765; 0.7836098293962803
16; 5932826.374082591; 566539.1659465819; 5932826.651724234; 566539.9183737095; 0.2776416428387165; 0.7524271276779473; 1.2173009193865243; 0.16923328665729787; 0.802017122201183
17; 5932826.651724234; 566539.9183737095; 5932826.791737832; 566540.6326216678; 0.14001359790563583; 0.7142479582689703; 1.377221551529599; -0.15992063214307461; 0.7278419838741604
18; 5932826.791737832; 566540.6326216678; 5932826.929371261; 566541.1497224324; 0.13763342890888453; 0.5171007645549253; 1.3106636115947679; 0.06655793993483106; 0.535103879126759
19; 5932826.929371261; 566541.1497224324; 5932827.231383766; 566541.7474290027; 0.3020125050097704; 0.597706570290029; 1.1029292079642115; 0.2077344036305564; 0.6696750684848183
20; 5932827.231383766; 566541.7474290027; 5932827.793850834; 566542.1726109221; 0.562467067502439; 0.42518191947601736; 0.64728120719153; 0.4556480007726814; 0.7050878432323903
21; 5932827.793850834; 566542.1726109221; 5932828.624028075; 566542.6824387122; 0.8301772410050035; 0.5098277900833637; 0.5507366367106428; 0.09654457048088727; 0.974227194767199
22; 5932828.624028075; 566542.6824387122; 5932829.232933837; 566543.2808872939; 0.6089057624340057; 0.5984485816443339; 0.7767371440671035; -0.2260005073564607; 0.8537604654687712
23; 5932829.232933837; 566543.2808872939; 5932829.674729664; 566543.8447725541; 0.4417958268895745; 0.5638852602569386; 0.9062067406137629; -0.12946959654665946; 0.716344986296462
24; 5932829.674729664; 566543.8447725541; 5932830.309493102; 566544.4142109591; 0.6347634382545948; 0.5694384049857035; 0.7312037050135825; 0.1750030356001805; 0.8527512647996818
25; 5932830.309493102; 566544.4142109591; 5932830.82144311; 566545.2152099069; 0.5119500076398253; 0.8009989478159696; 1.0020938837009825; -0.27089017868740006; 0.9506272270057846
26; 5932830.82144311; 566545.2152099069; 5932831.08240488; 566546.0096053226; 0.26096177008002996; 0.7943954156944528; 1.2533987937414934; -0.2513049100405109; 0.8361609425939871
27; 5932831.08240488; 566546.0096053226; 5932831.53181997; 566546.9025813257; 0.44941509049385786; 0.892976003116928; 1.104529834973621; 0.14886895876787243; 0.9996899847984305
28; 5932831.53181997; 566546.9025813257; 5932831.996651625; 566547.6487495633; 0.46483165491372347; 0.7461682375287637; 1.0136665880384108; 0.0908632469352102; 0.8791106335988733
29; 5932831.996651625; 566547.6487495633; 5932832.348635936; 566548.369905416; 0.35198431089520454; 0.7211558527778834; 1.1167272406212922; -0.10306065258288144; 0.8024703851932283
30; 5932832.348635936; 566548.369905416; 5932833.04819346; 566548.9205362694; 0.6995575241744518; 0.5506308533949777; 0.6668334982347893; 0.4498937423865029; 0.8902668511966343
31; 5932833.04819346; 566548.9205362694; 5932833.565245495; 566549.6130901106; 0.5170520348474383; 0.692553841159679; 0.9294828033728031; -0.26264930513801377; 0.8642763618455052
32; 5932833.565245495; 566549.6130901106; 5932834.198951126; 566550.1577034236; 0.6337056308984756; 0.544613313046284; 0.7099320739632744; 0.2195507294095287; 0.8355755425930589
33; 5932834.198951126; 566550.1577034236; 5932834.873042754; 566550.5183677892; 0.6740916278213263; 0.36066436558030546; 0.4912832370747159; 0.21864883688855852; 0.7645118097833739
34; 5932834.873042754; 566550.5183677892; 5932834.799812612; 566551.2150283579; -0.07323014177381992; 0.6966605687048286; 1.6755276746950578; -1.1842444376203418; 0.7004988234482261
35; 5932834.799812612; 566551.2150283579; 5932834.451106921; 566552.0432462071; -0.3487056912854314; 0.8282178491353989; 1.9693007079816724; -0.29377303328661464; 0.8986325526939901
36; 5932834.451106921; 566552.0432462071; 5932834.373153169; 566552.8337673361; -0.07795375213027; 0.7905211290344596; 1.6690891338985658; 0.3002115740831066; 0.7943553631222642
37; 5932834.373153169; 566552.8337673361; 5932834.627650613; 566553.5135300515; 0.25449744425714016; 0.6797627153573558; 1.2125591631794455; 0.4565299707191204; 0.7258417860136062
38; 5932834.627650613; 566553.5135300515; 5932834.972348355; 566554.3162165469; 0.34469774179160595; 0.8026864954736084; 1.165179337031337; 0.04737982614810843; 0.8735686253591848
39; 5932834.972348355; 566554.3162165469; 5932835.552272467; 566555.0778244957; 0.5799241121858358; 0.7616079488070682; 0.920009280275103; 0.24517005675623404; 0.9572662344304429
40; 5932835.552272467; 566555.0778244957; 5932836.2641850505; 566555.5940887751; 0.7119125835597515; 0.5162642793729901; 0.6274257174088964; 0.29258356286620657; 0.8794022588026671
41; 5932836.2641850505; 566555.5940887751; 5932836.70218483; 566556.1928187291; 0.4379997793585062; 0.59872995398473; 0.9392093772884738; -0.31178365987957735; 0.7418364809826063
42; 5932836.70218483; 566556.1928187291; 5932836.870326069; 566556.8892642531; 0.16814123932272196; 0.6964455239940435; 1.3339018431677756; -0.39469246587930185; 0.7164550538954406
43; 5932836.870326069; 566556.8892642531; 5932836.640566826; 566557.6104959465; -0.2297592433169484; 0.7212316934019327; 1.879197110997564; -0.5452952678297884; 0.7569441627075251
44; 5932836.640566826; 566557.6104959465; 5932836.4354752535; 566558.5820020223; -0.20509157236665487; 0.9715060758171603; 1.7788483694419934; 0.10034874155557061; 0.9929182284586606
45; 5932836.4354752535; 566558.5820020223; 5932836.252470218; 566559.4929754451; -0.18300503585487604; 0.9109734228113666; 1.7690470712819042; 0.009801298160089233; 0.9291735145907364
46; 5932836.252470218; 566559.4929754451; 5932836.030290657; 566560.1214365066; -0.22217956092208624; 0.6284610615111887; 1.9106120510337594; -0.14156497975185522; 0.6665786248652902
47; 5932836.030290657; 566560.1214365066; 5932835.766864346; 566560.8018290851; -0.2634263103827834; 0.6803925784770399; 1.9401920247281856; -0.02957997369442622; 0.7296077589009875
48; 5932835.766864346; 566560.8018290851; 5932835.385548985; 566561.5971471043; -0.38131536170840263; 0.7953180192271248; 2.0178693374067884; -0.07767731267860278; 0.8820046240140508
49; 5932835.385548985; 566561.5971471043; 5932835.701413228; 566562.3990582989; 0.31586424354463816; 0.8019111945759505; 1.1955688641831899; 0.8223004732235986; 0.8618768962771043
50; 5932835.701413228; 566562.3990582989; 5932836.240292732; 566563.0255810209; 0.5388795034959912; 0.6265227219555527; 0.8604611310148669; 0.335107733168323; 0.8263908520879698
51; 5932836.240292732; 566563.0255810209; 5932837.037847471; 566563.41640892; 0.7975547397509217; 0.39082789910025895; 0.455642018256301; 0.40481911275856586; 0.8881666564413926
52; 5932837.037847471; 566563.41640892; 5932837.549894424; 566563.5469946826; 0.5120469527319074; 0.1305857626721263; 0.24970426721871347; 0.20593775103758755; 0.5284361108163342
53; 5932837.549894424; 566563.5469946826; 5932838.064757735; 566563.6296380773; 0.5148633103817701; 0.0826433947077021; 0.1591575760083059; 0.09054669121040756; 0.5214538896835348
54; 5932838.064757735; 566563.6296380773; 5932838.912180134; 566563.5014816966; 0.8474223995581269; -0.12815638072788715; -0.1500934614583867; 0.3092510374666926; 0.8570582134220084
55; 5932838.912180134; 566563.5014816966; 5932839.929929204; 566563.598561324; 1.0177490701898932; 0.0970796273322776; 0.095098877938432; -0.2451923393968187; 1.0223686340627662
56; 5932839.929929204; 566563.598561324; 5932840.624816441; 566563.6196893231; 0.6948872366920114; 0.021127999178133905; 0.030395567811850377; 0.06470331012658162; 0.6952083601818455
57; 5932840.624816441; 566563.6196893231; 5932841.575267898; 566563.4478730649; 0.9504514569416642; -0.17181625822559; -0.17884188058725803; 0.2092374483991084; 0.9658565103539836
58; 5932841.575267898; 566563.4478730649; 5932842.457002893; 566562.786217774; 0.8817349951714277; -0.661655290867202; -0.6437580395103644; 0.46491615892310634; 1.1023812070434253
59; 5932842.457002893; 566562.786217774; 5932843.04955136; 566562.2650117188; 0.5925484672188759; -0.5212060551857576; -0.7214297806991221; 0.07767174118875775; 0.7891574228034216
60; 5932843.04955136; 566562.2650117188; 5932844.094448469; 566561.8014471174; 1.0448971083387733; -0.46356460149399936; -0.41755753288657094; -0.3038722478125512; 1.1431107150110267
61; 5932844.094448469; 566561.8014471174; 5932844.633816244; 566561.2677080826; 0.5393677754327655; -0.5337390347849578; -0.7801529361991412; 0.36259540331257023; 0.7588115407849755
62; 5932844.633816244; 566561.2677080826; 5932845.484665564; 566561.0942149446; 0.8508493201807141; -0.17349313793238252; -0.20114833044093774; -0.5790046057582034; 0.8683573196338061
63; 5932845.484665564; 566561.0942149446; 5932846.450291996; 566561.0024256198; 0.9656264316290617; -0.09178932488430291; -0.09477200306347511; -0.10637632737746264; 0.9699792191709012
64; 5932846.450291996; 566561.0024256198; 5932847.435864366; 566560.8389772906; 0.9855723697692156; -0.16344832920003682; -0.16434524021141764; 0.06957323714794253; 0.9990336592782002
65; 5932847.435864366; 566560.8389772906; 5932848.142561488; 566561.2602774844; 0.7066971221938729; 0.4213001938769594; 0.5375866324762801; -0.7019318726876977; 0.822748245745845
66; 5932848.142561488; 566561.2602774844; 5932848.657334678; 566561.7763078922; 0.5147731900215149; 0.5160304077435285; 0.7866178109630487; -0.2490311784867686; 0.7288887561767426
67; 5932848.657334678; 566561.7763078922; 5932849.192202572; 566562.2832917405; 0.5348678939044476; 0.5069838482886553; 0.7586406224796877; 0.02797718848336106; 0.7369642368224889
68; 5932849.192202572; 566562.2832917405; 5932849.970204379; 566562.9565210489; 0.7780018076300621; 0.6732293084496632; 0.7133276066906323; 0.04531301578905533; 1.0288462054317233
69; 5932849.970204379; 566562.9565210489; 5932850.729134924; 566563.475408081; 0.7589305443689227; 0.5188870320562273; 0.5997079788176112; 0.11361962787302116; 0.9193581039030599
70; 5932850.729134924; 566563.475408081; 5932851.392063308; 566564.217537729; 0.6629283837974072; 0.7421296479878947; 0.8417072527924931; -0.24199927397488197; 0.9951032390997825
71; 5932851.392063308; 566564.217537729; 5932851.840286149; 566564.8813474717; 0.4482228411361575; 0.6638097427785397; 0.9768901296666024; -0.13518287687410924; 0.8009663475601707
72; 5932851.840286149; 566564.8813474717; 5932852.113814266; 566565.5586614871; 0.2735281176865101; 0.6773140153381974; 1.186981930755877; -0.21009180108927472; 0.7304600649855385
73; 5932852.113814266; 566565.5586614871; 5932852.37579744; 566565.9820164016; 0.26198317389935255; 0.42335491452831775; 1.0166488175365365; 0.17033311321934064; 0.4978599874077627
74; 5932852.37579744; 566565.9820164016; 5932852.661322079; 566566.3788557425; 0.28552463836967945; 0.39683934091590345; 0.9471047502800584; 0.0695440672564781; 0.48888217559520913
75; 5932852.661322079; 566566.3788557425; 5932852.689025833; 566567.5078982853; 0.027703754603862762; 1.1290425427723676; 1.5462638618327507; -0.5991591115526923; 1.1293823805111556
76; 5932852.689025833; 566567.5078982853; 5932852.88609334; 566568.3399044796; 0.1970675066113472; 0.8320061942795292; 1.33822412577729; 0.20803973605546067; 0.8550262624513465
77; 5932852.88609334; 566568.3399044796; 5932852.915144014; 566568.9791267526; 0.02905067428946495; 0.6392222730210051; 1.5253806714937448; -0.1871565457164548; 0.6398820641358944
78; 5932852.915144014; 566568.9791267526; 5932853.003735007; 566569.631689168; 0.08859099261462688; 0.6525624154601246; 1.4358626027590953; 0.08951806873464951; 0.6585484568682832
79; 5932853.003735007; 566569.631689168; 5932853.025627259; 566570.1979249981; 0.021892252378165722; 0.5662358300760388; 1.5321527921910303; -0.09629018943193501; 0.5666588797293218
80; 5932853.025627259; 566570.1979249981; 5932853.1613958; 566570.9391771017; 0.1357685411348939; 0.7412521035876125; 1.3896432025546954; 0.14250958963633487; 0.7535832919027319
81; 5932853.1613958; 566570.9391771017; 5932853.062292111; 566571.7089221516; -0.09910368919372559; 0.7697450498817489; 1.6988406488932244; -0.30919744633852897; 0.7760985652797348
82; 5932853.062292111; 566571.7089221516; 5932852.834506092; 566572.3480812752; -0.22778601944446564; 0.6391591236460954; 1.913147000761616; -0.21430635186839164; 0.6785358177682289
83; 5932852.834506092; 566572.3480812752; 5932852.234090176; 566573.2295836278; -0.6004159152507782; 0.8815023525385186; 2.1687439003446216; -0.2555968995830056; 1.066557860042001
84; 5932852.234090176; 566573.2295836278; 5932851.452190938; 566573.7993692162; -0.7818992380052805; 0.5697855884209275; 2.511850444377404; -0.3431065440327825; 0.9674823177533639
85; 5932851.452190938; 566573.7993692162; 5932850.863602314; 566574.1738629012; -0.5885886242613196; 0.3744936849689111; 2.574939276043036; -0.06308883166563195; 0.6976260378536819
86; 5932850.863602314; 566574.1738629012; 5932850.184024197; 566574.4318210045; -0.679578117094934; 0.25795810332056135; 2.7788077583142354; -0.20386848227119936; 0.726889813041177
87; 5932850.184024197; 566574.4318210045; 5932849.6974429265; 566574.8959647636; -0.48658127058297396; 0.46414375910535455; 2.37979053155138; 0.39901722676285534; 0.6724513082733877
88; 5932849.6974429265; 566574.8959647636; 5932849.0277356915; 566575.2442564385; -0.6697072349488735; 0.34829167486168444; 2.66202174933526; -0.2822312177838797; 0.754860829107474
89; 5932849.0277356915; 566575.2442564385; 5932848.570563678; 566575.4576378957; -0.4571720138192177; 0.2133814572589472; 2.704903495617447; -0.042881746282187105; 0.5045174888162658
90; 5932848.570563678; 566575.4576378957; 5932847.887464047; 566576.0182542554; -0.6830996302887797; 0.5606163596967235; 2.454359654918745; 0.2505438406987017; 0.8836944085260886
91; 5932847.887464047; 566576.0182542554; 5932847.54195974; 566576.8920823467; -0.34550430718809366; 0.8738280913094059; 1.9473236629474726; 0.5070359919712726; 0.9396535315992612
92; 5932847.54195974; 566576.8920823467; 5932847.232353352; 566577.4194972737; -0.3096063882112503; 0.5274149270262569; 2.101621657357984; -0.15429799441051117; 0.611573888317125
93; 5932847.232353352; 566577.4194972737; 5932846.965683245; 566578.0341544856; -0.2666701069101691; 0.6146572118159384; 1.9801405323747578; 0.12148112498322594; 0.6700122640346402
94; 5932846.965683245; 566578.0341544856; 5932846.491134612; 566578.7793518818; -0.474548633210361; 0.7451973962597549; 2.1378426888303963; -0.15770215645563845; 0.8834679194368859
95; 5932846.491134612; 566578.7793518818; 5932846.151816295; 566579.417745275; -0.33931831642985344; 0.6383933931356296; 2.059340166097183; 0.07850252273321345; 0.7229682180179241
96; 5932846.151816295; 566579.417745275; 5932845.816230177; 566580.1685996008; -0.3355861185118556; 0.7508543258300051; 1.9911018501299507; 0.06823831596723218; 0.8224355668108503
97; 5932845.816230177; 566580.1685996008; 5932845.599032239; 566580.9867592151; -0.21719793789088726; 0.8181596143404022; 1.830282427901324; 0.16081942222862677; 0.84649872933259
98; 5932845.599032239; 566580.9867592151; 5932845.033258222; 566581.6048624152; -0.5657740170136094; 0.6181032001040876; 2.3120217141562254; -0.4817392862549015; 0.8379449888307882
99; 5932845.033258222; 566581.6048624152; 5932844.376147497; 566581.9357862131; -0.6571107245981693; 0.33092379791196436; 2.675065749800889; -0.3630440356446636; 0.7357343708203455
100; 5932844.376147497; 566581.9357862131; 5932844.095352069; 566582.4168699507; -0.2807954289019108; 0.4810837375698611; 2.0991239205788346; 0.5759418292220544; 0.5570346806495938
101; 5932844.095352069; 566582.4168699507; 5932843.777413817; 566582.8204814525; -0.3179382514208555; 0.40361150179523975; 2.2380127375076757; -0.13888881692884114; 0.5137966291228077
102; 5932843.777413817; 566582.8204814525; 5932843.957221348; 566583.3649852367; 0.1798075307160616; 0.5445037841564044; 1.2518479153396578; 0.9861648221680179; 0.5734240307685506
103; 5932843.957221348; 566583.3649852367; 5932843.949837179; 566584.1408719734; -0.007384168915450573; 0.775886736693792; 1.5803131101588748; -0.328465194819217; 0.7759218737269324
104; 5932843.949837179; 566584.1408719734; 5932843.7832074845; 566584.929065641; -0.16662969440221786; 0.788193667656742; 1.7791357543901172; -0.1988226442312424; 0.8056144939055921
105; 5932843.7832074845; 566584.929065641; 5932843.577629048; 566585.6341900661; -0.2055784361436963; 0.7051244251197204; 1.85448214145124; -0.07534638706112284; 0.7344814145420591
106; 5932843.577629048; 566585.6341900661; 5932843.532117535; 566586.5774903967; -0.04551151301711798; 0.9433003305457532; 1.619006050819577; 0.23547609063166308; 0.9443975918143982
107; 5932843.532117535; 566586.5774903967; 5932843.476625927; 566587.391547767; -0.05549160856753588; 0.8140573702985421; 1.6388577417310324; -0.019851690911455444; 0.8159465183201595
108; 5932843.476625927; 566587.391547767; 5932843.234753574; 566588.192195335; -0.2418723525479436; 0.800647568074055; 1.8641748599787515; -0.22531711824771916; 0.8363843393978484
109; 5932843.234753574; 566588.192195335; 5932842.426351787; 566588.6037989164; -0.8084017876535654; 0.4116035813931376; 2.670646158775884; -0.8064712987971325; 0.9071554213568574
110; 5932842.426351787; 566588.6037989164; 5932841.916867896; 566588.8426965027; -0.5094838906079531; 0.23889758624136448; 2.7031321732310407; -0.03248601445515664; 0.5627129743492386
111; 5932841.916867896; 566588.8426965027; 5932841.437081361; 566589.2614504821; -0.47978653479367495; 0.4187539793783799; 2.4240144179553926; 0.2791177552756481; 0.6368280884308973
112; 5932841.437081361; 566589.2614504821; 5932840.951673761; 566589.6580533623; -0.4854076001793146; 0.39660288020968437; 2.4565407473181953; -0.03252632936280264; 0.6268288306248035
113; 5932840.951673761; 566589.6580533623; 5932840.558166539; 566589.7416576921; -0.39350722171366215; 0.0836043298477307; 2.9322460542379036; -0.47570530691970836; 0.4022904641053444
114; 5932840.558166539; 566589.7416576921; 5932839.747447356; 566590.1390085855; -0.8107191836461425; 0.397350893355906; 2.685879038075126; 0.24636701616277756; 0.9028584203420846
115; 5932839.747447356; 566590.1390085855; 5932838.996413679; 566590.6234031077; -0.7510336767882109; 0.48439452226739377; 2.5687612803184825; 0.11711775775664357; 0.8936943755404727
116; 5932838.996413679; 566590.6234031077; 5932838.395958891; 566590.9406714241; -0.6004547877237201; 0.3172683164011687; 2.6554996370821873; -0.08673835676370478; 0.6791208557336241
117; 5932838.395958891; 566590.9406714241; 5932837.870813644; 566591.3384548929; -0.5251452475786209; 0.3977834687102586; 2.493325807029394; 0.1621738300527933; 0.6587937606213164
118; 5932837.870813644; 566591.3384548929; 5932837.245139143; 566591.7184333191; -0.6256745001301169; 0.3799784262664616; 2.5958154299995746; -0.1024896229701806; 0.7320192514825061
119; 5932837.245139143; 566591.7184333191; 5932836.780982056; 566592.4792696852; -0.46415708772838116; 0.7608363660983741; 2.1185812693018224; 0.47723416069775215; 0.891242827778306
120; 5932836.780982056; 566592.4792696852; 5932836.406248272; 566593.1319644577; -0.3747337833046913; 0.6526947724632919; 2.0919789912190527; 0.026602278082769715; 0.7526193422645712
121; 5932836.406248272; 566593.1319644577; 5932835.934549144; 566593.6277003274; -0.4716991288587451; 0.49573586974292994; 2.3313537549890673; -0.23937476377001454; 0.6842909620299528
122; 5932835.934549144; 566593.6277003274; 5932835.610061484; 566594.2847134195; -0.3244876591488719; 0.6570130920736119; 2.0295384482189567; 0.3018153067701106; 0.732774483791598
123; 5932835.610061484; 566594.2847134195; 5932835.225299223; 566594.9172285645; -0.3847622610628605; 0.6325151450000703; 2.1173002335395363; -0.08776178532057965; 0.7403495162372059
124; 5932835.225299223; 566594.9172285645; 5932834.842116117; 566595.5702987527; -0.3831831067800522; 0.6530701882438734; 2.1014095708718883; 0.015890662667648048; 0.7571855545997302
125; 5932834.842116117; 566595.5702987527; 5932834.333877605; 566596.2350789327; -0.5082385111600161; 0.6647801799699664; 2.2235263838795145; -0.12211681300762622; 0.8368028871287734
126; 5932834.333877605; 566596.2350789327; 5932833.421653076; 566596.3310468144; -0.9122245293110609; 0.09596788173075765; 3.036776163018471; -0.8132497791389564; 0.9172586473839728
127; 5932833.421653076; 566596.3310468144; 5932832.840896154; 566597.0160800462; -0.5807569222524762; 0.6850332317408174; 2.273999685968217; 0.7627764770502536; 0.898080804456613
128; 5932832.840896154; 566597.0160800462; 5932832.251366081; 566597.7134611061; -0.5895300731062889; 0.6973810598719865; 2.2725837831057243; 0.0014159028624929348; 0.9131736142513545
129; 5932832.251366081; 566597.7134611061; 5932831.504728553; 566598.3725861002; -0.7466375278308988; 0.6591249941848218; 2.4183669736032787; -0.1457831904975544; 0.9959484705167118
130; 5932831.504728553; 566598.3725861002; 5932830.912430987; 566598.8783435823; -0.5922975661233068; 0.5057574820239097; 2.4348440733574424; -0.01647709975416367; 0.778849817011443
131; 5932830.912430987; 566598.8783435823; 5932830.161041503; 566599.1036686811; -0.7513894839212298; 0.22532509884331375; 2.850247883272445; -0.4154038099150026; 0.78444729377834
132; 5932830.161041503; 566599.1036686811; 5932829.462541108; 566599.5228233247; -0.698500394821167; 0.4191546435467899; 2.6011158827459866; 0.24913200052645834; 0.8146124334750622
133; 5932829.462541108; 566599.5228233247; 5932828.755814128; 566600.0656421229; -0.7067269803956151; 0.5428187982179224; 2.4866240174887153; 0.11449186525727129; 0.891131456361997
134; 5932828.755814128; 566600.0656421229; 5932827.723360305; 566600.471951926; -1.032453822903335; 0.4063098031328991; 2.7666693567815885; -0.28004533929287323; 1.1095262739338831
135; 5932827.723360305; 566600.471951926; 5932827.082390541; 566600.6591296969; -0.6409697635099292; 0.18717777088750154; 2.8574703836967337; -0.09080102691514513; 0.667740784772346
136; 5932827.082390541; 566600.6591296969; 5932827.282458646; 566601.227460932; 0.20006810501217842; 0.568331235088408; 1.2323166004983372; 1.6251537831983964; 0.602517750294777
137; 5932827.282458646; 566601.227460932; 5932827.602788683; 566602.1554927583; 0.32033003680408; 0.9280318262754008; 1.2384296227113674; -0.006113022213030117; 0.9817608685718529
138; 5932827.602788683; 566602.1554927583; 5932827.531944246; 566602.9967182131; -0.0708444369956851; 0.8412254548165947; 1.6548138306945777; -0.4163842079832103; 0.8442032931022138
139; 5932827.531944246; 566602.9967182131; 5932827.534335509; 566604.0957563951; 0.002391262911260128; 1.099038182059303; 1.568620552397896; 0.08619327829668166; 1.0990407834846385
140; 5932827.534335509; 566604.0957563951; 5932827.537691275; 566604.8382684573; 0.003355765715241432; 0.7425120621919632; 1.566276881201383; 0.0023436711965130197; 0.7425196453051578
141; 5932827.537691275; 566604.8382684573; 5932827.319132131; 566605.7909537278; -0.21855914406478405; 0.9526852704584599; 1.796307891491471; -0.230031010290088; 0.977434050973691
142; 5932827.319132131; 566605.7909537278; 5932827.257054221; 566606.4728504961; -0.06207790970802307; 0.681896768277511; 1.6615831802555678; 0.13472471123590313; 0.6847166344269949
143; 5932827.257054221; 566606.4728504961; 5932827.367343963; 566607.4399854133; 0.1102897422388196; 0.9671349172713235; 1.4572492445494634; 0.20433393570610447; 0.9734031926434775
144; 5932827.367343963; 566607.4399854133; 5932827.335171045; 566608.1305186059; -0.03217291831970215; 0.690533192595467; 1.617354072381446; -0.16010482783198254; 0.6912822771844325
145; 5932827.335171045; 566608.1305186059; 5932827.189895241; 566609.0385034633; -0.14527580421417952; 0.9079848573310301; 1.7294496850899759; -0.11209561270852997; 0.9195333384018916
146; 5932827.189895241; 566609.0385034633; 5932826.967418861; 566609.881906901; -0.22247637994587421; 0.8434034377569333; 1.8287055585655345; -0.09925587347555864; 0.872252886755919
147; 5932826.967418861; 566609.881906901; 5932827.192113378; 566610.963391565; 0.22469451744109392; 1.0814846639987081; 1.3659458189890183; 0.46275973957651617; 1.1045798769815085
148; 5932827.192113378; 566610.963391565; 5932827.232260445; 566611.4570360059; 0.04014706704765558; 0.4936444408958778; 1.4896470229632541; -0.12370120397423578; 0.4952742886723807
149; 5932827.232260445; 566611.4570360059; 5932826.945374031; 566612.1980191048; -0.2868864145129919; 0.7409830988617614; 1.9401936522216139; -0.45054662925835975; 0.7945815047123228
150; 5932826.945374031; 566612.1980191048; 5932826.922513173; 566613.1238501542; -0.022860857658088207; 0.9258310494478792; 1.5954835666806144; 0.34471008554099947; 0.9261132495189909
151; 5932826.922513173; 566613.1238501542; 5932826.979265211; 566613.886823908; 0.056752038188278675; 0.7629737537354231; 1.4965503669490172; 0.0989331997315972; 0.7650815268503389
152; 5932826.979265211; 566613.886823908; 5932827.420606897; 566614.3410470834; 0.4413416860625148; 0.45422317541670054; 0.7997808191613798; 0.6967695477876374; 0.6333254905197911
153; 5932827.420606897; 566614.3410470834; 5932828.215225868; 566614.4251157563; 0.7946189707145095; 0.08406867296434939; 0.10540536124779651; 0.6943754579135832; 0.7990537218443908
154; 5932828.215225868; 566614.4251157563; 5932828.918228646; 566614.465607618; 0.7030027778819203; 0.04049186164047569; 0.057534868289943294; 0.047870492957853214; 0.7041679462804368
155; 5932828.918228646; 566614.465607618; 5932829.887720113; 566614.6289493836; 0.9694914668798447; 0.16334176564123482; 0.16691433008260473; -0.10937946179266143; 0.9831552455007444
156; 5932829.887720113; 566614.6289493836; 5932830.532885003; 566614.7797265656; 0.6451648902148008; 0.15077718195971102; 0.22958279516907149; -0.06266846508646676; 0.6625492390498897
157; 5932830.532885003; 566614.7797265656; 5932831.3994086385; 566614.4739215161; 0.8665236355736852; -0.3058050494873896; -0.33926508943108924; 0.5688478846001608; 0.9189014850895723
158; 5932831.3994086385; 566614.4739215161; 5932831.967104276; 566614.0716789048; 0.5676956372335553; -0.4022426112787798; -0.6164433902185528; 0.2771783007874635; 0.69575674977853
159; 5932831.967104276; 566614.0716789048; 5932832.457309183; 566613.3318842163; 0.4902049070224166; -0.7397946885321289; -0.985598476553669; 0.3691550863351162; 0.8874666371471132
160; 5932832.457309183; 566613.3318842163; 5932832.940560193; 566612.4653890104; 0.48325101006776094; -0.8664952059043571; -1.0620547955463466; 0.07645631899267769; 0.992141865151726
161; 5932832.940560193; 566612.4653890104; 5932833.212622659; 566611.9606167844; 0.2720624664798379; -0.5047722259769216; -1.0764526084050139; 0.014397812858667258; 0.5734221706428775
162; 5932833.212622659; 566611.9606167844; 5932833.6932102395; 566611.3582720326; 0.4805875802412629; -0.6023447518236935; -0.8973608174296746; -0.17909179097533934; 0.7705735671119918
163; 5932833.6932102395; 566611.3582720326; 5932834.125060981; 566610.498075198; 0.4318507416173816; -0.8601968345465139; -1.1055203499501842; 0.20815953252050967; 0.9625142374008423
164; 5932834.125060981; 566610.498075198; 5932834.433317273; 566609.8963465195; 0.3082562917843461; -0.601728678564541; -1.097369462489182; -0.008150887461002121; 0.6760912246373745
165; 5932834.433317273; 566609.8963465195; 5932834.498370454; 566609.1550284995; 0.06505318079143763; -0.7413180199218914; -1.4832671392992491; 0.38589767681006704; 0.7441668650188593
166; 5932834.498370454; 566609.1550284995; 5932834.542916461; 566608.3269331866; 0.04454600717872381; -0.8280953129287809; -1.517054791247504; 0.03378765194825495; 0.8292925865158705
167; 5932834.542916461; 566608.3269331866; 5932834.982022358; 566607.4250055393; 0.4391058972105384; -0.9019276472972706; -1.1177217804165127; -0.3993330108309914; 1.0031388089014708
168; 5932834.982022358; 566607.4250055393; 5932834.880029158; 566606.6206124112; -0.10199320036917925; -0.8043931281426921; -1.6969185262539666; 0.5791967458374538; 0.8108334708956785
169; 5932834.880029158; 566606.6206124112; 5932834.855403576; 566605.9006139542; -0.024625581689178944; -0.7199984570033848; -1.604985269684072; -0.09193325656989448; 0.7204194593157416
170; 5932834.855403576; 566605.9006139542; 5932835.015348059; 566605.1378372471; 0.1599444830790162; -0.762776707066223; -1.3641037758080308; -0.2408814938760413; 0.7793654742867459
171; 5932835.015348059; 566605.1378372471; 5932835.189822403; 566604.5110924215; 0.1744743436574936; -0.6267448256257921; -1.2992888230804611; -0.06481495272756965; 0.6505769539750219
172; 5932835.189822403; 566604.5110924215; 5932835.317104877; 566603.7743533468; 0.12728247418999672; -0.7367390746949241; -1.3997203994586391; 0.10043157637817801; 0.747653189933849
173; 5932835.317104877; 566603.7743533468; 5932835.51510966; 566602.9293515737; 0.1980047831311822; -0.8450017730938271; -1.3406244251828576; -0.059095974275781504; 0.8678904831109384
174; 5932835.51510966; 566602.9293515737; 5932835.531479677; 566601.9768770059; 0.0163700170814991; -0.9524745678063482; -1.5536111902150118; 0.2129867650321542; 0.95261523175789
175; 5932835.531479677; 566601.9768770059; 5932835.6002058955; 566601.2281018429; 0.06872621830552816; -0.7487751629669219; -1.4792679246228806; -0.07434326559213122; 0.7519225610119167
176; 5932835.6002058955; 566601.2281018429; 5932835.618093274; 566600.6525009718; 0.017887378111481667; -0.5756008711177856; -1.5397303151081043; 0.06046239048522373; 0.5758787382142674
177; 5932835.618093274; 566600.6525009718; 5932835.872949912; 566599.7092692336; 0.254856638610363; -0.9432317381724715; -1.3069026134043626; -0.23282770170374167; 0.9770557906996074
178; 5932835.872949912; 566599.7092692336; 5932836.130798389; 566599.2408388195; 0.2578484769910574; -0.4684304140973836; -1.0676061265291557; -0.239296486875207; 0.5347082287921648
179; 5932836.130798389; 566599.2408388195; 5932836.433671533; 566598.7046964479; 0.30287314392626286; -0.5361423715949059; -1.056576657176268; -0.011029469352887622; 0.6157765698134258
180; 5932836.433671533; 566598.7046964479; 5932836.680599209; 566597.9443208168; 0.24692767579108477; -0.7603756311582401; -1.2567956887844796; 0.20021903160821153; 0.799465057104361
181; 5932836.680599209; 566597.9443208168; 5932836.390743034; 566597.0076158408; -0.28985617496073246; -0.9367049760185182; -1.870893144591598; 0.6140974558071184; 0.9805268044580523
182; 5932836.390743034; 566597.0076158408; 5932836.599975918; 566596.0158230842; 0.20923288445919752; -0.9917927565984428; -1.3628807222589998; -0.5080124223325981; 1.0136228450366802
183; 5932836.599975918; 566596.0158230842; 5932836.566222052; 566595.3724465802; -0.03375386632978916; -0.6433765039546415; -1.6232119011182036; 0.26033117885920376; 0.644261320686805
184; 5932836.566222052; 566595.3724465802; 5932836.302660756; 566594.5200933694; -0.2635612962767482; -0.8523532107938081; -1.8706866242173872; 0.2474747230991836; 0.8921718180068197
185; 5932836.302660756; 566594.5200933694; 5932836.059487703; 566593.7616326363; -0.24317305255681276; -0.7584607331082225; -1.8810560466757142; 0.01036942245832706; 0.7964896842752333
186; 5932836.059487703; 566593.7616326363; 5932836.076864785; 566593.1599778264; 0.01737708132714033; -0.6016548098996282; -1.5419222089503695; -0.3391338377253448; 0.6019057012778727
187; 5932836.076864785; 566593.1599778264; 5932836.218409723; 566592.354861603; 0.14154493808746338; -0.805116223404184; -1.3967679041577832; -0.1451543047925863; 0.8174638234728188
188; 5932836.218409723; 566592.354861603; 5932836.547987405; 566591.4200785605; 0.32957768253982067; -0.9347830425249413; -1.2318326465198162; -0.16493525763796701; 0.991181509825776
189; 5932836.547987405; 566591.4200785605; 5932837.041453826; 566590.9093609154; 0.4934664210304618; -0.5107176450546831; -0.8025758181621918; -0.42925682835762435; 0.71017013571032
190; 5932837.041453826; 566590.9093609154; 5932837.823248305; 566590.6137692786; 0.7817944791167974; -0.29559163679368794; -0.3614802705201642; -0.44109554764202763; 0.8358092027011166
191; 5932837.823248305; 566590.6137692786; 5932838.639695407; 566590.2500677684; 0.8164471015334129; -0.3637015102431178; -0.4190791892391309; 0.05759891871896672; 0.893792290275227
192; 5932838.639695407; 566590.2500677684; 5932839.413182231; 566589.8845176277; 0.7734868237748742; -0.36555014073383063; -0.44148861428488734; 0.022409425045756437; 0.8555166695885398
193; 5932839.413182231; 566589.8845176277; 5932840.217665369; 566589.3208284444; 0.804483138024807; -0.5636891832109541; -0.6111854776721405; 0.16969686338725315; 0.9823128903945388
194; 5932840.217665369; 566589.3208284444; 5932840.405614532; 566588.7647894148; 0.18794916290789843; -0.5560390296159312; -1.2448388034745475; 0.633653325802407; 0.5869448784119393
195; 5932840.405614532; 566588.7647894148; 5932840.756311607; 566588.0582487099; 0.3506970750167966; -0.7065407049376518; -1.1100666240628807; -0.13477217941166675; 0.7887890758365829
196; 5932840.756311607; 566588.0582487099; 5932841.027512688; 566587.2673186352; 0.27120108157396317; -0.7909300746396184; -1.240470625313142; 0.1304040012502612; 0.8361342055055035
197; 5932841.027512688; 566587.2673186352; 5932841.140389382; 566586.5465086; 0.11287669371813536; -0.7208100352436304; -1.415460866323193; 0.174990241010051; 0.7295945825543536
198; 5932841.140389382; 566586.5465086; 5932841.206579776; 566585.7169315997; 0.06619039364159107; -0.8295770003460348; -1.4911768719600704; 0.07571600563687753; 0.832213414764238
199; 5932841.206579776; 566585.7169315997; 5932841.208691753; 566584.9517255103; 0.0021119778975844383; -0.7652060893597081; -1.5680363219227507; 0.07685944996268024; 0.7652090038962018
200; 5932841.208691753; 566584.9517255103; 5932841.115541251; 566583.9621489216; -0.09315050207078457; -0.9895765887340531; -1.6646514444097704; 0.09661512248701976; 0.9939511260653435
201; 5932841.115541251; 566583.9621489216; 5932840.80602932; 566583.0904040231; -0.30951193161308765; -0.871744898497127; -1.9119618144567652; 0.24731037004699474; 0.9250604325483989
202; 5932840.80602932; 566583.0904040231; 5932840.782019771; 566582.2542839465; -0.02400954905897379; -0.8361200765939429; -1.5995038698393491; -0.31245794461741605; 0.8364647278453983
203; 5932840.782019771; 566582.2542839465; 5932840.888422427; 566581.5625973267; 0.10640265606343746; -0.6916866197716445; -1.41816206790172; -0.18134180193762917; 0.6998227669835254
204; 5932840.888422427; 566581.5625973267; 5932841.195208774; 566580.7951798391; 0.30678634718060493; -0.7674174875719473; -1.1904928946843147; -0.2276691732174052; 0.8264668553836013
205; 5932841.195208774; 566580.7951798391; 5932841.533384886; 566580.3043226129; 0.33817611169070005; -0.4908572261920199; -0.9675249961380713; -0.22296789854624344; 0.5960737362299774
206; 5932841.533384886; 566580.3043226129; 5932841.750340424; 566579.7314148858; 0.21695553790777922; -0.5729077270952985; -1.208792823541279; 0.24126782740320774; 0.6126115973390928
207; 5932841.750340424; 566579.7314148858; 5932841.946314784; 566578.9522619736; 0.19597436022013426; -0.7791529122041538; -1.3243853912925758; 0.11559256775129678; 0.8034209422587295
208; 5932841.946314784; 566578.9522619736; 5932841.990616271; 566578.2135313713; 0.044301487505435944; -0.738730602315627; -1.5108983159606857; 0.18651292466810987; 0.7400577846309053
209; 5932841.990616271; 566578.2135313713; 5932842.09694551; 566577.5216878932; 0.10632923897355795; -0.69184347812552; -1.4182998068156871; -0.09259850914499856; 0.6999666458378663
210; 5932842.09694551; 566577.5216878932; 5932841.847608755; 566576.8342045709; -0.2493367549031973; -0.6874833223409951; -1.9187227897429575; 0.5004229829272704; 0.7313016722548018
211; 5932841.847608755; 566576.8342045709; 5932841.701292674; 566576.1868946176; -0.14631608128547668; -0.6473099532304332; -1.7930977008174782; -0.1256250889254793; 0.6636403929794538
212; 5932841.701292674; 566576.1868946176; 5932841.339695134; 566575.2320354893; -0.3615975398570299; -0.9548591283382848; -1.9327999081751486; 0.13970220735767036; 1.0210331707645963
213; 5932841.339695134; 566575.2320354893; 5932840.962084284; 566574.4044011452; -0.37761085014790297; -0.8276343441102654; -1.9988382645536913; 0.06603835637854272; 0.9097079540711135
214; 5932840.962084284; 566574.4044011452; 5932840.391708894; 566573.6605256969; -0.5703753903508186; -0.7438754482427612; -2.2249390598756564; 0.22610079532196514; 0.9373786686372896
215; 5932840.391708894; 566573.6605256969; 5932840.033624254; 566573.03898772; -0.3580846395343542; -0.621537976898253; -2.093476958599144; -0.13146210127651248; 0.7173102995198254
216; 5932840.033624254; 566573.03898772; 5932839.437789902; 566572.1511408456; -0.5958343520760536; -0.8878468744223937; -2.1618621285877735; 0.06838516998862953; 1.0692477016741746
217; 5932839.437789902; 566572.1511408456; 5932839.237127389; 566571.5165026223; -0.20066251326352358; -0.6346382233314216; -1.8770339959270754; -0.28482813266069806; 0.6656058283567664
218; 5932839.237127389; 566571.5165026223; 5932839.052866189; 566570.531182317; -0.1842612000182271; -0.9853203053353354; -1.755667394895376; -0.12136660103169938; 1.0024012639348954
219; 5932839.052866189; 566570.531182317; 5932839.048347514; 566569.7922864896; -0.004518674686551094; -0.738895827322267; -1.57691169270979; -0.17875570218558612; 0.7389096440399058
220; 5932839.048347514; 566569.7922864896; 5932839.042141582; 566569.2149730378; -0.0062059322372078896; -0.5773134517949075; -1.5815455882078076; 0.004633895498017626; 0.577346806710043
221; 5932839.042141582; 566569.2149730378; 5932839.022493332; 566568.418206665; -0.019648250192403793; -0.7967663728632033; -1.595451319167839; 0.013905730960031448; 0.7970085988627779
222; 5932839.022493332; 566568.418206665; 5932838.754469023; 566567.5427633581; -0.26802430860698223; -0.8754433068679646; -1.8678933953687462; 0.2724420762009072; 0.9155533919680315
223; 5932838.754469023; 566567.5427633581; 5932838.56757928; 566566.7027191899; -0.1868897434324026; -0.8400441681733355; -1.789707182385172; -0.0781862129835742; 0.8605823497389778
224; 5932838.56757928; 566566.7027191899; 5932838.458119395; 566566.1191140745; -0.10945988446474075; -0.5836051154183224; -1.7562004325661686; -0.03350674981900337; 0.5937814387882698
225; 5932838.458119395; 566566.1191140745; 5932838.34212189; 566565.4557547268; -0.1159975053742528; -0.663359347730875; -1.743909792120871; -0.012290640445297596; 0.6734248625310635
226; 5932838.34212189; 566565.4557547268; 5932838.013587552; 566564.8630438248; -0.3285343376919627; -0.5927109019830823; -2.076928025812869; 0.3330182336919978; 0.677673243069472
227; 5932838.013587552; 566564.8630438248; 5932837.726178127; 566564.1258890015; -0.2874094247817993; -0.7371548232622445; -1.942557073219711; -0.1343709525931578; 0.7912025094198044
228; 5932837.726178127; 566564.1258890015; 5932837.372277795; 566563.3182141192; -0.35390033200383186; -0.8076748823514208; -1.9837704747599623; 0.041213401540251215; 0.8818073262191712
229; 5932837.372277795; 566563.3182141192; 5932836.880144679; 566562.6424617345; -0.4921331163495779; -0.6757523847045377; -2.2002474045695837; 0.2164769298096214; 0.8359642873004903
230; 5932836.880144679; 566562.6424617345; 5932836.387970575; 566562.1116614576; -0.49217410385608673; -0.5308002769015729; -2.3184537287688367; 0.11820632419925303; 0.7238675862789606
231; 5932836.387970575; 566562.1116614576; 5932836.105664589; 566561.3741759346; -0.2823059856891632; -0.7374855229863897; -1.9363836493453817; -0.38207007942345506; 0.7896718091526623
232; 5932836.105664589; 566561.3741759346; 5932835.95289777; 566560.5122411674; -0.15276681911200285; -0.8619347672211006; -1.7462117908972488; -0.1901718584481329; 0.875368061997976
233; 5932835.95289777; 566560.5122411674; 5932836.059180151; 566559.6697112826; 0.10628238040953875; -0.8425298847723752; -1.4453124151378625; -0.3008993757593863; 0.8492070131128627
234; 5932836.059180151; 566559.6697112826; 5932836.106703157; 566558.7777298954; 0.04752300586551428; -0.8919813871616498; -1.5175686277265559; 0.07225621258869341; 0.8932464559847493
235; 5932836.106703157; 566558.7777298954; 5932836.10671832; 566557.9606911108; 1.5163794159889221e-05; -0.8170387846184894; -1.570777767340384; 0.053209139613828116; 0.8170387847592052
236; 5932836.10671832; 566557.9606911108; 5932836.330783516; 566557.3705674413; 0.22406519576907158; -0.5901236694771796; -1.2079185410802313; -0.36285922626015266; 0.6312298766948884
237; 5932836.330783516; 566557.3705674413; 5932836.704288823; 566556.844359758; 0.373505306430161; -0.5262076833751053; -0.9535195091192502; -0.2543990319609811; 0.6452912055610889
238; 5932836.704288823; 566556.844359758; 5932836.537814323; 566555.9894982764; -0.16647449973970652; -0.8548614815808833; -1.7631277355331696; 0.8096082264139194; 0.8709201523413317
239; 5932836.537814323; 566555.9894982764; 5932836.050168847; 566555.4233976671; -0.4876454761251807; -0.5661006092559546; -2.2818780615017826; 0.518750325968613; 0.747173346811379
240; 5932836.050168847; 566555.4233976671; 5932835.271093725; 566554.5600918081; -0.7790751215070486; -0.863305859034881; -2.304953635500925; 0.023075573999142396; 1.162865018475995
241; 5932835.271093725; 566554.5600918081; 5932834.8532299055; 566553.8702392854; -0.4178638197481632; -0.6898525226861238; -2.1154178316499697; -0.18953580385095536; 0.8065399400593467
242; 5932834.8532299055; 566553.8702392854; 5932834.34297392; 566553.1100565669; -0.5102559858933091; -0.7601827185135335; -2.1619501865504134; 0.04653235490044372; 0.9155538961014688
243; 5932834.34297392; 566553.1100565669; 5932833.80930687; 566552.3520805928; -0.5336670493707061; -0.7579759741201997; -2.184247649478241; 0.022297462927827638; 0.9269995129057519
244; 5932833.80930687; 566552.3520805928; 5932833.507465698; 566551.8109133703; -0.3018411723896861; -0.5411672224290669; -2.079577419859492; -0.10467022961874894; 0.6196531739458544
245; 5932833.507465698; 566551.8109133703; 5932833.116404822; 566551.0613196297; -0.3910608757287264; -0.7495937406783924; -2.051650563922384; -0.027926855937108197; 0.8454699193879953
246; 5932833.116404822; 566551.0613196297; 5932832.707502298; 566550.3805235485; -0.4089025240391493; -0.680796081200242; -2.111674587503676; 0.06002402358129233; 0.7941565200533164
247; 5932832.707502298; 566550.3805235485; 5932832.584766679; 566549.4702171688; -0.12273561861366034; -0.9103063796646893; -1.7048170250518644; -0.4068575624518118; 0.9185432689507399
248; 5932832.584766679; 566549.4702171688; 5932832.193441052; 566548.707877443; -0.3913256274536252; -0.7623397257411852; -2.0450445174777085; 0.34022749242584416; 0.8569116664774258
249; 5932832.193441052; 566548.707877443; 5932832.106201; 566548.332002845; -0.08724005240947008; -0.3758745980449021; -1.7988571737309673; -0.24618734374674123; 0.3858659614423431
