0; 5932827.0; 566527.0; 5932827.147500272; 566527.9048561589; 0.14750027190893888; 0.9048561588861048; 1.4092079389850571; 0.0; 0.9167993229095049
1; 5932827.147500272; 566527.9048561589; 5932826.9361773785; 566529.0599053636; -0.21132289338856936; 1.1550492047099397; 1.7517507715977054; -0.3425428326126483; 1.1742214572094911
2; 5932826.9361773785; 566529.0599053636; 5932826.634565517; 566529.7625948131; -0.3016118612140417; 0.7026894495356828; 1.9762401162205394; -0.224489344622834; 0.7646843645019553
3; 5932826.634565517; 566529.7625948131; 5932826.027194483; 566530.5682070208; -0.6073710341006517; 0.8056122076231986; 2.216804588280827; -0.24056447206028753; 1.0089155574853719
4; 5932826.027194483; 566530.5682070208; 5932825.895241365; 566531.123673685; -0.13195311836898327; 0.555466664256528; 1.8040268863499307; 0.41277770193089625; 0.5709245489095501
5; 5932825.895241365; 566531.123673685; 5932825.786041609; 566531.8463732854; -0.10919975582510233; 0.722699600388296; 1.7207616869843432; 0.08326519936558752; 0.73090307091547
6; 5932825.786041609; 566531.8463732854; 5932825.673718682; 566532.924932491; -0.11232292745262384; 1.0785592056345195; 1.6745639118604894; 0.04619777512385381; 1.084392180020906
7; 5932825.673718682; 566532.924932491; 5932825.890934339; 566533.7026553815; 0.2172156572341919; 0.7777228904888034; 1.2984396497178252; 0.37612426214266415; 0.8074871739773587
8; 5932825.890934339; 566533.7026553815; 5932826.229402103; 566534.3815537991; 0.33846776466816664; 0.6788984176237136; 1.1083059001177262; 0.190133749600099; 0.7585930985524767
9; 5932826.229402103; 566534.3815537991; 5932826.757599661; 566535.13059164; 0.5281975576654077; 0.7490378408692777; 0.9566102835744624; 0.1516956165432638; 0.91654260510781
10; 5932826.757599661; 566535.13059164; 5932827.165374088; 566535.6188176345; 0.4077744269743562; 0.48822599451523274; 0.8749476774652436; 0.08166260610921883; 0.6361168171135335
11; 5932827.165374088; 566535.6188176345; 5932827.639622484; 566536.2075885537; 0.4742483962327242; 0.5887709191301838; 0.89271748922107; -0.01776981175582637; 0.7560176826918219
12; 5932827.639622484; 566536.2075885537; 5932827.943668778; 566536.5099208949; 0.304046293720603; 0.3023323412053287; 0.7825716324939189; 0.11014585672715105; 0.42877615752736353
13; 5932827.943668778; 566536.5099208949; 5932828.826817539; 566536.8312435722; 0.8831487605348229; 0.3213226773077622; 0.3489486782368552; 0.4336229542570637; 0.9397872079287004
14; 5932828.826817539; 566536.8312435722; 5932829.619082273; 566537.1737270403; 0.7922647343948483; 0.3424834681209177; 0.4080241543826568; -0.05907547614580161; 0.863121274967702
15; 5932829.619082273; 566537.1737270403; 5932830.496791617; 566537.6127460185; 0.8777093440294266; 0.43901897815521806; 0.46379735683079126; -0.05577320244813444; 0.9813823698115929
16; 5932830.496791617; 566537.6127460185; 5932831.195015321; 566537.9463911111; 0.6982237035408616; 0.3336450926726684; 0.4457698235517464; 0.018027533279044883; 0.7738445503141251
17; 5932831.195015321; 566537.9463911111; 5932831.989401009; 566538.4131505106; 0.7943856883794069; 0.46675939951092005; 0.5312317154434162; -0.0854618918916698; 0.9213647263347012
18; 5932831.989401009; 566538.4131505106; 5932832.690709956; 566539.1979614904; 0.7013089470565319; 0.7848109797341749; 0.8415270954546795; -0.31029538001126333; 1.0525029753558215
19; 5932832.690709956; 566539.1979614904; 5932832.851852637; 566539.7913131758; 0.16114268079400063; 0.5933516854420304; 1.3056120733726226; -0.4640849779179431; 0.6148440340365802
20; 5932832.851852637; 566539.7913131758; 5932832.995383217; 566540.6604150949; 0.14353058021515608; 0.8691019191173837; 1.4071254810468408; -0.10151340767421813; 0.8808740961513278
21; 5932832.995383217; 566540.6604150949; 5932833.319910581; 566541.266408914; 0.3245273642241955; 0.6059938190737739; 1.0791310015839528; 0.32799447946288796; 0.6874201909210418
22; 5932833.319910581; 566541.266408914; 5932833.713839886; 566542.4922760891; 0.3939293045550585; 1.2258671751478687; 1.2598715628228032; -0.1807405612388504; 1.2876065501900211
23; 5932833.713839886; 566542.4922760891; 5932833.817293948; 566543.4587238536; 0.10345406178385019; 0.9664477644255385; 1.4641567256435992; -0.204285162820796; 0.9719691477936416
24; 5932833.817293948; 566543.4587238536; 5932833.797579457; 566543.9042507954; -0.01971449051052332; 0.4455269417958334; 1.6150173075181267; -0.15086058187452744; 0.4459629098950242
25; 5932833.797579457; 566543.9042507954; 5932833.790940314; 566544.6171458769; -0.006639143452048302; 0.7128950814949349; 1.5801089896188851; 0.03490831789924154; 0.7129259957705615
26; 5932833.790940314; 566544.6171458769; 5932833.830954552; 566545.2576208707; 0.040014238096773624; 0.6404749938519672; 1.50840154416818; 0.07170744545070518; 0.6417237388472883
27; 5932833.830954552; 566545.2576208707; 5932833.590691565; 566546.1509121568; -0.24026298709213734; 0.893291286076419; 1.8335420828926956; -0.32514053872451565; 0.9250381747509122
28; 5932833.590691565; 566546.1509121568; 5932833.479550491; 566546.8676425267; -0.11114107351750135; 0.7167303699534386; 1.7246378434859977; 0.10890423940669791; 0.72529632663913
29; 5932833.479550491; 566546.8676425267; 5932833.026908458; 566547.605935329; -0.45264203287661076; 0.7382928022416309; 2.1207873358311256; -0.39614949234512786; 0.8660029282678382
30; 5932833.026908458; 566547.605935329; 5932832.566845221; 566548.5379423733; -0.4600632367655635; 0.9320070443209261; 2.0293320287289047; 0.09145530710222083; 1.039372557116569
31; 5932832.566845221; 566548.5379423733; 5932832.870290487; 566549.5313766991; 0.30344526562839746; 0.9934343257918954; 1.2743463712820047; 0.7549856574469; 1.0387448141357367
32; 5932832.870290487; 566549.5313766991; 5932833.206916707; 566550.2179716385; 0.33662621956318617; 0.6865949394414201; 1.1149520303902745; 0.1593943408917302; 0.7646762861263384
33; 5932833.206916707; 566550.2179716385; 5932833.521276882; 566550.7354148378; 0.3143601752817631; 0.5174431992927566; 1.0248614028285987; 0.09009062756167574; 0.6054500675509948
34; 5932833.521276882; 566550.7354148378; 5932833.911240691; 566551.366594524; 0.3899638094007969; 0.6311796861700714; 1.0173672224598405; 0.007494180368758263; 0.7419296252853979
35; 5932833.911240691; 566551.366594524; 5932834.264929195; 566552.0152960776; 0.35368850361555815; 0.6487015535822138; 1.0716262964673886; -0.05425907400754815; 0.7388567271195347
36; 5932834.264929195; 566552.0152960776; 5932834.51711343; 566552.7032264716; 0.25218423549085855; 0.6879303939640522; 1.219424455795239; -0.14779815932785034; 0.7326971513317387
37; 5932834.51711343; 566552.7032264716; 5932834.735643032; 566553.3356288736; 0.21852960158139467; 0.6324024019995704; 1.2380871907360855; -0.01866273494084658; 0.6690948997131494
38; 5932834.735643032; 566553.3356288736; 5932834.992837267; 566553.7899261295; 0.2571942349895835; 0.45429725595749915; 1.0556487533127734; 0.18243843742331212; 0.5220487250079159
39; 5932834.992837267; 566553.7899261295; 5932835.094550652; 566554.753461553; 0.1017133854329586; 0.9635354235069826; 1.4656231536851227; -0.40997440037234933; 0.9688891191096192
40; 5932835.094550652; 566554.753461553; 5932835.741943336; 566555.3959190417; 0.6473926836624742; 0.6424574886914343; 0.7815720051397784; 0.6840511485453443; 0.9120684796852727
41; 5932835.741943336; 566555.3959190417; 5932836.3167471625; 566555.8486402689; 0.5748038263991475; 0.45272122719325125; 0.6671402563612893; 0.11443174877848916; 0.7316802227711672
42; 5932836.3167471625; 566555.8486402689; 5932837.153981725; 566555.9892037242; 0.8372345622628927; 0.14056345529388636; 0.16633887906407893; 0.5008013772972103; 0.8489521760450903
43; 5932837.153981725; 566555.9892037242; 5932837.708276738; 566555.7149720561; 0.5542950136587024; -0.2742316680960357; -0.45943040376447347; 0.6257692828285524; 0.6184221615964578
44; 5932837.708276738; 566555.7149720561; 5932838.287176733; 566556.2156075712; 0.5788999944925308; 0.5006355150835589; 0.7130264904934728; -1.1724568942579463; 0.7653503267043351
45; 5932838.287176733; 566556.2156075712; 5932838.547991921; 566556.8662190464; 0.26081518828868866; 0.6506114752264693; 1.189534128106248; -0.47650763761277515; 0.7009421189644882
46; 5932838.547991921; 566556.8662190464; 5932838.502084785; 566557.576288412; -0.04590713605284691; 0.7100693655665964; 1.6353580961545278; -0.44582396804827984; 0.7115518034948146
47; 5932838.502084785; 566557.576288412; 5932838.769619588; 566558.3646387567; 0.2675348026677966; 0.7883503447519615; 1.2436313529476806; 0.3917267432068472; 0.8325089409183745
48; 5932838.769619588; 566558.3646387567; 5932838.853454131; 566559.1015727015; 0.08383454289287329; 0.7369339447468519; 1.4575220310315; -0.21389067808381945; 0.7416871776579484
49; 5932838.853454131; 566559.1015727015; 5932838.680075401; 566559.8356605778; -0.17337872926145792; 0.7340878762770444; 1.8027286308465453; -0.3452065998150453; 0.7542845576155323
50; 5932838.680075401; 566559.8356605778; 5932838.258781011; 566560.2727488121; -0.42129439022392035; 0.43708823435008526; 2.3377970276418845; -0.5350683967953391; 0.6070709084130287
51; 5932838.258781011; 566560.2727488121; 5932837.728239756; 566560.6958005399; -0.5305412551388144; 0.4230517278192565; 2.468441242697524; -0.13064421505563972; 0.6785622947195983
52; 5932837.728239756; 566560.6958005399; 5932837.84128458; 566561.4242561491; 0.11304482351988554; 0.7284556091763079; 1.4168401230108847; 1.0516011196866395; 0.7371748141825438
53; 5932837.84128458; 566561.4242561491; 5932838.266789705; 566562.2989593386; 0.42550512496382; 0.8747031894745305; 1.1180420356728038; 0.2987980873380809; 0.9727077058640958
54; 5932838.266789705; 566562.2989593386; 5932838.553128871; 566563.0825037442; 0.2863391665741801; 0.7835444055963308; 1.2204324671030602; -0.10239043143025639; 0.8342253615514835
55; 5932838.553128871; 566563.0825037442; 5932838.8747846; 566564.0056451984; 0.321655728854239; 0.9231414542300627; 1.2355154921277958; -0.015083025024735575; 0.9775748321344748
56; 5932838.8747846; 566564.0056451984; 5932839.541349126; 566564.5601062455; 0.6665645260363817; 0.5544610470533371; 0.693843913916646; 0.5416715782111498; 0.8670267124313928
57; 5932839.541349126; 566564.5601062455; 5932839.996960359; 566565.1912426169; 0.4556112326681614; 0.6311363714048639; 0.9455294519641874; -0.25168553804754135; 0.7784052380627329
58; 5932839.996960359; 566565.1912426169; 5932840.533148428; 566565.58878369; 0.5361880697309971; 0.3975410731509328; 0.6379878753643659; 0.3075415765998215; 0.6674852440045757
59; 5932840.533148428; 566565.58878369; 5932840.966849029; 566565.9881893352; 0.43370060063898563; 0.3994056452065706; 0.7442562279806131; -0.10626835261624723; 0.5895939962529247
60; 5932840.966849029; 566565.9881893352; 5932841.712371383; 566566.5975950635; 0.745522353798151; 0.6094057282898575; 0.6852736839865851; 0.058982543994028025; 0.9629013042286458
61; 5932841.712371383; 566566.5975950635; 5932842.372166055; 566567.1370967933; 0.6597946723923087; 0.5395017297705635; 0.6854295895922774; -0.00015590560569234135; 0.8522858242061193
62; 5932842.372166055; 566567.1370967933; 5932843.331456177; 566567.654757384; 0.9592901216819882; 0.5176605907035992; 0.4948458342788021; 0.19058375531347532; 1.0900504688885937
63; 5932843.331456177; 566567.654757384; 5932843.643303148; 566568.4084820359; 0.3118469715118408; 0.753724651876837; 1.1785004654219848; -0.6836546311431828; 0.8156895147591183
64; 5932843.643303148; 566568.4084820359; 5932843.889467124; 566569.1121294232; 0.2461639754474163; 0.7036473873304203; 1.234264087094314; -0.05576362167232918; 0.745463847886001
65; 5932843.889467124; 566569.1121294232; 5932844.3256560685; 566569.7943316433; 0.4361889446154237; 0.682202220079489; 1.0019205106976188; 0.23234357639669523; 0.8097287598239924
66; 5932844.3256560685; 566569.7943316433; 5932844.694279353; 566570.3189505108; 0.36862328462302685; 0.5246188675519079; 0.9582942598077703; 0.043626250889848506; 0.6411771067011948
67; 5932844.694279353; 566570.3189505108; 5932844.934977406; 566570.9542391006; 0.2406980525702238; 0.6352885897504166; 1.208628480987692; -0.25033422117992166; 0.679357891525646
68; 5932844.934977406; 566570.9542391006; 5932845.460508345; 566571.7640094749; 0.5255309389904141; 0.8097703743260354; 0.9951331339602176; 0.2134953470274743; 0.9653552853598896
69; 5932845.460508345; 566571.7640094749; 5932845.540350601; 566572.6746534213; 0.07984225638210773; 0.9106439463794231; 1.4833432588035984; -0.4882101248433808; 0.9141373983060074
70; 5932845.540350601; 566572.6746534213; 5932845.577376491; 566573.7981178047; 0.037025890313088894; 1.1234643834177405; 1.5378513627310209; -0.05450810392742245; 1.124074346901343
71; 5932845.577376491; 566573.7981178047; 5932845.635783245; 566574.4093874501; 0.05840675346553326; 0.6112696453928947; 1.4755356275729756; 0.06231573515804523; 0.6140536851360302
72; 5932845.635783245; 566574.4093874501; 5932845.768933203; 566575.381023718; 0.1331499582156539; 0.9716362679610029; 1.4346077641821406; 0.040927863390834984; 0.9807170583761742
73; 5932845.768933203; 566575.381023718; 5932845.6010870375; 566576.0717285349; -0.1678461655974388; 0.6907048168359324; 1.8091826732579972; -0.37457490907585655; 0.7108062178302339
74; 5932845.6010870375; 566576.0717285349; 5932845.574979402; 566576.9917004916; -0.026107635349035263; 0.9199719567550346; 1.5991674417266506; 0.2100152315313466; 0.9203423329605162
75; 5932845.574979402; 566576.9917004916; 5932845.116020827; 566577.9949083804; -0.458958575502038; 1.0032078888034448; 1.999862276624401; -0.4006948348977504; 1.1032085216242324
76; 5932845.116020827; 566577.9949083804; 5932845.010071511; 566578.8692743416; -0.10594931524246931; 0.8743659611791372; 1.691381179656506; 0.30848109696789505; 0.8807616541772607
77; 5932845.010071511; 566578.8692743416; 5932845.010289312; 566579.822481294; 0.00021780095994472504; 0.9532069524284452; 1.5705678339627793; 0.12081334569372659; 0.9532069773114243
78; 5932845.010289312; 566579.822481294; 5932844.997446161; 566580.575936507; -0.012843151576817036; 0.7534552129218355; 1.587840349708012; -0.017272515745232697; 0.7535646650563662
79; 5932844.997446161; 566580.575936507; 5932845.153790929; 566581.4041636288; 0.15634476859122515; 0.828227121848613; 1.3842214013230592; 0.20361894838495287; 0.8428545853416716
80; 5932845.153790929; 566581.4041636288; 5932845.318575738; 566582.3821995691; 0.16478480864316225; 0.978035940323025; 1.4038785627559358; -0.019657161432876658; 0.9918207165224506
81; 5932845.318575738; 566582.3821995691; 5932845.443441868; 566583.4446923346; 0.12486612983047962; 1.0624927654862404; 1.4538110701238902; -0.049932507367954404; 1.0698048546765158
82; 5932845.443441868; 566583.4446923346; 5932845.217639688; 566584.0273101878; -0.22580217942595482; 0.5826178531860933; 1.9405369659909681; -0.48672589586707793; 0.6248441302314387
83; 5932845.217639688; 566584.0273101878; 5932845.138669564; 566584.8331430693; -0.07897012401372194; 0.8058328814804554; 1.6684825499404086; 0.2720544160505596; 0.8096930982550341
84; 5932845.138669564; 566584.8331430693; 5932845.235173459; 566585.6028110145; 0.09650389477610588; 0.7696679452201352; 1.4460634508091248; 0.22241909913128377; 0.7756943648153843
85; 5932845.235173459; 566585.6028110145; 5932845.357417004; 566586.4265323413; 0.1222435450181365; 0.8237213267711923; 1.423467617425852; 0.022595833383272756; 0.8327426424029782
86; 5932845.357417004; 566586.4265323413; 5932845.428857255; 566587.286758179; 0.07144025061279535; 0.8602258376777172; 1.487938218601979; -0.06447060117612691; 0.8631872341595126
87; 5932845.428857255; 566587.286758179; 5932845.898348075; 566588.4415192656; 0.4694908205419779; 1.1547610866837204; 1.1846393122941876; 0.3032989063077913; 1.2465531668934728
88; 5932845.898348075; 566588.4415192656; 5932846.082347067; 566589.0044383368; 0.18399899173527956; 0.5629190711770207; 1.2548778033431343; -0.07023849104894664; 0.5922275826524792
89; 5932846.082347067; 566589.0044383368; 5932846.4210859835; 566589.5363625118; 0.3387389164417982; 0.5319241749821231; 1.0037437394728816; 0.2511340638702526; 0.6306245962873441
90; 5932846.4210859835; 566589.5363625118; 5932847.108549794; 566590.0482163912; 0.6874638106673956; 0.5118538794340566; 0.6400065005163116; 0.36373723895657006; 0.8570886096950714
91; 5932847.108549794; 566590.0482163912; 5932847.747315761; 566590.6164334831; 0.6387659665197134; 0.5682170918444172; 0.7270139998967524; -0.08700749938044083; 0.8549225833068106
92; 5932847.747315761; 566590.6164334831; 5932848.390942707; 566591.3356593658; 0.6436269460245967; 0.7192258826689795; 0.8408124660458438; -0.11379846614909139; 0.9651639839684869
93; 5932848.390942707; 566591.3356593658; 5932848.813621217; 566592.3683846906; 0.422678510658443; 1.0327253248542547; 1.182311747508546; -0.34149928146270225; 1.1158757636797052
94; 5932848.813621217; 566592.3683846906; 5932849.117668497; 566593.0142646319; 0.3040472799912095; 0.6458799412939698; 1.1308222061676063; 0.05148954134093975; 0.7138666871594127
95; 5932849.117668497; 566593.0142646319; 5932849.298276425; 566593.9422028675; 0.18060792796313763; 0.9279382355744019; 1.3785660842367364; -0.24774387806913012; 0.9453510420389202
96; 5932849.298276425; 566593.9422028675; 5932849.167690406; 566594.7259971967; -0.1305860197171569; 0.7837943292688578; 1.7358874435423348; -0.3573213593055984; 0.7945981746389734
97; 5932849.167690406; 566594.7259971967; 5932849.168168471; 566595.3450177301; 0.0004780655726790428; 0.6190205333987251; 1.5700240333864552; 0.16586341015587958; 0.6190207180021796
98; 5932849.168168471; 566595.3450177301; 5932849.965173447; 566595.8650225266; 0.7970049753785133; 0.520004796446301; 0.5780946449186155; 0.9919293884678397; 0.9516416968088691
99; 5932849.965173447; 566595.8650225266; 5932850.83285124; 566596.0027989529; 0.8676777938380837; 0.13777642627246678; 0.157472847650978; 0.4206217972676375; 0.8785482898259701
100; 5932850.83285124; 566596.0027989529; 5932851.570938572; 566595.7968621437; 0.7380873318761587; -0.20593680918682367; -0.2720942904366302; 0.42956713808760816; 0.7662785908885339
101; 5932851.570938572; 566595.7968621437; 5932852.218024188; 566595.5924094499; 0.6470856154337525; -0.2044526938116178; -0.3060332562040435; 0.03393896576741329; 0.6786167531885029
102; 5932852.218024188; 566595.5924094499; 5932851.991162521; 566594.7771527395; -0.22686166688799858; -0.8152567103970796; -1.8422002891514477; 1.5361670329474042; 0.846232662895181
103; 5932851.991162521; 566594.7771527395; 5932851.478799751; 566593.7831985444; -0.5123627698048949; -0.9939541950589046; -2.0467505174050737; 0.204550228253626; 1.1182399338949305
104; 5932851.478799751; 566593.7831985444; 5932850.787605827; 566593.145212519; -0.6911939242854714; -0.6379860254237428; -2.3962037494035555; 0.3494532319984818; 0.9406249037768109
105; 5932850.787605827; 566593.145212519; 5932850.1776536815; 566592.7634754935; -0.6099521452561021; -0.3817370254546404; -2.582384131898494; 0.18618038249493862; 0.719558737078133
106; 5932850.1776536815; 566592.7634754935; 5932849.318083935; 566592.3832448518; -0.8595697460696101; -0.38023064169101417; -2.7251186863850947; 0.14273455448660055; 0.9399124902026436
107; 5932849.318083935; 566592.3832448518; 5932848.470179587; 566592.1972861022; -0.8479043487459421; -0.18595874961465597; -2.925695135581064; 0.20057644919596918; 0.8680567038970015
108; 5932848.470179587; 566592.1972861022; 5932847.77657405; 566592.346444328; -0.6936055365949869; 0.14915822574403137; 2.9297709698899905; -5.855466105471054; 0.709462343399794
109; 5932847.77657405; 566592.346444328; 5932847.161890192; 566592.5348403165; -0.6146838581189513; 0.18839598854538053; 2.844190137571174; 0.08558083231881675; 0.642906909227137
110; 5932847.161890192; 566592.5348403165; 5932846.341671579; 566592.5549867491; -0.820218613371253; 0.020146432565525174; 3.1170353194588705; -0.2728451818876967; 0.8204659971417331
111; 5932846.341671579; 566592.5549867491; 5932845.599890968; 566592.4628239968; -0.741780610755086; -0.09216275229118764; -3.017980820121716; 6.1350161395805864; 0.7474840783602519
112; 5932845.599890968; 566592.4628239968; 5932844.864841425; 566591.9175980582; -0.7350495429709554; -0.5452259385492653; -2.503389906882564; -0.514590913239152; 0.9151880433488724
113; 5932844.864841425; 566591.9175980582; 5932844.205319273; 566591.3998504002; -0.6595221515744925; -0.5177476580720395; -2.476043849576032; -0.027346057306532057; 0.838470098367574
114; 5932844.205319273; 566591.3998504002; 5932843.446665993; 566591.0221044717; -0.7586532803252339; -0.37774592847563326; -2.6796132941278787; 0.20356944455184678; 0.8474944166353877
115; 5932843.446665993; 566591.0221044717; 5932842.885539391; 566590.3630374989; -0.5611266018822789; -0.6590669727884233; -2.2760999464145644; -0.4035133477133144; 0.8655820804293778
116; 5932842.885539391; 566590.3630374989; 5932842.184475367; 566589.9821340735; -0.7010640241205692; -0.3809034253936261; -2.6438910499667516; 0.36779110355218725; 0.79785849960549
117; 5932842.184475367; 566589.9821340735; 5932841.356505675; 566589.9233557573; -0.8279696917161345; -0.058778316248208284; -3.070720648870388; 0.4268295989036366; 0.8300534325340058
118; 5932841.356505675; 566589.9233557573; 5932840.563139247; 566589.6326646399; -0.7933664284646511; -0.29069111740682274; -2.790381101010781; -0.28033954785960713; 0.8449447411245209
119; 5932840.563139247; 566589.6326646399; 5932839.532925794; 566589.4306076727; -1.0302134528756142; -0.20205696718767285; -2.9479198776714504; 0.1575387766606693; 1.0498413101392874
120; 5932839.532925794; 566589.4306076727; 5932838.8867339445; 566588.9085444335; -0.646191849373281; -0.5220632391283289; -2.4620486313790715; -0.4858712462923789; 0.8307309623732727
121; 5932838.8867339445; 566588.9085444335; 5932838.1438946435; 566588.6316095619; -0.7428393010050058; -0.2769348716828972; -2.7847469669801317; 0.3226983356010602; 0.7927819058679558
122; 5932838.1438946435; 566588.6316095619; 5932837.422668665; 566588.2084091691; -0.7212259788066149; -0.42320039274636656; -2.6109510620221625; -0.17379590495796915; 0.8362209546084328
123; 5932837.422668665; 566588.2084091691; 5932836.497383649; 566587.5563206038; -0.9252850152552128; -0.6520885652862489; -2.5276902467612317; -0.08326081526093088; 1.1319769681547933
124; 5932836.497383649; 566587.5563206038; 5932835.974348943; 566587.0059870279; -0.5230347067117691; -0.5503335759276524; -2.3307670707230934; -0.19692317603813825; 0.7592314200679418
125; 5932835.974348943; 566587.0059870279; 5932835.428218902; 566586.2998659738; -0.5461300406605005; -0.7061210541287437; -2.229120204492349; -0.10164686623074459; 0.8926729324874414
126; 5932835.428218902; 566586.2998659738; 5932834.909054846; 566585.3967538737; -0.5191640565171838; -0.9031121000880376; -2.092526247627358; -0.13659395686499076; 1.0417018685328365
127; 5932834.909054846; 566585.3967538737; 5932834.649678275; 566584.8152025333; -0.25937657058238983; -0.5815513404086232; -1.9903255770897132; -0.10220067053764481; 0.6367716756406081
128; 5932834.649678275; 566584.8152025333; 5932834.688175447; 566583.9272709446; 0.03849717229604721; -0.887931588687934; -1.5274674506191932; -0.46285812647052005; 0.8887657387999776
129; 5932834.688175447; 566583.9272709446; 5932835.015708712; 566582.7678235153; 0.327533264644444; -1.1594474292360246; -1.2954793762846157; -0.23198807433457747; 1.2048221365042533
130; 5932835.015708712; 566582.7678235153; 5932835.36761604; 566581.8570230368; 0.35190732777118683; -0.910800478537567; -1.202093600366563; -0.09338577591805275; 0.976420134492995
131; 5932835.36761604; 566581.8570230368; 5932835.431025982; 566581.2231992552; 0.06340994220227003; -0.6338237816235051; -1.4710846165771263; 0.2689910162105633; 0.6369877604174321
132; 5932835.431025982; 566581.2231992552; 5932835.574529009; 566580.3136410184; 0.14350302703678608; -0.9095582368317991; -1.4143139836300984; -0.05677063294702789; 0.9208090491286952
133; 5932835.574529009; 566580.3136410184; 5932835.945923132; 566579.7103953667; 0.3713941229507327; -0.6032456516986713; -1.018941740494258; -0.3953722431358404; 0.7084058941424038
134; 5932835.945923132; 566579.7103953667; 5932836.030704164; 566579.0238751853; 0.08478103205561638; -0.6865201813634485; -1.447924567708738; 0.42898282721448; 0.6917353415980115
135; 5932836.030704164; 566579.0238751853; 5932836.571089031; 566578.0239591878; 0.5403848672285676; -0.9999159974977374; -1.0753299978868938; -0.37259456982184425; 1.136594829647545
136; 5932836.571089031; 566578.0239591878; 5932836.676912452; 566577.1474726505; 0.10582342091947794; -0.8764865372795612; -1.4506419768428576; 0.3753119789559638; 0.8828517692384247
137; 5932836.676912452; 566577.1474726505; 5932836.763862696; 566576.3515022931; 0.08695024345070124; -0.7959703573724255; -1.461989710611909; 0.011347733769051516; 0.800705410654707
138; 5932836.763862696; 566576.3515022931; 5932836.927568437; 566575.396252457; 0.16370574105530977; -0.9552498360862955; -1.401070298313908; -0.06091941229800102; 0.9691758452403582
139; 5932836.927568437; 566575.396252457; 5932837.279478691; 566574.5041863907; 0.35191025398671627; -0.8920660663861781; -1.1950498178511864; -0.2060204804627217; 0.9589695999658718
140; 5932837.279478691; 566574.5041863907; 5932837.486624016; 566573.7382038125; 0.2071453258395195; -0.7659825781593099; -1.3066829532474278; 0.11163313539624142; 0.7934976345653111
141; 5932837.486624016; 566573.7382038125; 5932837.313830863; 566572.9042376557; -0.17279315367341042; -0.8339661568170413; -1.7750999530053075; 0.46841699975787976; 0.8516789445986022
142; 5932837.313830863; 566572.9042376557; 5932837.053316535; 566572.2310066173; -0.26051432732492685; -0.6732310383813456; -1.9400121200698837; 0.16491216706457612; 0.7218779299726401
143; 5932837.053316535; 566572.2310066173; 5932836.970840815; 566571.3613938554; -0.08247571997344494; -0.8696127618895844; -1.665355376988355; -0.27465674308152876; 0.873515082884302
144; 5932836.970840815; 566571.3613938554; 5932836.9807783635; 566570.5261795898; 0.009937548078596592; -0.8352142656221986; -1.5588986861728649; -0.10645669081549003; 0.8352733830074097
145; 5932836.9807783635; 566570.5261795898; 5932837.008474865; 566570.0664361331; 0.027696501463651657; -0.4597434566821903; -1.510625664547231; -0.04827302162563396; 0.46057696659235475
146; 5932837.008474865; 566570.0664361331; 5932837.187322858; 566569.2283731747; 0.17884799279272556; -0.838062958442606; -1.3605438621103758; -0.1500818024368551; 0.856934143817108
147; 5932837.187322858; 566569.2283731747; 5932837.226080429; 566568.3485118283; 0.03875757101923227; -0.8798613463295624; -1.5267751496951898; 0.16623128758481398; 0.8807145610674215
148; 5932837.226080429; 566568.3485118283; 5932837.297916446; 566567.5030749538; 0.07183601707220078; -0.845436874544248; -1.4860308227909924; -0.04074432690419738; 0.8484833069589196
149; 5932837.297916446; 566567.5030749538; 5932837.264447501; 566566.8343293912; -0.0334689449518919; -0.6687455625506118; -1.6208019568939602; 0.13477113410296782; 0.6695825548110755
150; 5932837.264447501; 566566.8343293912; 5932837.32394792; 566565.9424248725; 0.05950041953474283; -0.891904518706724; -1.5041833817078714; -0.11661857518608887; 0.8938870009202973
151; 5932837.32394792; 566565.9424248725; 5932837.601193783; 566565.0222281336; 0.27724586240947247; -0.9201967389089987; -1.278156678938288; -0.22602670276958325; 0.9610553087736043
152; 5932837.601193783; 566565.0222281336; 5932838.315452845; 566564.1310765098; 0.7142590619623661; -0.8911516238003969; -0.8951407119565611; -0.383015966981727; 1.1420670839304683
153; 5932838.315452845; 566564.1310765098; 5932838.982434675; 566563.3451850339; 0.6669818302616477; -0.7858914759708568; -0.8670606188326991; -0.02808009312386195; 1.0307716400361573
154; 5932838.982434675; 566563.3451850339; 5932839.2775435; 566562.872835858; 0.295108824968338; -0.47234917583409697; -1.01236359371036; 0.14530297487766097; 0.5569586721520223
155; 5932839.2775435; 566562.872835858; 5932839.437283493; 566562.0850656993; 0.1597399925813079; -0.7877701587276533; -1.3707340507880927; 0.35837045707773263; 0.8038026425756937
156; 5932839.437283493; 566562.0850656993; 5932839.436560544; 566561.4955609421; -0.0007229484617710114; -0.5895047571975738; -1.5720226919607632; 0.20128864117267042; 0.5895052004970345
157; 5932839.436560544; 566561.4955609421; 5932839.815629915; 566560.608027608; 0.3790693711489439; -0.8875333340838552; -1.1671446047465854; -0.40487808721417773; 0.9650953358364447
158; 5932839.815629915; 566560.608027608; 5932840.20105833; 566559.9633348491; 0.3854284146800637; -0.6446927589131519; -1.0319605240099683; -0.13518408073661714; 0.7511217053433076
159; 5932840.20105833; 566559.9633348491; 5932840.778083751; 566559.3717987309; 0.5770254209637642; -0.591536118183285; -0.7978150973555377; -0.2341454266544306; 0.8263614920564477
160; 5932840.778083751; 566559.3717987309; 5932841.388493387; 566558.9542690425; 0.6104096360504627; -0.4175296884495765; -0.5999174028733599; -0.19789769448217776; 0.739547810841232
161; 5932841.388493387; 566558.9542690425; 5932842.008848575; 566558.5536988203; 0.6203551879152656; -0.4005702221766114; -0.5733542556362139; -0.026563147237146034; 0.7384423214226039
162; 5932842.008848575; 566558.5536988203; 5932842.568337099; 566558.3055283253; 0.5594885237514973; -0.24817049503326416; -0.41749115419464655; -0.15586310144156734; 0.6120588230020748
163; 5932842.568337099; 566558.3055283253; 5932843.556982091; 566558.5304723473; 0.9886449920013547; 0.22494402201846242; 0.2237189419545135; -0.64121009614916; 1.0139125865927503
164; 5932843.556982091; 566558.5304723473; 5932844.471812863; 566558.7454608824; 0.9148307722061872; 0.21498853515367955; 0.23081538265852497; -0.00709644070401147; 0.9397528462435716
165; 5932844.471812863; 566558.7454608824; 5932845.3885187; 566558.5793408568; 0.9167058374732733; -0.16612002567853779; -0.17926868899228368; 0.4100840716508086; 0.9316359028016328
166; 5932845.3885187; 566558.5793408568; 5932846.193378085; 566558.2361515814; 0.804859384894371; -0.34318927535787225; -0.4030529538715657; 0.22378426487928202; 0.8749728613924016
167; 5932846.193378085; 566558.2361515814; 5932846.792342778; 566557.9573066749; 0.5989646930247545; -0.27884490648284554; -0.43570553431153336; 0.03265258043996766; 0.6606914448981955
168; 5932846.792342778; 566557.9573066749; 5932847.1866152035; 566557.7275879609; 0.39427242521196604; -0.2297187140211463; -0.5275566613071938; 0.09185112699566045; 0.4563128672895983
169; 5932847.1866152035; 566557.7275879609; 5932847.949545; 566557.404547087; 0.7629297962412238; -0.323040873860009; -0.400532878979066; -0.12702378232812783; 0.8285030357077235
170; 5932847.949545; 566557.404547087; 5932848.627287177; 566557.3087495663; 0.6777421776205301; -0.09579752071294934; -0.14041781119268967; -0.2601150677863763; 0.6844790897467695
171; 5932848.627287177; 566557.3087495663; 5932849.726931188; 566557.3350046506; 1.09964401088655; 0.026255084318108857; 0.023871449986916336; -0.16428926117960602; 1.0999573992347202
172; 5932849.726931188; 566557.3350046506; 5932850.370813153; 566557.6846511125; 0.6438819644972682; 0.3496464618947357; 0.49747530556349495; -0.47360385557657864; 0.7326913623896273
173; 5932850.370813153; 566557.6846511125; 5932850.974589377; 566557.8221120045; 0.6037762239575386; 0.13746089197229594; 0.22385300484850867; 0.2736223007149863; 0.6192263119718372
174; 5932850.974589377; 566557.8221120045; 5932851.003405723; 566558.4231710503; 0.0288163460791111; 0.6010590457590297; 1.522890387095302; -1.299037382246793; 0.6017494148647811
175; 5932851.003405723; 566558.4231710503; 5932850.908227251; 566559.3176858065; -0.09517847187817097; 0.8945147562772036; 1.6767998389131595; -0.15390945181785765; 0.8995641115044156
176; 5932850.908227251; 566559.3176858065; 5932851.065522315; 566560.135935901; 0.1572950640693307; 0.8182500944240019; 1.3808796044400826; 0.2959202344730769; 0.8332316329841677
177; 5932851.065522315; 566560.135935901; 5932851.010727096; 566560.7971991261; -0.054795218631625175; 0.6612632251344621; 1.6534718987654993; -0.27259229432541665; 0.6635296292556331
178; 5932851.010727096; 566560.7971991261; 5932851.115848544; 566561.8274919773; 0.10512144770473242; 1.0302928511518985; 1.4691175381304444; 0.18435436063505484; 1.0356417710300443
179; 5932851.115848544; 566561.8274919773; 5932851.043020377; 566562.9180893514; -0.07282816711813211; 1.090597374131903; 1.6374755638480798; -0.16835802571763536; 1.0930263374636444
180; 5932851.043020377; 566562.9180893514; 5932850.735212406; 566563.7310302146; -0.30780797079205513; 0.8129408631939441; 1.9327501468514976; -0.2952745830034178; 0.8692632477757458
181; 5932850.735212406; 566563.7310302146; 5932850.716011458; 566564.3277607694; -0.01920094806700945; 0.5967305548256263; 1.6029621433993329; 0.32978800345216475; 0.5970393885407995
182; 5932850.716011458; 566564.3277607694; 5932850.700594775; 566565.1011505798; -0.015416682697832584; 0.7733898103469983; 1.5907275968781058; 0.012234546521227019; 0.7735434524666158
183; 5932850.700594775; 566565.1011505798; 5932850.623280288; 566566.0568561757; -0.07731448765844107; 0.9557055959012359; 1.6515183470280717; -0.06079075014996582; 0.9588277822627084
184; 5932850.623280288; 566566.0568561757; 5932850.660471373; 566566.7649037284; 0.037191085517406464; 0.7080475527327508; 1.5183182998734919; 0.13320004715457978; 0.7090236341426149
185; 5932850.660471373; 566566.7649037284; 5932850.569480996; 566567.3840095216; -0.09099037759006023; 0.6191057931864634; 1.7167222712392411; -0.19840397136574928; 0.6257565277094772
186; 5932850.569480996; 566567.3840095216; 5932850.528256115; 566568.0167499416; -0.04122488107532263; 0.632740420056507; 1.6358572839102217; 0.08086498732901948; 0.6340819584193824
187; 5932850.528256115; 566568.0167499416; 5932850.403462352; 566568.8041078853; -0.1247937623411417; 0.7873579437145963; 1.7279856268408877; -0.09212834293066607; 0.7971863111279162
188; 5932850.403462352; 566568.8041078853; 5932850.169898031; 566569.7037553993; -0.2335643209517002; 0.8996475139865652; 1.8248061576316323; -0.0968205307907446; 0.9294718615664682
189; 5932850.169898031; 566569.7037553993; 5932849.973259506; 566570.3481514144; -0.1966385254636407; 0.6443960150936618; 1.8669727046374083; -0.042166547005775934; 0.6737306093425663
190; 5932849.973259506; 566570.3481514144; 5932849.789684231; 566571.0238367595; -0.18357527442276478; 0.6756853450788185; 1.8360803491371394; 0.03089235550026892; 0.7001789535066556
191; 5932849.789684231; 566571.0238367595; 5932849.485254604; 566571.7852063185; -0.3044296270236373; 0.7613695589825511; 1.9511688673921044; -0.11508851825496502; 0.8199762210912188
192; 5932849.485254604; 566571.7852063185; 5932849.445126567; 566572.8175010744; -0.040128037333488464; 1.0322947559179738; 1.609649419034989; 0.34151944835711534; 1.0330744031656127
193; 5932849.445126567; 566572.8175010744; 5932849.546435814; 566573.4247818675; 0.10130924731492996; 0.6072807931341231; 1.4054941936604457; 0.20415522537454334; 0.6156732293198457
194; 5932849.546435814; 566573.4247818675; 5932849.493049562; 566574.0062004076; -0.053386252373456955; 0.5814185400959104; 1.66236026784731; -0.25686607418686425; 0.5838643769829961
195; 5932849.493049562; 566574.0062004076; 5932849.447523765; 566574.544929487; -0.045525796711444855; 0.538729079416953; 1.6551019454390357; 0.007258322408274287; 0.5406492570749076
196; 5932849.447523765; 566574.544929487; 5932849.724640567; 566575.3724304269; 0.2771168015897274; 0.827500939834863; 1.2476508473846364; 0.4074510980543993; 0.8726691968615037
197; 5932849.724640567; 566575.3724304269; 5932850.2437287895; 566576.078031386; 0.5190882226452231; 0.7056009591324255; 0.9365308112187983; 0.31112003616583805; 0.8759710591210053
198; 5932850.2437287895; 566576.078031386; 5932850.437092959; 566576.4421568027; 0.19336416944861412; 0.36412541673053056; 1.0826282923432033; -0.14609748112440502; 0.4122826956540074
199; 5932850.437092959; 566576.4421568027; 5932850.724213268; 566577.0591725846; 0.287120308727026; 0.6170157818123698; 1.1352615549715634; -0.0526332626283601; 0.680548710004679
200; 5932850.724213268; 566577.0591725846; 5932851.030735349; 566577.6307292304; 0.30652208160609007; 0.5715566457947716; 1.078537249846193; 0.05672430512537052; 0.6485620909861296
201; 5932851.030735349; 566577.6307292304; 5932851.51338291; 566578.3856148834; 0.4826475605368614; 0.7548856530338526; 1.0019336586698795; 0.07660359117631343; 0.895991638827355
202; 5932851.51338291; 566578.3856148834; 5932851.899047208; 566578.9969824882; 0.3856642981991172; 0.6113676048116758; 1.0080211644699835; -0.006087505800103976; 0.7228466636283127
203; 5932851.899047208; 566578.9969824882; 5932852.633670229; 566579.3908288316; 0.7346230214461684; 0.39384634338784963; 0.49212462897828374; 0.5158965354916998; 0.8335381969884028
204; 5932852.633670229; 566579.3908288316; 5932853.212680501; 566579.9822880791; 0.5790102714672685; 0.5914592475164682; 0.7960336446820939; -0.3039090157038102; 0.8276937452568714
205; 5932853.212680501; 566579.9822880791; 5932854.093530783; 566580.4443690688; 0.880850282497704; 0.4620809897314757; 0.48312174373809735; 0.31291190094399657; 0.9946939535593373
206; 5932854.093530783; 566580.4443690688; 5932854.75814104; 566580.6465549228; 0.6646102564409375; 0.20218585396651179; 0.2953212566656953; 0.18780048707240204; 0.6946840378982782
207; 5932854.75814104; 566580.6465549228; 5932855.373984909; 566581.0310876938; 0.6158438688144088; 0.38453277095686644; 0.5581675739003249; -0.2628463172346296; 0.7260365849570286
208; 5932855.373984909; 566581.0310876938; 5932856.251871329; 566581.3067585574; 0.8778864201158285; 0.2756708636879921; 0.30426589555462774; 0.25390167834569716; 0.9201516134367577
209; 5932856.251871329; 566581.3067585574; 5932856.996891601; 566581.3807069724; 0.7450202722102404; 0.07394841499626637; 0.09893287231507739; 0.20533302323955036; 0.748681223275087
210; 5932856.996891601; 566581.3807069724; 5932857.777755306; 566581.1724893281; 0.7808637050911784; -0.20821764436550438; -0.2605872349230871; 0.3595201072381645; 0.8081477051590523
211; 5932857.777755306; 566581.1724893281; 5932858.325084293; 566581.1122452004; 0.5473289871588349; -0.06024412764236331; -0.10962801428145036; -0.15095922064163675; 0.5506345204395611
212; 5932858.325084293; 566581.1122452004; 5932859.159215801; 566581.164861347; 0.8341315081343055; 0.05261614650953561; 0.06299549456001727; -0.17262350884146763; 0.8357893465077931
213; 5932859.159215801; 566581.164861347; 5932860.052588357; 566581.2670572876; 0.8933725552633405; 0.10219594067893922; 0.11389832155143406; -0.050902826991416794; 0.899198828284937
214; 5932860.052588357; 566581.2670572876; 5932861.047964009; 566581.6458404483; 0.9953756527975202; 0.37878316070418805; 0.36362134182879746; -0.2497230202773634; 1.065011442668643
215; 5932861.047964009; 566581.6458404483; 5932861.64385098; 566582.4011338068; 0.5958869708701968; 0.755293358466588; 0.9028310081669764; -0.5392096663381789; 0.9620547486482235
216; 5932861.64385098; 566582.4011338068; 5932862.221127935; 566583.1499343452; 0.5772769544273615; 0.7488005383638665; 0.9140305497405408; -0.011199541573564398; 0.9454897822646982
217; 5932862.221127935; 566583.1499343452; 5932862.830090005; 566583.8414262449; 0.608962070196867; 0.6914918997790664; 0.8487754939911124; 0.06525505574942836; 0.9214097082180741
218; 5932862.830090005; 566583.8414262449; 5932863.6987303775; 566584.1318660668; 0.8686403725296259; 0.29043982189614326; 0.3226755400771921; 0.5260999539139203; 0.9159101412974259
219; 5932863.6987303775; 566584.1318660668; 5932864.368786577; 566584.3223614335; 0.6700561996549368; 0.19049536669626832; 0.2769893996238833; 0.04568614045330882; 0.6966087821932496
220; 5932864.368786577; 566584.3223614335; 5932865.208190228; 566584.3927181977; 0.8394036507233977; 0.07035676413215697; 0.08362209771097195; 0.19336730191291135; 0.8423470562107497
221; 5932865.208190228; 566584.3927181977; 5932866.235139765; 566584.248375457; 1.026949536986649; -0.14434274064842612; -0.1396400863722193; 0.22326218408319126; 1.0370439616019138
222; 5932866.235139765; 566584.248375457; 5932867.020383281; 566583.9404417147; 0.785243515856564; -0.307933742296882; -0.37372142111081663; 0.23408133473859732; 0.8434634365754928
223; 5932867.020383281; 566583.9404417147; 5932867.508230549; 566583.7547256375; 0.4878472685813904; -0.18571607721969485; -0.3637453328771213; -0.009976088233695335; 0.5220013590022491
224; 5932867.508230549; 566583.7547256375; 5932868.196502072; 566583.2245586289; 0.6882715225219727; -0.5301670086337253; -0.6563592344238109; 0.29261390154668965; 0.8687892412768168
225; 5932868.196502072; 566583.2245586289; 5932868.655827409; 566582.2296711176; 0.4593253368511796; -0.9948875112459064; -1.1382671762388796; 0.4819079418150687; 1.0958014989524896
226; 5932868.655827409; 566582.2296711176; 5932868.455547001; 566581.4484367106; -0.20028040744364262; -0.7812344069825485; -1.8217556460680724; 0.6834884698291928; 0.8064982580633177
227; 5932868.455547001; 566581.4484367106; 5932867.763457236; 566581.0173098708; -0.6920897653326392; -0.4311268398305401; -2.584479762569957; 0.7627241165018845; 0.8153886161214515
228; 5932867.763457236; 566581.0173098708; 5932867.055222706; 566580.9789441387; -0.7082345299422741; -0.038365732063539326; -3.0874746059448355; 0.5029948433748785; 0.7092729226463712
229; 5932867.055222706; 566580.9789441387; 5932866.232580654; 566580.8962005696; -0.822642051614821; -0.0827435691608116; -3.041347091145685; -0.04612751479915067; 0.8267928660326671
230; 5932866.232580654; 566580.8962005696; 5932865.308774362; 566580.8653443687; -0.9238062920048833; -0.03085620084311813; -3.108203907477642; 0.06685681633195717; 0.9243214647936521
231; 5932865.308774362; 566580.8653443687; 5932864.35157627; 566580.749313858; -0.9571980927139521; -0.11603051074780524; -3.020962293193174; -0.08724161428446786; 0.9642049927892015
232; 5932864.35157627; 566580.749313858; 5932863.721446599; 566580.7136052239; -0.6301296707242727; -0.03570863406639546; -3.084984490240863; 0.06402219704768886; 0.6311406408035916
233; 5932863.721446599; 566580.7136052239; 5932863.094534566; 566580.8848897789; -0.6269120331853628; 0.17128455499187112; 2.8748825670138123; -5.959867057254675; 0.6498900646504521
234; 5932863.094534566; 566580.8848897789; 5932862.694999111; 566581.046838863; -0.3995354548096657; 0.16194908414036036; 2.7564883488526446; 0.11839421816116769; 0.43111029389689587
235; 5932862.694999111; 566581.046838863; 5932861.755569793; 566581.4931290244; -0.9394293176010251; 0.4462901613442227; 2.6980911344603964; 0.05839721439224821; 1.0400492059902646
236; 5932861.755569793; 566581.4931290244; 5932861.044365703; 566581.9855071459; -0.7112040901556611; 0.4923781214747578; 2.5360422308675563; 0.16204890359284008; 0.8650129897066015
237; 5932861.044365703; 566581.9855071459; 5932860.355994603; 566582.6273241419; -0.6883711004629731; 0.64181699603796; 2.391178347690367; 0.14486388317718912; 0.9411608939792364
238; 5932860.355994603; 566582.6273241419; 5932859.651502318; 566582.8738554213; -0.7044922849163413; 0.24653127940837294; 2.8049697075483517; -0.41379135985798454; 0.746382643979197
239; 5932859.651502318; 566582.8738554213; 5932858.932901335; 566583.0940942825; -0.7186009828001261; 0.22023886116221547; 2.844198973658216; -0.0392292661098641; 0.7515933265053227
240; 5932858.932901335; 566583.0940942825; 5932858.092222325; 566583.0536774059; -0.8406790103763342; -0.04041687655262649; -3.0935531759420627; 5.9377521496002785; 0.8416499999391689
241; 5932858.092222325; 566583.0536774059; 5932857.379146029; 566583.0914457367; -0.7130762953311205; 0.03776833077427; 3.088676755479959; -6.182229931422022; 0.7140758011392279
242; 5932857.379146029; 566583.0914457367; 5932856.427074626; 566583.0265998562; -0.9520714031532407; -0.06484588049352169; -3.0735873707953676; 6.162264126275327; 0.95427718453244
243; 5932856.427074626; 566583.0265998562; 5932855.460162544; 566582.9215856044; -0.9669120823964477; -0.10501425177790225; -3.0334088308968354; -0.04017853989853215; 0.972598050666722
244; 5932855.460162544; 566582.9215856044; 5932854.722649603; 566583.023159944; -0.7375129405409098; 0.10157433955464512; 3.0047281806744306; -6.038137011571266; 0.7444747705068734
245; 5932854.722649603; 566583.023159944; 5932854.133528056; 566583.1483486854; -0.5891215475276113; 0.12518874136731029; 2.932206590664705; 0.07252159000972558; 0.6022760320039797
246; 5932854.133528056; 566583.1483486854; 5932853.697114203; 566582.7213175636; -0.4364138524979353; -0.427031121798791; -2.367060685131707; 5.299267275796412; 0.6105838432490852
247; 5932853.697114203; 566582.7213175636; 5932853.206649342; 566581.868015296; -0.49046486150473356; -0.8533022676128894; -2.0924685884629923; -0.27459209666871454; 0.9842156980480227
248; 5932853.206649342; 566581.868015296; 5932852.544740826; 566580.7536917913; -0.6619085157290101; -1.114323504618369; -2.1067926168320144; 0.014324028369022024; 1.2960863227962656
249; 5932852.544740826; 566580.7536917913; 5932852.168794446; 566580.0296434945; -0.37594638019800186; -0.7240482968045399; -2.0497079956066284; -0.057084621225385934; 0.8158318557702534
