0; 5932823.0; 566526.0; 5932823.1404258385; 566526.8763394334; 0.14042583853006363; 0.8763394333655015; 1.4119057203642769; 0.0; 0.8875191370321204
1; 5932822.8595741615; 566525.1236605666; 5932822.400651431; 566524.8151800359; -0.4589227307587862; -0.3084805307444185; -2.5497800573132507; 3.961685777677528; 0.5529650175693391
2; 5932823.318496892; 566525.4321410974; 5932823.922765792; 566525.7711367836; 0.6042689001187682; 0.3389956862665713; 0.5112503130285639; -3.0610303703418147; 0.6928628861167911
3; 5932822.714227992; 566525.0931454111; 5932822.35461441; 566524.9544835942; -0.3596135824918747; -0.1386618169490248; -2.7735739119018494; 3.2848242249304134; 0.385420586103344
4; 5932823.073841575; 566525.2318072281; 5932823.918465015; 566525.1786391954; 0.8446234399452806; -0.05316803266759962; -0.06286585196346596; -2.7107080599383835; 0.8462952174050978
5; 5932822.229218135; 566525.2849752607; 5932821.4537836425; 566525.2857899975; -0.7754344921559095; 0.0008147368207573891; 3.1405419697097323; -3.2034078216731983; 0.775434920171371
6; 5932823.004652627; 566525.2841605239; 5932823.907792066; 566525.3361145197; 0.9031394394114614; 0.051953995833173394; 0.05746266597714887; 3.0830793037325837; 0.9046325578396358
7; 5932822.101513187; 566525.2322065281; 5932821.416459879; 566525.2033142202; -0.6850533084943891; -0.028892307891510427; -3.0994423639263298; 3.1569050299034784; 0.6856623082351884
8; 5932822.786566496; 566525.261098836; 5932823.08284737; 566525.6988089189; 0.29628087393939495; 0.43771008297335356; 0.9757504896380107; -4.0751928535643405; 0.5285569723301659
9; 5932822.490285622; 566524.823388753; 5932822.17535566; 566523.7651668086; -0.3149299621582031; -1.0582219443749636; -1.8600525356854516; 2.8358030253234623; 1.1040899259669459
10; 5932822.805215584; 566525.8816106974; 5932822.871385964; 566526.6842114882; 0.06617037951946259; 0.8026007908629254; 1.4885374192583787; -3.3485899549438303; 0.8053238780885259
11; 5932822.739045205; 566525.0790099065; 5932822.765117456; 566524.7140749743; 0.026072251610457897; -0.3649349322076887; -1.4994739471249114; 2.98801136638329; 0.36586509405718026
12; 5932822.712972953; 566525.4439448387; 5932822.690471568; 566526.0189251519; -0.02250138483941555; 0.5749803131911904; 1.60991055040913; -3.1093844975340414; 0.5754204314039699
13; 5932822.735474338; 566524.8689645255; 5932822.72040309; 566524.364519801; -0.015071247704327106; -0.5044447245309129; -1.6006643480565785; 3.2105748984657083; 0.5046698154382069
14; 5932822.7505455855; 566525.37340925; 5932822.535475912; 566526.0736379278; -0.21506967395544052; 0.7002286777133122; 1.8687925159774084; -3.4694568640339867; 0.7325129116591961
15; 5932822.9656152595; 566524.6731805723; 5932823.694660366; 566524.3369917991; 0.7290451060980558; -0.336188773275353; -0.432075746239311; 2.3008682622167194; 0.802826044670894
16; 5932822.236570153; 566525.0093693456; 5932821.535387924; 566525.3791614809; -0.7011822294443846; 0.36979213531594723; 2.6562787696480474; -3.0883545158873584; 0.7927185769427416
17; 5932822.937752383; 566524.6395772103; 5932823.485499864; 566524.3349987266; 0.5477474816143513; -0.3045784836867824; -0.5074811311522145; 3.1637599008002617; 0.6267338799999596
18; 5932822.390004901; 566524.944155694; 5932822.440503871; 566525.6421617063; 0.05049896985292435; 0.6980060123605654; 1.4985746866905194; -2.006055817842734; 0.6998303646225307
19; 5932822.339505931; 566524.2461496816; 5932822.240412285; 566523.7134121936; -0.09909364674240351; -0.5327374880434945; -1.7547029446217057; 3.2532776313122254; 0.5418752457822749
20; 5932822.438599578; 566524.7788871697; 5932822.836264584; 566525.2686489312; 0.397665006108582; 0.4897617615060881; 0.8888075326720218; -2.6435104772937277; 0.6308756138232677
21; 5932822.040934572; 566524.2891254082; 5932821.838487453; 566523.7008086067; -0.2024471191689372; -0.588316801469773; -1.9022164893235882; 2.79102402199561; 0.6221748106050471
22; 5932822.243381691; 566524.8774422096; 5932822.4318397995; 566525.6078392871; 0.188458108343184; 0.7303970775101334; 1.3182824345564197; -3.220498923880008; 0.7543184668531158
23; 5932822.054923583; 566524.1470451321; 5932821.915365039; 566523.6315075038; -0.1395585434511304; -0.5155376283219084; -1.8351650152752657; 3.1534474498316856; 0.5340932814274855
24; 5932822.194482126; 566524.6625827604; 5932822.312977962; 566525.2500830658; 0.11849583592265844; 0.5875003053806722; 1.3717715542081252; -3.206936569483391; 0.5993311872023621
25; 5932822.07598629; 566524.0750824551; 5932821.93229631; 566523.5353591839; -0.1436899807304144; -0.5397232711547986; -1.8309900536526422; 3.2027616078607677; 0.5585230702382339
26; 5932822.219676271; 566524.6148057262; 5932822.585386959; 566525.2487022626; 0.3657106878235936; 0.6338965364266187; 1.0475166463957684; -2.8785067000484106; 0.7318258850861108
27; 5932821.853965583; 566523.9809091898; 5932821.544050015; 566523.290883458; -0.30991556867957115; -0.6900257318047807; -1.9929317244880378; 3.040448370883806; 0.7564279015628026
28; 5932822.163881152; 566524.6709349216; 5932822.392692221; 566525.1317346172; 0.22881106939166784; 0.4607996955746785; 1.10991081777457; -3.102842542262608; 0.5144811608969516
29; 5932821.935070083; 566524.210135226; 5932821.794573809; 566523.686547873; -0.14049627352505922; -0.5235873530618846; -1.8329546831841934; 2.9428655009587636; 0.5421096929227321
30; 5932822.075566356; 566524.7337225791; 5932822.114781646; 566525.1905981597; 0.03921528998762369; 0.45687558059580624; 1.4851725594842082; -3.3181272426684014; 0.4585554874969533
31; 5932822.036351066; 566524.2768469985; 5932821.918726207; 566523.9208045661; -0.11762485932558775; -0.356042432365939; -1.8898752884516434; 3.3750478479358517; 0.37496909362828634
32; 5932822.153975925; 566524.6328894309; 5932822.183219281; 566525.1019944103; 0.029243355616927147; 0.4691049794200808; 1.5085382735226083; -3.3984135619742517; 0.470015590767426
33; 5932822.12473257; 566524.1637844514; 5932822.254994462; 566523.4190665077; 0.13026189245283604; -0.7447179437149316; -1.397633717740608; 2.906171991263216; 0.7560244548401792
34; 5932821.994470677; 566524.9085023951; 5932821.912235886; 566525.5720394229; -0.08223479148000479; 0.6635370277799666; 1.6941015743228658; -3.0917352920634738; 0.6686134519771735
35; 5932822.076705469; 566524.2449653674; 5932821.911927763; 566523.5794388684; -0.16477770544588566; -0.6655264989240095; -1.8135054709731175; 3.507607045295983; 0.6856217710823226
36; 5932822.241483174; 566524.9104918663; 5932822.33862584; 566525.4265703587; 0.09714266564697027; 0.5160784923937172; 1.384740996312336; -3.1982464672854536; 0.5251416073787822
37; 5932822.144340509; 566524.3944133739; 5932821.935336122; 566523.8449044572; -0.20900438632816076; -0.5495089166797698; -1.9342470236486462; 3.3189880199609822; 0.5879140098815346
38; 5932822.353344895; 566524.9439222906; 5932822.473476715; 566525.7014733314; 0.12013182044029236; 0.7575510408496484; 1.4135267289008386; -3.347773752549485; 0.7670171013573845
39; 5932822.2332130745; 566524.1863712497; 5932822.0010174215; 566523.6346933391; -0.2321956530213356; -0.5516779106110334; -1.9691805265840236; 3.3827072554848625; 0.598551032359113
40; 5932822.4654087275; 566524.7380491603; 5932822.643688968; 566525.251684182; 0.17828024085611105; 0.5136350216343999; 1.2367116595434657; -3.2058921861274894; 0.5436954843743724
41; 5932822.287128487; 566524.2244141387; 5932821.852538905; 566523.947316223; -0.4345895815640688; -0.27709791564848274; -2.573978041959328; 3.8106897015027936; 0.5154137748069662
42; 5932822.721718068; 566524.5015120544; 5932822.968904751; 566524.8309190964; 0.24718668311834335; 0.32940704200882465; 0.9270399686606119; -3.50101801061994; 0.4118376568941357
43; 5932822.474531385; 566524.1721050123; 5932822.395545834; 566523.7726276006; -0.07898555137217045; -0.3994774117600173; -1.766000734827571; 2.693040703488183; 0.40721114895352284
44; 5932822.5535169365; 566524.5715824241; 5932822.514126376; 566524.9910970142; -0.03939056023955345; 0.41951459005940706; 1.664417404610662; -3.430418139438233; 0.421359831389631
45; 5932822.592907497; 566524.152067834; 5932822.776278146; 566523.7641066639; 0.18337064888328314; -0.38796117017045617; -1.1292654356631675; 2.7936828402738296; 0.42911381291203615
46; 5932822.409536848; 566524.5400290042; 5932822.475949674; 566524.9387888798; 0.06641282606869936; 0.3987598755629733; 1.4057627052411694; -2.5350281409043367; 0.404252522348877
47; 5932822.343124022; 566524.1412691287; 5932822.245565452; 566523.735476159; -0.0975585700944066; -0.4057929696282372; -1.8067333266688521; 3.2124960319100215; 0.4173554945110567
48; 5932822.440682592; 566524.5470620983; 5932822.674752678; 566525.2111180297; 0.23407008592039347; 0.6640559313818812; 1.2319089732618114; -3.0386422999306637; 0.7041016156253571
49; 5932822.206612506; 566523.8830061669; 5932822.012288432; 566523.5229495049; -0.19432407431304455; -0.36005666200071573; -2.0657005040792806; 3.297609477341092; 0.4091486841097247
50; 5932822.40093658; 566524.2430628289; 5932822.725911072; 566524.4782038527; 0.32497449219226837; 0.23514102376066148; 0.6263686800903402; -2.692069184169621; 0.40112307541555703
51; 5932822.075962088; 566524.0079218051; 5932821.922717357; 566523.6117120591; -0.15324473101645708; -0.3962097460171208; -1.9398516636386136; 2.5662203437289537; 0.42481302995936654
52; 5932822.229206819; 566524.4041315512; 5932822.289204557; 566524.7877748607; 0.0599977383390069; 0.3836433095857501; 1.4156635320136757; -3.3555151956522895; 0.3883064738009188
53; 5932822.169209081; 566524.0204882416; 5932822.19128735; 566523.6792737659; 0.02207826916128397; -0.3412144756875932; -1.5061814409358463; 2.921844972949522; 0.3419280163834447
54; 5932822.147130812; 566524.3617027173; 5932822.108882683; 566524.8810247863; -0.03824812825769186; 0.51932206901256; 1.644313702252139; -3.1504951431879853; 0.5207286535986885
55; 5932822.18537894; 566523.8423806482; 5932821.985110892; 566523.4436369354; -0.2002680478617549; -0.39874371280893683; -2.036240348879016; 3.680554051131155; 0.4462105327073914
56; 5932822.385646988; 566524.241124361; 5932822.468745978; 566524.6290214497; 0.08309898991137743; 0.3878970886580646; 1.3597567638091548; -3.395997112688171; 0.3966983659075162
57; 5932822.302547998; 566523.8532272724; 5932822.138587653; 566523.5641004522; -0.16396034508943558; -0.2891268201638013; -2.0866641867251663; 3.4464209505343213; 0.33238127639787096
58; 5932822.466508343; 566524.1423540926; 5932822.58475056; 566524.4167571258; 0.11824221722781658; 0.2744030331959948; 1.1639329646862089; -3.250597151411375; 0.2987946561806492
59; 5932822.348266126; 566523.8679510594; 5932822.135893063; 566523.4426447933; -0.2123730629682541; -0.42530626605730504; -2.0339169859748; 3.197849950661009; 0.4753816759427367
60; 5932822.560639189; 566524.2932573254; 5932822.741872429; 566524.6588283638; 0.18123324029147625; 0.36557103833183646; 1.1105514246727506; -3.1444684106475504; 0.4080290081030576
61; 5932822.379405948; 566523.9276862871; 5932822.53271801; 566523.562752685; 0.15331206191331148; -0.3649336020462215; -1.1730752843563952; 2.2836267090291456; 0.3958296631513876
62; 5932822.226093886; 566524.2926198891; 5932822.1900568055; 566524.6851400143; -0.0360370809212327; 0.392520125140436; 1.6623491813014188; -2.8354244656578143; 0.39417092718969904
63; 5932822.262130967; 566523.900099764; 5932822.145472707; 566523.4611405502; -0.11665826011449099; -0.4389592137886211; -1.8305530322499328; 3.4929022135513517; 0.4541963683505898
64; 5932822.378789227; 566524.3390589778; 5932822.58556157; 566524.8621909972; 0.2067723423242569; 0.5231320194434375; 1.1943841786501088; -3.024937210900042; 0.5625139209986084
65; 5932822.172016885; 566523.8159269583; 5932822.1684522405; 566523.38203706; -0.003564644604921341; -0.43388989835511893; -1.5790116930036708; 2.7733958716537797; 0.43390454086789043
66; 5932822.17558153; 566524.2498168567; 5932822.149481781; 566524.7817640022; -0.02609974890947342; 0.5319471454713494; 1.619821565031025; -3.198833258034696; 0.5325870468461043
67; 5932822.201681279; 566523.7178697112; 5932822.198633646; 566523.4293103076; -0.003047632984817028; -0.288559403619729; -1.5813574786300348; 3.20117904366106; 0.2885754970266599
68; 5932822.204728912; 566524.0064291148; 5932822.227931611; 566524.481819557; 0.02320269960910082; 0.4753904421813786; 1.522027358302362; -3.103384836932397; 0.4759563402104828
69; 5932822.181526212; 566523.5310386727; 5932822.294084012; 566523.200855078; 0.11255779955536127; -0.3301835947204381; -1.242256151716163; 2.764283510018525; 0.3488416036874837
70; 5932822.0689684125; 566523.8612222674; 5932822.015424912; 566524.3006021006; -0.05354350060224533; 0.4393798331730068; 1.6920599554434246; -2.934316107159588; 0.442630256823776
71; 5932822.122511913; 566523.4218424342; 5932822.003300392; 566523.0170980191; -0.11921152099967003; -0.40474441507831216; -1.8572321328166201; 3.549292088260045; 0.4219353366051957
72; 5932822.241723434; 566523.8265868493; 5932822.422878115; 566524.2497094017; 0.18115468136966228; 0.42312255245633423; 1.166271093926684; -3.023503226743304; 0.46027134711961726
73; 5932822.060568753; 566523.4034642968; 5932821.80716128; 566523.085180611; -0.2534074727445841; -0.3182836858322844; -2.243196671946043; 3.4094677658727273; 0.40684131047594146
74; 5932822.313976225; 566523.7217479827; 5932822.676608057; 566523.8581264862; 0.36263183131814003; 0.13637850352097303; 0.3597170005796476; -2.6029136725256907; 0.38742862737253686
75; 5932821.951344394; 566523.5853694791; 5932821.6001072945; 566523.535866633; -0.35123709961771965; -0.04950284608639777; -3.001576326956613; 3.3612933275362606; 0.3547083758787231
76; 5932822.302581494; 566523.6348723252; 5932822.680404545; 566523.680481384; 0.3778230510652065; 0.04560905881226063; 0.12013410567643813; -3.121710432633051; 0.38056595244709146
77; 5932821.924758443; 566523.5892632664; 5932821.546007892; 566523.5174635772; -0.3787505505606532; -0.07179968920536339; -2.9542458918601207; 3.0743799975365587; 0.3854960115487379
78; 5932822.303508993; 566523.6610629556; 5932822.833034073; 566523.6008497434; 0.5295250797644258; -0.06021321227308363; -0.11322538534360281; -2.841020506516518; 0.5329375582859261
79; 5932821.7739839135; 566523.7212761679; 5932821.521635497; 566523.7314403035; -0.25234841648489237; 0.010164135601371527; 3.1013362313269592; -3.214561616670562; 0.25255302998569584
80; 5932822.02633233; 566523.7111120323; 5932822.374233787; 566524.0437186914; 0.34790145698934793; 0.3326066591544077; 0.7629263914076461; 2.338409839919313; 0.4813134254196193
81; 5932821.678430873; 566523.3785053731; 5932821.448188107; 566523.1789380618; -0.23024276550859213; -0.19956731132697314; -2.4274434699700715; 3.1903698613777176; 0.3046946714652581
82; 5932821.9086736385; 566523.5780726845; 5932822.14537134; 566523.9195102147; 0.23669770173728466; 0.34143753023818135; 0.9646225917142042; -3.3920660616842757; 0.4154580472958269
83; 5932821.671975937; 566523.2366351542; 5932821.590142702; 566522.9108836916; -0.08183323498815298; -0.32575146260205656; -1.8169169830094336; 2.781539574723638; 0.33587303216543796
84; 5932821.753809172; 566523.5623866168; 5932821.863318945; 566523.8148516193; 0.10950977355241776; 0.2524650024715811; 1.1615274924028594; -2.978444475412293; 0.2751926016020003
85; 5932821.644299398; 566523.3099216144; 5932821.43690359; 566522.9246602937; -0.20739580783993006; -0.38526132062543184; -2.064631855978559; 3.2261593483814184; 0.4375377769743191
86; 5932821.851695206; 566523.695182935; 5932821.952950372; 566524.0384110028; 0.10125516634434462; 0.34322806785348803; 1.2839252411682445; -3.3485570971468035; 0.3578520857475327
87; 5932821.75044004; 566523.3519548671; 5932821.643601201; 566522.9747369863; -0.10683883912861347; -0.3772178807994351; -1.8467962627298091; 3.1307215038980534; 0.39205594899346513
88; 5932821.857278879; 566523.7291727479; 5932821.852361315; 566524.1862855776; -0.004917563870549202; 0.45711282966658473; 1.5815537894128706; -3.4283500521426795; 0.45713928017641736
89; 5932821.862196443; 566523.2720599183; 5932821.804386342; 566522.8871130304; -0.057810100726783276; -0.3849468878470361; -1.7198592021652357; 3.3014129915781063; 0.38926355366147425
90; 5932821.920006543; 566523.6570068061; 5932822.018585072; 566524.1376385413; 0.09857852850109339; 0.480631735175848; 1.3684998488377542; -3.08835905100299; 0.4906369239464019
91; 5932821.821428015; 566523.1763750709; 5932821.779129545; 566522.8005401109; -0.04229846969246864; -0.3758349600248039; -1.6828700526968026; 3.0513699015345566; 0.3782077176832469
92; 5932821.863726485; 566523.552210031; 5932821.874199024; 566523.9984158137; 0.010472539812326431; 0.4462057827040553; 1.5473304329868809; -3.2302004856836835; 0.4463286620962846
93; 5932821.853253945; 566523.1060042483; 5932821.631955983; 566522.7177703433; -0.22129796165972948; -0.38823390495963395; -2.0888738678281733; 3.636204300815054; 0.44687621641228253
94; 5932822.074551906; 566523.4942381532; 5932822.363065609; 566523.8217593792; 0.28851370234042406; 0.32752122601959854; 0.8486340513047698; -2.937507919132943; 0.43647486746840275
95; 5932821.786038204; 566523.1667169272; 5932821.613215888; 566522.9295236807; -0.17282231617718935; -0.2371932464884594; -2.2004693077081536; 3.0491033590129235; 0.29347604527215415
96; 5932821.95886052; 566523.4039101737; 5932822.182535142; 566523.6431971577; 0.22367462143301964; 0.23928698396775872; 0.8191081905767625; -3.0195774982849164; 0.32754938096352904
97; 5932821.735185899; 566523.1646231897; 5932821.404745701; 566522.8340219435; -0.330440198071301; -0.3306012462126091; -2.355950862293498; 3.1750590528702602; 0.46742690177045954
98; 5932822.065626097; 566523.4952244359; 5932822.381587239; 566523.6929331899; 0.31596114207059145; 0.19770875398535281; 0.5591295195151138; -2.915080381808612; 0.3727199950378209
99; 5932821.749664955; 566523.297515682; 5932821.397837229; 566523.1068812639; -0.3518277257680893; -0.19063441804610193; -2.645035713866549; 3.204165233381663; 0.400155257322607
100; 5932822.101492681; 566523.4881501; 5932822.548559746; 566523.5771236984; 0.44706706516444683; 0.0889735984383151; 0.19644944107291526; -2.8414851549394644; 0.4558346871112534
101; 5932821.654425615; 566523.3991765016; 5932821.291981818; 566523.5416734724; -0.36244379729032516; 0.14249697083141655; 2.767000123215421; -2.5705506821425055; 0.38944947411745195
102; 5932822.016869413; 566523.2566795307; 5932822.250993713; 566523.1027267391; 0.23412430007010698; -0.15395279158838093; -0.5816774761084484; 3.348677599323869; 0.2802064416125599
103; 5932821.782745113; 566523.4106323223; 5932821.509147314; 566523.7548489927; -0.27359779831022024; 0.34421667037531734; 2.2423841023370037; -2.824061578445452; 0.4397054370876824
104; 5932822.056342911; 566523.0664156519; 5932822.352962322; 566522.7318356971; 0.29661941062659025; -0.334579954855144; -0.8454661535865956; 3.087850255923599; 0.44713177135083565
105; 5932821.7597235; 566523.4009956068; 5932821.616293894; 566523.6404935846; -0.14342960622161627; 0.23949797777459025; 2.110388993600498; -2.9558551471870933; 0.2791618406928247
106; 5932821.903153107; 566523.161497629; 5932821.689083804; 566522.8634164397; -0.21406930219382048; -0.29808118927758187; -2.193605004821433; 4.30399399842193; 0.3669850971672921
107; 5932822.117222409; 566523.4595788183; 5932822.298584565; 566523.598303107; 0.18136215582489967; 0.13872428867034614; 0.6529704155491299; -2.846575420370563; 0.2283345349099621
108; 5932821.935860253; 566523.3208545296; 5932821.636177273; 566523.2337730533; -0.2996829804033041; -0.08708147634752095; -2.858801552085775; 3.511771967634905; 0.31207863154383225
109; 5932822.235543233; 566523.407936006; 5932822.537198176; 566523.482396748; 0.3016549423336983; 0.07446074206382036; 0.24200307900552415; -3.1008046310912993; 0.310709038077494
110; 5932821.933888291; 566523.3334752639; 5932821.667160769; 566523.306282458; -0.2667275220155716; -0.027192805893719196; -3.0399939242101075; 3.281997003215632; 0.26811008875635534
111; 5932822.200615813; 566523.3606680698; 5932822.483671139; 566523.4320851511; 0.2830553259700537; 0.07141708128619939; 0.24714957683486796; -3.2871435010449757; 0.29192587596760405
112; 5932821.917560487; 566523.2892509885; 5932821.631156775; 566523.272088372; -0.28640371188521385; -0.0171626164810732; -3.0817396679750577; 3.328889244809926; 0.2869174821897491
113; 5932822.203964199; 566523.306413605; 5932822.526220038; 566523.3210998826; 0.32225583866238594; 0.014686277601867914; 0.045541836750044126; -3.1272815047251017; 0.32259031650345127
114; 5932821.88170836; 566523.2917273274; 5932821.530284779; 566523.2694271363; -0.35142358113080263; -0.022300191107206047; -3.0782208938838638; 3.1237627306339077; 0.35213041887660845
115; 5932822.233131941; 566523.3140275185; 5932822.4904849995; 566523.3326635817; 0.25735305808484554; 0.01863606320694089; 0.07228820434523818; -3.1505090982291017; 0.2580269353332612
116; 5932821.975778883; 566523.2953914553; 5932821.593325315; 566523.2563392335; -0.3824535682797432; -0.03905222180765122; -3.0398356215234865; 3.1121238258687245; 0.38444220361196324
117; 5932822.358232452; 566523.3344436771; 5932822.647637369; 566523.3919547825; 0.2894049175083637; 0.05751110543496907; 0.19616635045943404; -3.2360019719829207; 0.29506394819830994
118; 5932822.068827534; 566523.2769325717; 5932821.738793763; 566523.118258217; -0.33003377076238394; -0.15867435466498137; -2.693437163223721; 2.8896035136831553; 0.36619645092762176
119; 5932822.398861305; 566523.4356069263; 5932822.736836029; 566523.5486270227; 0.33797472435981035; 0.11302009632345289; 0.32271383563800693; -3.016150998861728; 0.35637123407908833
120; 5932822.0608865805; 566523.32258683; 5932821.863441571; 566523.3308992812; -0.1974450098350644; 0.00831245118752122; 3.0995174177182507; -2.7768035820802437; 0.19761990981050873
121; 5932822.25833159; 566523.3142743788; 5932822.523345024; 566523.4401099798; 0.2650134339928627; 0.12583560100756586; 0.4433073813565864; 2.6562100363616645; 0.2933712983194244
122; 5932821.993318156; 566523.1884387778; 5932821.785993211; 566523.115367676; -0.20732494536787271; -0.07307110179681331; -2.802739343504917; 3.246046724861503; 0.21982497330738301
123; 5932822.200643102; 566523.2615098796; 5932822.521792927; 566523.5025237732; 0.3211498251184821; 0.24101389362476766; 0.6438030049643835; -3.4465423484693005; 0.4015282145675475
124; 5932821.879493277; 566523.020495986; 5932821.680017198; 566522.8277394266; -0.19947607815265656; -0.19275655935052782; -2.373324277241158; 3.017127282205541; 0.27739105415967963
125; 5932822.078969355; 566523.2132525453; 5932822.336445037; 566523.4222102129; 0.25747568253427744; 0.20895766757894307; 0.6817517279227417; -3.0550760051638997; 0.33159769893128643
126; 5932821.821493672; 566523.0042948778; 5932821.615951632; 566522.8920744065; -0.20554204005748034; -0.11222047125920653; -2.6418461945505753; 3.323597922473317; 0.2341814774926259
127; 5932822.027035712; 566523.116515349; 5932821.9082727255; 566523.4288333118; -0.11876298673450947; 0.3123179627582431; 1.9341731908973145; -4.57601938544789; 0.3341364345287125
128; 5932822.145798699; 566522.8041973863; 5932822.190427763; 566522.5714134608; 0.04462906438857317; -0.23278392548672855; -1.3813759517748374; 3.315549142672152; 0.23702343629525371
129; 5932822.101169635; 566523.0369813117; 5932822.146530235; 566523.4157286298; 0.04536060057580471; 0.37874731805641204; 1.45159925858791; -2.8329752103627475; 0.38145394875334904
130; 5932822.055809034; 566522.6582339937; 5932822.046711491; 566522.4533139563; -0.009097542613744736; -0.20492003741674125; -1.6151627674874758; 3.066762026075386; 0.2051218833193756
131; 5932822.064906577; 566522.8631540311; 5932822.123407175; 566523.1199177395; 0.058500598184764385; 0.25676370842847973; 1.3467820293329438; -2.9619447968204193; 0.2633437334624096
132; 5932822.006405978; 566522.6063903227; 5932822.063957232; 566522.3030559013; 0.05755125358700752; -0.30333442136179656; -1.3832962146591115; 2.7300782439920552; 0.308745717334398
133; 5932821.948854725; 566522.909724744; 5932821.949414002; 566523.2297543455; 0.0005592769011855125; 0.3200296014547348; 1.5690487499167123; -2.9523449645758237; 0.3200300901445497
134; 5932821.948295448; 566522.5896951426; 5932821.821482793; 566522.2542002216; -0.12681265454739332; -0.3354949209606275; -1.9321829943868822; 3.5012317443035945; 0.35866180636322875
135; 5932822.0751081025; 566522.9251900635; 5932822.115439576; 566523.2451939149; 0.04033147357404232; 0.32000385131686926; 1.4454230370757997; -3.377606031462682; 0.3225354129677587
136; 5932822.034776629; 566522.6051862122; 5932821.893830005; 566522.3292212884; -0.14094662386924028; -0.2759649237850681; -2.0429998321774074; 3.488422869253207; 0.30987511991096595
137; 5932822.175723253; 566522.881151136; 5932822.2057116125; 566523.0674244926; 0.029988359659910202; 0.18627335655037314; 1.4111748160570448; -3.454174648234452; 0.18867184494681385
138; 5932822.145734893; 566522.6948777795; 5932822.219652676; 566522.4265313525; 0.07391778286546469; -0.26834642700850964; -1.3020057080507037; 2.7131805241077487; 0.27834087646621253
139; 5932822.07181711; 566522.9632242065; 5932822.172058203; 566523.1074688907; 0.10024109296500683; 0.14424468425568193; 0.9634758539618358; -2.2654815620125395; 0.17565536045006006
140; 5932821.971576017; 566522.8189795222; 5932821.802663524; 566522.6635664488; -0.16891249362379313; -0.1554130733711645; -2.3977935310963745; 3.3612693850582103; 0.22953137885021063
141; 5932822.140488511; 566522.9743925956; 5932822.2291988125; 566523.1450495354; 0.08871030155569315; 0.17065693985205144; 1.091421449682937; -3.4892149807793116; 0.1923364466807285
142; 5932822.051778209; 566522.8037356557; 5932822.027536201; 566522.6036803458; -0.024242008104920387; -0.20005530992057174; -1.6913849185767307; 2.782806368259668; 0.20151873854402483
143; 5932822.0760202175; 566523.0037909657; 5932822.226031819; 566523.2436752894; 0.15001160185784101; 0.23988432378973812; 1.0119455455256665; -2.703330464102397; 0.2829274986494161
144; 5932821.926008616; 566522.7639066419; 5932821.832878173; 566522.5177230645; -0.09313044231384993; -0.2461835773428902; -1.9324541437079552; 2.944399689233622; 0.26321024493532946
145; 5932822.019139058; 566523.0100902192; 5932822.119616521; 566523.2880105234; 0.10047746263444424; 0.27792030421551317; 1.223883969865675; -3.1563381135736304; 0.29552566046402723
146; 5932821.918661595; 566522.732169915; 5932821.924140746; 566522.4966312926; 0.005479150451719761; -0.23553862236440182; -1.5475383047971614; 2.7714222746628363; 0.23560234233766197
147; 5932821.913182445; 566522.9677085374; 5932821.984807253; 566523.1982667062; 0.07162480801343918; 0.2305581688415259; 1.269590187778545; -2.8171284925757063; 0.24142738523729984
148; 5932821.841557637; 566522.7371503685; 5932821.832672374; 566522.4740720522; -0.008885262534022331; -0.26307831634767354; -1.6045577044054742; 2.874147892184019; 0.26322831994795903
149; 5932821.850442899; 566523.0002286849; 5932821.845341181; 566523.2308142919; -0.005101718008518219; 0.23058560700155795; 1.59291776732466; -3.197475471730134; 0.2306420379785857
150; 5932821.855544617; 566522.7696430779; 5932821.788375933; 566522.5118133993; -0.06716868467628956; -0.25782967859413475; -1.8256473906272246; 3.4185651579518845; 0.2664353117833626
151; 5932821.922713302; 566523.0274727565; 5932822.003182717; 566523.297525098; 0.08046941459178925; 0.27005234151147306; 1.2811964321267884; -3.106843822754013; 0.28178643303142636
152; 5932821.8422438875; 566522.757420415; 5932821.750829902; 566522.463004835; -0.09141398593783379; -0.29441557999234647; -1.871851739267635; 3.153048171394423; 0.3082807982461318
153; 5932821.933657873; 566523.0518359949; 5932822.055566581; 566523.3644555446; 0.12190870754420757; 0.3126195496879518; 1.198976116708485; -3.0708278559761197; 0.3355483807473922
154; 5932821.811749166; 566522.7392164452; 5932821.734951112; 566522.5270708757; -0.07679805345833302; -0.2121455695014447; -1.918126972635995; 3.11710308934448; 0.22561844710502127
155; 5932821.888547219; 566522.9513620147; 5932822.025773663; 566523.1237147208; 0.13722644373774529; 0.17235270608216524; 0.8983795293756425; -2.8165065020116375; 0.22031012721786944
156; 5932821.751320776; 566522.7790093087; 5932821.653301617; 566522.625814088; -0.09801915846765041; -0.15319522062782198; -2.1399901132982895; 3.038369642673932; 0.1818695440416383
157; 5932821.849339934; 566522.9322045293; 5932821.9351902; 566523.138564319; 0.08585026580840349; 0.2063597897067666; 1.1765544140764035; -3.3165445273746927; 0.22350532644032103
158; 5932821.763489668; 566522.7258447396; 5932821.835084686; 566522.4936430188; 0.07159501779824495; -0.23220172082073987; -1.2717139318348398; 2.4482683459112433; 0.24298865349156498
159; 5932821.69189465; 566522.9580464604; 5932821.640874196; 566523.300954998; -0.05102045461535454; 0.3429085375973955; 1.7185001039214751; -2.990214035756315; 0.3466833597771053
160; 5932821.742915105; 566522.6151379228; 5932821.688951477; 566522.3475823399; -0.05396362766623497; -0.26755558291915804; -1.7698175860653065; 3.488317689986782; 0.27294333306038177
161; 5932821.796878733; 566522.8826935057; 5932821.874108702; 566523.0746742045; 0.07722996920347214; 0.1919806987280026; 1.1883260968810043; -2.958143682946311; 0.2069324934060897
162; 5932821.719648764; 566522.690712807; 5932821.584916099; 566522.4567525433; -0.13473266456276178; -0.23396026366390288; -2.0932905041982517; 3.2816166010792562; 0.26998202879796396
163; 5932821.854381428; 566522.9246730707; 5932822.018743086; 566523.1119472863; 0.16436165757477283; 0.18727421562653035; 0.8504660779065379; -2.9437565821047897; 0.24917139948087758
164; 5932821.6900197705; 566522.737398855; 5932821.62707835; 566522.50178718; -0.06294142082333565; -0.235611675074324; -1.8318410423998543; 2.682307120306392; 0.2438739098111749
165; 5932821.752961191; 566522.9730105301; 5932821.7774613295; 566523.1945320546; 0.024500138126313686; 0.2215215244796127; 1.4606446473714145; -3.2924856897712687; 0.22287225618272927
166; 5932821.728461053; 566522.7514890056; 5932821.710990256; 566522.502561746; -0.017470797523856163; -0.24892725958488882; -1.6408657756127594; 3.101510422984174; 0.24953959471507162
167; 5932821.745931851; 566523.0004162652; 5932821.813274145; 566523.2428804795; 0.06734229438006878; 0.2424642143305391; 1.2998834629536236; -2.940749238566383; 0.2516423649612629
168; 5932821.678589556; 566522.7579520509; 5932821.710667116; 566522.5223464575; 0.032077559269964695; -0.23560559342149645; -1.4354789479900496; 2.735362410943673; 0.23777923681476815
169; 5932821.646511997; 566522.9935576443; 5932821.695269061; 566523.2020099956; 0.048757064156234264; 0.20845235127490014; 1.341026783917112; -2.7765057319071618; 0.214078569822319
170; 5932821.597754933; 566522.785105293; 5932821.460931263; 566522.6065685501; -0.13682367000728846; -0.17853674292564392; -2.224686768712278; 3.56571355262939; 0.22493573581972437
171; 5932821.734578603; 566522.963642036; 5932821.814143338; 566523.1682728932; 0.07956473529338837; 0.2046308572171256; 1.1999641764232332; -3.424650945135511; 0.2195548560786634
172; 5932821.655013868; 566522.7590111787; 5932821.5194073105; 566522.525243914; -0.1356065571308136; -0.23376726475544274; -2.096449077637648; 3.296413254060881; 0.2702522384886273
173; 5932821.790620425; 566522.9927784435; 5932821.798440865; 566523.203637383; 0.007820440456271172; 0.21085893944837153; 1.5337248248020312; -3.6301739024396795; 0.21100391378887284
174; 5932821.782799984; 566522.781919504; 5932821.714565632; 566522.5990017512; -0.06823435239493847; -0.1829177528852597; -1.9278413622650854; 3.461566187067117; 0.1952302004489817
175; 5932821.851034337; 566522.9648372569; 5932821.886618851; 566523.1597881556; 0.035584514029324055; 0.19495089864358306; 1.3902532454645706; -3.3180946077296563; 0.1981719216252488
176; 5932821.815449823; 566522.7698863583; 5932821.78954233; 566522.4967124143; -0.025907492265105247; -0.27317394397687167; -1.6653523238855787; 3.055605569350149; 0.2743997117770817
177; 5932821.841357315; 566523.0430603023; 5932821.833447113; 566523.2785765863; -0.007910202257335186; 0.23551628401037306; 1.6043703528983135; -3.2697226767838923; 0.23564908515376556
178; 5932821.849267517; 566522.8075440183; 5932821.813508591; 566522.6566537485; -0.035758926533162594; -0.15089026978239417; -1.8034897987439797; 3.4078601516422933; 0.15506957903408333
179; 5932821.885026444; 566522.958434288; 5932821.923356137; 566523.177513362; 0.038329693488776684; 0.21907907398417592; 1.3975911607599616; -3.2010809595039413; 0.2224068480526344
180; 5932821.84669675; 566522.739355214; 5932821.73040237; 566522.6123864984; -0.11629438027739525; -0.12696871568914503; -2.3123428227033695; 3.709933983463331; 0.17217850518532898
181; 5932821.962991131; 566522.8663239297; 5932822.062879363; 566523.1267840031; 0.09988823253661394; 0.26046007336117327; 1.2045884993847233; -3.5169313220880927; 0.27895718096976174
182; 5932821.863102898; 566522.6058638564; 5932821.719480638; 566522.4481896014; -0.14362225960940123; -0.15767425496596843; -2.309589834686186; 3.514178334070909; 0.2132803885367416
183; 5932822.006725158; 566522.7635381114; 5932822.137549609; 566522.9047002912; 0.1308244513347745; 0.1411621798761189; 0.8233880997360397; -3.1329779344222253; 0.19246245892231173
184; 5932821.875900706; 566522.6223759315; 5932821.773613283; 566522.4205481624; -0.1022874228656292; -0.20182776905130595; -2.039873499792174; 2.8632615995282134; 0.2262679058919301
185; 5932821.978188129; 566522.8242037005; 5932821.960587274; 566523.0291122032; -0.017600854858756065; 0.20490850263740867; 1.6564821719363985; -3.6963556717285724; 0.2056630364087429
186; 5932821.995788984; 566522.6192951979; 5932822.033757066; 566522.4269237912; 0.03796808235347271; -0.192371406708844; -1.3759321991874183; 3.0324143711238167; 0.19608246580645491
187; 5932821.957820902; 566522.8116666046; 5932821.932222521; 566522.9136825283; -0.025598380714654922; 0.10201592370867729; 1.8166457117944024; -3.1925779109818206; 0.10517854241881792
188; 5932821.983419282; 566522.7096506809; 5932822.050869765; 566522.4893913307; 0.06745048239827156; -0.2202593501424417; -1.2736318654942167; 3.090277577288619; 0.23035570082142587
189; 5932821.9159688; 566522.929910031; 5932821.947448558; 566523.1058529967; 0.03147975821048021; 0.17594296566676348; 1.393749455681839; -2.6673813211760558; 0.17873696412495713
190; 5932821.884489042; 566522.7539670654; 5932821.836670293; 566522.632699748; -0.04781874921172857; -0.12126731732860208; -1.946401011502781; 3.3401504671846203; 0.13035488110634777
191; 5932821.932307791; 566522.8752343827; 5932821.963042742; 566523.0335907427; 0.030734950676560402; 0.15835636004339904; 1.3790925125542597; -3.3254935240570407; 0.16131141918440006
192; 5932821.90157284; 566522.7168780226; 5932821.767565116; 566522.5686004175; -0.13400772400200367; -0.1482776051852852; -2.305686216889825; 3.6847787294440844; 0.19986074725088093
193; 5932822.035580564; 566522.8651556278; 5932822.188399521; 566522.9730710777; 0.15281895641237497; 0.10791544988751411; 0.6148518007711882; -2.920538017661013; 0.18708120633401937
194; 5932821.882761608; 566522.757240178; 5932821.767388745; 566522.6808353146; -0.11537286266684532; -0.07640486338641495; -2.5566588884353973; 3.1715106892065856; 0.13837846866127507
195; 5932821.998134471; 566522.8336450413; 5932821.978744272; 566522.9872642112; -0.019390198402106762; 0.15361916983965784; 1.6963548495236402; -4.253013737959037; 0.15483807392336907
196; 5932822.017524669; 566522.6800258715; 5932821.999288805; 566522.5554566453; -0.018235864117741585; -0.12456922617275268; -1.7161552321680538; 3.412510081691694; 0.12589693741072158
197; 5932822.035760533; 566522.8045950977; 5932822.083865377; 566522.9847161068; 0.04810484405606985; 0.18012100912164897; 1.3098177995622642; -3.025973031730318; 0.18643404718199932
198; 5932821.987655689; 566522.6244740885; 5932821.91369455; 566522.3929023762; -0.07396113872528076; -0.23157171229831874; -1.879943678180106; 3.18976147774237; 0.24309608795354057
199; 5932822.061616828; 566522.8560458008; 5932822.089994127; 566523.0283192365; 0.028377299197018147; 0.17227343562990427; 1.407539932009948; -3.287483610190054; 0.174594981982438
200; 5932822.033239529; 566522.6837723652; 5932822.084903791; 566522.5863553183; 0.05166426207870245; -0.09741704689804465; -1.083171501616384; 2.4907114336263323; 0.11026911173339832
201; 5932821.981575266; 566522.7811894121; 5932821.882100487; 566522.9136173032; -0.099474779330194; 0.13242789113428444; 2.2150406032285903; -3.2982121048449744; 0.16562722624334647
202; 5932822.081050046; 566522.648761521; 5932822.163134613; 566522.5577773361; 0.08208456728607416; -0.09098418487701565; -0.8367753506656614; 3.051815953894252; 0.1225397816395843
203; 5932821.9989654785; 566522.7397457059; 5932821.896059334; 566522.7639586107; -0.10290614422410727; 0.024212904856540263; 2.910504799836368; -3.7472801505020294; 0.10571631511107751
204; 5932822.101871623; 566522.715532801; 5932822.222207802; 566522.7964290102; 0.12033617962151766; 0.0808962092269212; 0.591859249969159; 2.3186455498672087; 0.1449999751489219
205; 5932821.981535443; 566522.6346365918; 5932821.901735444; 566522.5460840354; -0.0797999994829297; -0.0885525563498959; -2.3042518046945024; 2.8961110546636615; 0.11920400644935165
206; 5932822.061335443; 566522.7231891481; 5932822.14750418; 566522.81821167; 0.0861687371507287; 0.0950225219130516; 0.8342236315761126; -3.138475436270615; 0.12827443600681995
207; 5932821.975166705; 566522.6281666262; 5932821.905041591; 566522.5622866643; -0.07012511417269707; -0.06587996194139123; -2.3873975491222943; 3.2216211806984068; 0.09621694769183314
208; 5932822.04529182; 566522.6940465881; 5932822.15707629; 566522.7528176071; 0.11178447026759386; 0.05877101898659021; 0.4840371062070066; -2.871434655329301; 0.12629251943693548
209; 5932821.933507349; 566522.6352755692; 5932821.846860121; 566522.4758182255; -0.08664722833782434; -0.1594573436304927; -2.0685490802078985; 2.552586186414905; 0.18147833649314757
210; 5932822.020154578; 566522.7947329128; 5932822.012914501; 566522.9584983462; -0.007240076549351215; 0.1637654333608225; 1.6149775984345536; -3.683526678642452; 0.16392539727662234
211; 5932822.027394654; 566522.6309674794; 5932822.036589037; 566522.4729157763; 0.009194382466375828; -0.15805170312523842; -1.5126885580208782; 3.127666156455432; 0.1583189108405136
212; 5932822.018200272; 566522.7890191826; 5932822.01170072; 566522.8755005681; -0.006499552167952061; 0.08648138551507145; 1.6458108075026092; -3.1584993655234874; 0.0867252801609216
213; 5932822.024699824; 566522.702537797; 5932822.058722103; 566522.6152408833; 0.03402227908372879; -0.08729691372718662; -1.1991741029789742; 2.8449849104815836; 0.09369240428307404
214; 5932821.990677545; 566522.7898347108; 5932821.92057869; 566522.8726984501; -0.07009885460138321; 0.08286373934242874; 2.2729363827553826; -3.4721104857343565; 0.10853685417514107
215; 5932822.060776399; 566522.7069709714; 5932822.179363447; 566522.7015776013; 0.11858704779297113; -0.0053933701710775495; -0.045448944324067264; 2.31838532707945; 0.11870963038462672
216; 5932821.942189352; 566522.7123643416; 5932821.79079209; 566522.7650315512; -0.15139726176857948; 0.05266720964573324; 2.806812847452605; -2.852261791776672; 0.16029649354521575
217; 5932822.093586613; 566522.659697132; 5932822.207413727; 566522.6852199769; 0.1138271139934659; 0.02552284498233348; 0.22057633218922715; 2.5862365152633777; 0.1166534504250676
218; 5932821.979759499; 566522.634174287; 5932821.888604437; 566522.6224880816; -0.09115506242960691; -0.01168620539829135; -3.014086776485377; 3.2346631086746043; 0.09190110338378199
219; 5932822.070914562; 566522.6458604924; 5932822.110615319; 566522.7266712779; 0.039700756780803204; 0.08081078552640975; 1.1141486812955261; -4.128235457780903; 0.09003628794193975
220; 5932822.031213805; 566522.5650497068; 5932822.005544097; 566522.4234583062; -0.025669707916676998; -0.14159140060655773; -1.750142621636171; 2.864291302931697; 0.14389947404439749
221; 5932822.056883513; 566522.7066411074; 5932822.09303815; 566522.8936860199; 0.03615463711321354; 0.18704491248354316; 1.379857194850464; -3.1299998164866354; 0.19050710504011256
222; 5932822.020728876; 566522.519596195; 5932822.005036061; 566522.4006003154; -0.0156928151845932; -0.1189958795439452; -1.7019166552993799; 3.081773850149844; 0.12002617963117426
223; 5932822.036421691; 566522.6385920745; 5932822.048349847; 566522.7864695475; 0.011928156018257141; 0.14787747303489596; 1.490308160436158; -3.192224815735538; 0.14835777006002168
224; 5932822.024493535; 566522.4907146015; 5932821.97261832; 566522.3751589678; -0.05187521502375603; -0.11555563367437571; -1.992751616765033; 3.4830597772011913; 0.12666547441054107
225; 5932822.07636875; 566522.6062702351; 5932822.122806287; 566522.7075509018; 0.04643753729760647; 0.10128066665492952; 1.1408934544433413; -3.1336450712083743; 0.11141911105521146
226; 5932822.029931213; 566522.5049895685; 5932821.936660101; 566522.3984095014; -0.09327111206948757; -0.1065800670767203; -2.289698345186918; 3.4305917996302595; 0.14162913204830815
227; 5932822.123202325; 566522.6115696356; 5932822.178827469; 566522.698637944; 0.05562514439225197; 0.08706830837763846; 1.002286708151247; -3.2919850533381654; 0.10332011910756989
228; 5932822.06757718; 566522.5245013272; 5932822.028260369; 566522.4160748528; -0.039316811598837376; -0.10842647438403219; -1.9186628806138757; 2.9209495887651227; 0.11533478235835737
229; 5932822.106893992; 566522.6329278016; 5932822.172007068; 566522.6727414638; 0.0651130760088563; 0.039813662180677056; 0.5487991457608936; -2.4674620263747693; 0.07632064179219257
230; 5932822.041780916; 566522.5931141394; 5932821.937179353; 566522.5777913854; -0.10460156295448542; -0.015322754043154418; -2.9961403021898043; 3.544939447950698; 0.10571789708459103
231; 5932822.146382479; 566522.6084368934; 5932822.274389048; 566522.6257536786; 0.12800656910985708; 0.01731678517535329; 0.13446413957337855; -3.130604441763183; 0.12917256978200112
232; 5932822.01837591; 566522.5911201083; 5932821.949424803; 566522.5608871641; -0.06895110663026571; -0.030232944176532328; -2.7283689165237033; 2.862833056097082; 0.07528802042237259
233; 5932822.0873270165; 566522.6213530524; 5932822.188281706; 566522.6808159942; 0.10095468908548355; 0.05946294171735644; 0.5322966327508034; -3.2606655492745067; 0.11716522814396932
234; 5932821.986372327; 566522.5618901107; 5932821.9038733505; 566522.5316320594; -0.08249897696077824; -0.03025805135257542; -2.7900578270699903; 3.3223544598207937; 0.08787281076209016
235; 5932822.068871304; 566522.5921481621; 5932822.159670984; 566522.6232680879; 0.09079967997968197; 0.031119925784878433; 0.33018507399630054; -3.1202429010662907; 0.09598453867821108
236; 5932821.978071624; 566522.5610282363; 5932821.89715392; 566522.5154316697; -0.08091770485043526; -0.045596566633321345; -2.628449127156136; 2.9586342011524365; 0.09288014775509924
237; 5932822.058989329; 566522.6066248029; 5932822.137500789; 566522.650352441; 0.07851145975291729; 0.0437276380835101; 0.508170055756643; -3.136619182912779; 0.08986743372822212
238; 5932821.9804778695; 566522.5628971648; 5932821.894955333; 566522.601901316; -0.08552253618836403; 0.039004151127301157; 2.7137034768502803; -2.2055334210936373; 0.09399695740422337
239; 5932822.066000406; 566522.5238930137; 5932822.16594398; 566522.455714948; 0.09994357451796532; -0.06817806570325047; -0.5986560017741218; 3.312359478624402; 0.12098333244899821
240; 5932821.966056831; 566522.5920710794; 5932821.875238209; 566522.6987943734; -0.09081862214952707; 0.1067232940113172; 2.2758548904066047; -2.8745108921807265; 0.14013523330613403
241; 5932822.056875453; 566522.4853477854; 5932822.101473659; 566522.4058777435; 0.04459820594638586; -0.07947004190646112; -1.059398603578672; 3.3352534939852765; 0.09112896100719538
242; 5932822.012277247; 566522.5648178273; 5932821.961070256; 566522.6582075374; -0.05120699107646942; 0.09338971006218344; 2.0723450517684636; -3.131743655347136; 0.10650724801911045
243; 5932822.063484238; 566522.4714281172; 5932822.154510121; 566522.49887727; 0.0910258824005723; 0.027449152781628072; 0.2928812058315667; 1.779463845936897; 0.09507453526171968
244; 5932821.972458356; 566522.4439789645; 5932821.865909321; 566522.4339472828; -0.1065490348264575; -0.010031681624241173; -3.0477185349700107; 3.3405997408015775; 0.10702023854701405
245; 5932822.079007391; 566522.4540106461; 5932822.181370286; 566522.464286021; 0.10236289538443089; 0.010275374865159392; 0.10004668867661043; -3.147765223646621; 0.10287733316967101
246; 5932821.9766444955; 566522.4437352712; 5932821.894870689; 566522.436267241; -0.08177380636334419; -0.007468030205927789; -3.050519829034549; 3.1505665177111593; 0.08211410891135798
247; 5932822.058418302; 566522.4512033014; 5932822.138769212; 566522.4680086428; 0.08035091031342745; 0.016805341350845993; 0.20617734236272572; -3.2566971713972745; 0.08208951386209395
248; 5932821.978067392; 566522.4343979601; 5932821.871759753; 566522.3694306719; -0.10630763880908489; -0.06496728817000985; -2.5930329169215414; 2.799210259284267; 0.1245875700113296
249; 5932822.08437503; 566522.4993652483; 5932822.169077129; 566522.5453263818; 0.08470209874212742; 0.045961133553646505; 0.4971602692858594; -3.090193186207401; 0.09636841458100903
