0; 0.0; 5932827.0; 528675.8856331806; 5935672.901247321; 528675.8856331806; 2845.9012473206967; 0.0053830216889361945; 0.0; 528683.5454257465
1; -37850.11436681938; 5935672.901247321; 533926.937224223; 5939975.158265337; 571777.0515910424; 4302.257018016651; 0.00752421912805704; -0.0021411974391208457; 571793.2372296778
2; -32598.682730853674; 5939975.158265337; 506608.5049997871; 5947572.786694379; 539207.1877306408; 7597.628429041244; 0.014089436963240541; -0.006565217835183501; 539260.7117694856
3; -59916.800792816444; 5947572.786694379; 477781.9327820013; 5956876.6956929825; 537698.7335748178; 9303.908998603933; 0.017301473951935178; -0.0032120369886946363; 537779.2212521948
4; -88742.92578510486; 5956876.6956929825; 475929.6435698989; 5967621.874543878; 564672.5693550038; 10745.178850895725; 0.019026747103532277; -0.0017252731515970988; 564774.7953392745
5; -90594.78093653359; 5967621.874543878; 448535.3173854124; 5978536.195425118; 539130.098321946; 10914.32088124007; 0.020241552581955785; -0.0012148054784235085; 539240.563493632
6; -117989.15951091214; 5978536.195425118; 425770.7739500748; 5991715.906464613; 543759.9334609869; 13179.711039494723; 0.024233361403943644; -0.003991808821987859; 543919.6356269752
7; -140753.2933700413; 5991715.906464613; 438380.1155206467; 6006692.343398389; 579133.408890688; 14976.436933776364; 0.02585431884328361; -0.0016209574393399664; 579327.0224636343
8; -128143.79104174185; 6006692.343398389; 397054.9102307457; 6023264.403749729; 525198.7012724875; 16572.06035133917; 0.03154342083515815; -0.005689101991874536; 525460.0926831609
9; -169468.76881446037; 6023264.403749729; 364387.32220128167; 6041225.155078492; 533856.091015742; 17960.751328763552; 0.033630747600864985; -0.0020873267657068387; 534158.1362320544
10; -202135.73129794176; 6041225.155078492; 314874.968284541; 6058605.192546567; 517010.69958248275; 17380.03746807482; 0.03360374374515357; 2.7003855711416058e-05; 517302.7442273624
11; -251647.45543482568; 6058605.192546567; 290122.4313583036; 6079079.382289052; 541769.8867931293; 20474.18974248506; 0.037773327061741836; -0.004169583316588267; 542156.621910543
12; -276399.31579254154; 6079079.382289052; 274325.1398689998; 6101488.348282338; 550724.4556615413; 22408.96599328611; 0.04066754384672858; -0.0028942167849867403; 551180.1772747177
13; -292196.2308704763; 6101488.348282338; 235749.1107016296; 6125564.431614009; 527945.3415721059; 24076.083331670612; 0.04557178964444337; -0.004904245797714792; 528494.0316373318
14; -330771.84713688766; 6125564.431614009; 201969.91989611188; 6151447.761749654; 532741.7670329995; 25883.330135645345; 0.04854695939691007; -0.0029751697524667; 533370.1689449397
15; -364550.57773574296; 6151447.761749654; 182986.52907604707; 6176230.129883524; 547537.10681179; 24782.368133869953; 0.04523066198045278; 0.003316297416457288; 548097.6638393456
16; -383533.3346737044; 6176230.129883524; 132822.43197185913; 6199410.728448463; 516355.76664556353; 23180.598564938642; 0.04486256666022857; 0.0003680953202242071; 516875.8244471843
17; -433696.91353406006; 6199410.728448463; 119564.68789759505; 6228760.181798991; 553261.6014316551; 29349.453350528143; 0.052998380757525596; -0.008135814097297023; 554039.5202787383
18; -446954.2265660313; 6228760.181798991; 86583.98764794302; 6257579.526187307; 533538.2142139743; 28819.344388316385; 0.0539630790794891; -0.0009646983219635044; 534315.9932452042
19; -479934.88547015487; 6257579.526187307; 44092.295705347555; 6290642.681784316; 524027.1811755024; 33063.155597008765; 0.06301082769079226; -0.009047748611303162; 525069.1943627762
20; -522426.3182051757; 6290642.681784316; 20032.98881138838; 6328788.979549547; 542459.3070165641; 38146.29776523076; 0.07020546013552689; -0.0071946324447346305; 543798.8964700872
21; -546485.123007483; 6328788.979549547; -5074.49130696652; 6371821.169034204; 541410.6317005164; 43032.18948465772; 0.07931487260832858; -0.009109412472801684; 543118.0732126264
22; -571592.1392535159; 6371821.169034204; -46009.4709035533; 6416686.087862823; 525582.6683499626; 44864.91882861871; 0.08515581445929694; -0.0058409418509683675; 527494.0778922217
23; -612527.1552153548; 6416686.087862823; -86000.31731590757; 6465014.763151183; 526526.8378994472; 48328.675288359635; 0.09153120244657138; -0.006375387987274439; 528740.1742666415
24; -652517.9808588584; 6465014.763151183; -139620.0101865058; 6515086.551659194; 512897.97067235265; 50071.78850801103; 0.09731685831655472; -0.005785655869983336; 515336.3099221794
25; -706137.3958366887; 6515086.551659194; -168563.0399664261; 6568197.367393947; 537574.3558702626; 53110.815734753385; 0.098477573302268; -0.001160714985713282; 540191.5834565907
26; -735080.415078675; 6568197.367393947; -208864.57339884504; 6621784.447187635; 526215.84167983; 53587.07979368791; 0.10148494441978659; -0.003007371117518587; 528937.3187397794
27; -775381.9629496565; 6621784.447187635; -248654.37017767143; 6676613.7749850415; 526727.5927719851; 54829.32779740635; 0.10372072702470936; -0.0022357826049227703; 529573.6135553636
28; -815171.5133245699; 6676613.7749850415; -277548.58124964905; 6736210.77305629; 537622.9320749209; 59596.99807124864; 0.11040203589311834; -0.0066813088684089805; 540916.0926353915
29; -844065.636601894; 6736210.77305629; -264589.4528289124; 6801200.1329771; 579476.1837729816; 64989.35992080998; 0.11168520808518277; -0.001283172192064433; 583109.1359797195
30; -831106.2017049062; 6801200.1329771; -279493.3159832646; 6863493.453946458; 551612.8857216416; 62293.32096935809; 0.11245299116913215; -0.0007677830839493832; 555119.1165250466
31; -846009.546966333; 6863493.453946458; -309579.35188866756; 6930403.924876854; 536430.1950776654; 66910.47093039565; 0.12409195301185098; -0.011638961842718828; 540587.0561816936
32; -876094.9096712235; 6930403.924876854; -334611.3949953151; 6998575.315256201; 541483.5146759084; 68171.3903793469; 0.12523853373780225; -0.0011465807259512656; 545757.9455509813
33; -901126.2591731026; 6998575.315256201; -364238.20384147565; 7069305.343600001; 536888.0553316269; 70730.02834380046; 0.13098642943288086; -0.005747895695078609; 541527.0269038202
34; -930752.5855218995; 7069305.343600001; -369646.33445410116; 7146279.233418957; 561106.2510677984; 76973.88981895614; 0.13633142073081844; -0.005344991297937585; 566361.3728894476
35; -936159.694494243; 7146279.233418957; -409592.01626460196; 7221689.556106117; 526567.678229641; 75410.32268715929; 0.14224388983922154; -0.005912469108403096; 531940.0685452604
36; -976104.4406739993; 7221689.556106117; -454791.54936517373; 7299311.298161523; 521312.8913088255; 77621.7420554068; 0.14781070044297212; -0.005566810603750583; 527060.0207609029
37; -1021302.7379153213; 7299311.298161523; -478132.7645363513; 7383419.514454057; 543169.9733789699; 84108.21629253402; 0.15362684206088145; -0.005816141617909332; 549643.3498446266
38; -1044642.8951083543; 7383419.514454057; -512368.7256018241; 7469837.327776779; 532274.1695065302; 86417.81332272198; 0.16095143808207843; -0.007324596021196977; 539243.7574820382
39; -1078877.3618591903; 7469837.327776779; -545376.3740120298; 7559654.39791135; 533500.9878471604; 89817.07013457082; 0.16679003828825203; -0.005838600206173605; 541008.696900017
40; -1111883.6667316305; 7559654.39791135; -563787.8987078252; 7653491.460645784; 548095.7680238052; 93837.06273443345; 0.16956165635970638; -0.002771618071454346; 556070.4678979373
41; -1130293.3709224802; 7653491.460645784; -615916.0996488871; 7744451.74300118; 514377.2712735932; 90960.28235539608; 0.1750262948073868; -0.005464638447680414; 522357.87556907866
42; -1182419.7736288777; 7744451.74300118; -645948.304957251; 7839358.46269487; 536471.4686716268; 94906.71969369054; 0.17509749844335365; -7.120363596685442e-05; 544801.7273666713
43; -1212450.4445569334; 7839358.46269487; -698584.9796213096; 7931746.722581887; 513865.4649356238; 92388.25988701638; 0.1778902525722642; -0.0027927541289105573; 522104.6893281612
44; -1265085.1918948735; 7931746.722581887; -731640.2006165303; 8027975.595227966; 533444.9912783433; 96228.8726460794; 0.17847199963763916; -0.000581747065374949; 542054.9369304619
45; -1298138.565242577; 8027975.595227966; -786661.8431431421; 8122888.956905222; 511476.72209943505; 94913.36167725548; 0.18348025107821714; -0.005008251440577982; 520208.5961174231
46; -1353158.7424067608; 8122888.956905222; -820815.2155293635; 8223042.642100295; 532343.5268773973; 100153.68519507349; 0.18596355534558479; -0.0024833042673676475; 541682.9250275664
47; -1387310.655377945; 8223042.642100295; -861641.2420338956; 8323426.3549713595; 525669.4133440494; 100383.71287106443; 0.18869178833465713; -0.002728232989072349; 535168.4052102267
48; -1428134.8839930906; 8323426.3549713595; -871104.4876431734; 8432026.788935592; 557030.3963499172; 108600.43396423291; 0.19254783460477273; -0.0038560462701155984; 567518.2082673344
49; -1437596.2977101156; 8432026.788935592; -906446.3489480542; 8535886.810699401; 531149.9487620613; 103860.02176380903; 0.19310155884297073; -0.0005537242381979945; 541208.9912323328
50; -1472936.1963435183; 8535886.810699401; -932658.2772877938; 8641160.118184892; 540277.9190557245; 105273.30748549104; 0.19243904451849803; 0.0006625143244727016; 550438.6424372101
51; -1499146.4805210438; 8641160.118184892; -978665.1893356493; 8743071.21261626; 520481.2911853945; 101911.09443136677; 0.1933554427484998; -0.0009163982300017803; 530364.634607375
52; -1545151.9647136685; 8743071.21261626; -996154.5197154668; 8853252.044656634; 548997.4449982017; 110180.8320403751; 0.1980633716501461; -0.0047079289016462855; 559944.6493749742
53; -1562639.8230821318; 8853252.044656634; -1007319.5402136825; 8965325.746276429; 555320.2828684493; 112073.70161979459; 0.19914314996945298; -0.00107977831930689; 566516.664503223
54; -1573803.5262476956; 8965325.746276429; -1047078.0599951243; 9072392.1801159; 526725.4662525712; 107066.43383947015; 0.20053588685840795; -0.0013927368889549707; 537496.9191112542
55; -1613560.9877634686; 9072392.1801159; -1091512.3705763074; 9180451.540023677; 522048.61718716123; 108059.35990777798; 0.20410853921912556; -0.003572652360717604; 533114.9819417064
56; -1657994.2029469472; 9180451.540023677; -1105880.1794147855; 9297602.42012826; 552114.0235321617; 117150.88010458276; 0.2090849643374816; -0.004976425118356054; 564406.0804865153
57; -1672360.863661598; 9297602.42012826; -1143327.8347876663; 9414383.015144842; 529033.0288739316; 116780.59501658194; 0.21725935679227065; -0.008174392454789042; 541769.003369474
58; -1709807.160133095; 9414383.015144842; -1195938.2257366804; 9529268.315555528; 513868.93439641455; 114885.30041068606; 0.219952232451575; -0.0026928756593043446; 526554.7587745838
59; -1762416.5948995354; 9529268.315555528; -1241454.3304643661; 9647673.012462955; 520962.2644351693; 118404.69690742716; 0.22348423478470086; -0.0035320023331258665; 534248.4002925595
60; -1807931.9104393427; 9647673.012462955; -1289523.3986831126; 9768228.066669533; 518408.51175623015; 120555.05420657806; 0.22848737063632335; -0.005003135851622487; 532241.3983861649
61; -1856000.923941353; 9768228.066669533; -1323102.0931156012; 9894847.338913567; 532898.8308257519; 126619.27224403434; 0.23327891753179966; -0.004791546895476312; 547734.9760596472
62; -1889579.2313296464; 9894847.338913567; -1340713.2977445833; 10028963.276603075; 548865.9335850631; 134115.93768950738; 0.2396549277734399; -0.006376010241640251; 565014.0686677976
63; -1907189.899190837; 10028963.276603075; -1412475.1960128886; 10150327.571952125; 494714.7031779485; 121364.29534905031; 0.24057081626955162; -0.0009158884961117109; 509383.8726599196
64; -1978951.4789580656; 10150327.571952125; -1438416.6753304494; 10283847.703293841; 540534.8036276163; 133520.13134171627; 0.24216715659114585; -0.0015963403215942251; 556781.3748737065
65; -2004892.6123930493; 10283847.703293841; -1504386.8115534182; 10409818.31245241; 500505.8008396311; 125970.60915856808; 0.24656543134998754; -0.0043982747588416915; 516114.9591378855
66; -2070862.2745161375; 10409818.31245241; -1506212.2525418599; 10550851.227991626; 564650.0219742777; 141032.91553921625; 0.24476264684078722; 0.0018027845092003225; 581996.5039251043
67; -2072687.431815942; 10550851.227991626; -1530892.6524721289; 10688133.058550969; 541794.7793438132; 137281.8305593431; 0.2481605431037611; -0.0033978962629738763; 558916.7057137722
68; -2097367.4765384383; 10688133.058550969; -1566496.5608186848; 10824500.92011548; 530870.9157197536; 136367.86156451143; 0.2514394094332947; -0.0032788663295335863; 548105.9412420262
69; -2132971.337576396; 10824500.92011548; -1622766.6758740111; 10959196.089651564; 510204.6617023847; 134695.16953608394; 0.25811320308412655; -0.006673793650831872; 527685.1196681589
70; -2189241.3860949143; 10959196.089651564; -1662473.5063119386; 11100390.474412223; 526767.8797829757; 141194.3847606592; 0.2618832643610462; -0.003770061276919645; 545362.4972978913
71; -2228947.8708894337; 11100390.474412223; -1706150.720706354; 11242166.477257017; 522797.15018307976; 141776.00284479372; 0.2648182287826934; -0.0029349644216472015; 541680.0672188303
72; -2272624.786796286; 11242166.477257017; -1749317.8849354743; 11386746.051124165; 523306.9018608115; 144579.5738671478; 0.2695564358531301; -0.004738207070436706; 542911.9327430251
73; -2315791.782916898; 11386746.051124165; -1781871.1736230054; 11538463.716234948; 533920.6092938925; 151717.66511078365; 0.2768599826535062; -0.007303546800376093; 555058.0752817036
74; -2348345.0498435535; 11538463.716234948; -1835084.8552957163; 11685591.146290774; 513260.19454783713; 147127.43005582504; 0.27916705142476506; -0.002307068771258858; 533931.1828148973
75; -2401558.5209187893; 11685591.146290774; -1869398.5148412785; 11836079.40330461; 532160.0060775108; 150488.25701383688; 0.2755917789883944; 0.00357527243637068; 553028.9210949813
76; -2435871.9482860574; 11836079.40330461; -1918267.5810655663; 11983493.738929002; 517604.36722049117; 147414.3356243912; 0.2774552653704615; -0.0018634863820671255; 538187.0189007774
77; -2484740.438347596; 11983493.738929002; -1948539.8020874362; 12135587.205828432; 536200.63626016; 152093.46689943038; 0.2763903995280162; 0.0010648658424453061; 557354.0571300155
78; -2515012.2544792034; 12135587.205828432; -2025912.955881933; 12276988.6998825; 489099.2985972704; 141401.49405406788; 0.28143248760774225; -0.005042088079726059; 509129.16475985193
79; -2592384.84285706; 12276988.6998825; -2086417.965094933; 12425982.588241482; 505966.87776212697; 148993.88835898228; 0.2863790235774887; -0.004946535969746424; 527448.253538377
80; -2652889.538794687; 12425982.588241482; -2128684.583501809; 12580065.268119268; 524204.9552928782; 154082.67987778597; 0.28588419986171865; 0.0004948237157700319; 546381.1008736747
81; -2695155.7650196115; 12580065.268119268; -2169893.9587347433; 12734635.456221562; 525261.8062848682; 154570.18810229376; 0.28619410542285656; -0.0003099055611379131; 547532.5635901674
82; -2736364.9699971126; 12734635.456221562; -2240522.3644605386; 12884262.853579134; 495842.60553657403; 149627.39735757187; 0.2930742627150249; -0.006880157292168343; 517926.87466987
83; -2806992.946661673; 12884262.853579134; -2285172.8554184567; 13043820.737820363; 521820.0912432163; 159557.88424122892; 0.29674360353948004; -0.003669340824455136; 545669.2460168669
84; -2851643.388036491; 13043820.737820363; -2316827.2428984246; 13210008.173524376; 534816.1451380663; 166187.43570401333; 0.301278376184969; -0.00453477264548896; 560041.5813903613
85; -2883297.4947790504; 13210008.173524376; -2351756.8335492327; 13378022.63989002; 531540.6612298177; 168014.4663656447; 0.3061517439566853; -0.004873367771716319; 557462.4072067678
86; -2918226.6855557975; 13378022.63989002; -2403572.826243496; 13542952.070055196; 514653.8593123015; 164929.43016517535; 0.31012624720595594; -0.003974503249270622; 540435.2984767517
87; -2970042.6848322256; 13542952.070055196; -2453376.654571719; 13710658.659541301; 516666.03026050655; 167706.58948610537; 0.3138644601567811; -0.0037382129508251594; 543202.8046523801
88; -3019846.297912264; 13710658.659541301; -2515915.0854557897; 13876989.518269079; 503931.2124564741; 166330.85872777738; 0.3188076130195664; -0.004943152862785294; 530671.8585462883
89; -3082384.523723988; 13876989.518269079; -2557017.3356282115; 14049439.358733555; 525367.1880957764; 172449.8404644765; 0.3171652671180557; 0.001642345901510689; 552946.3172893787
90; -3123486.414026169; 14049439.358733555; -2585899.709619769; 14231093.396102047; 537586.7044064002; 181654.0373684913; 0.3258607349612873; -0.008695467843231608; 567448.3712610404
91; -3152368.5663809027; 14231093.396102047; -2645672.5973746167; 14405978.909296053; 506695.969006286; 174885.51319400594; 0.33234653081955823; -0.006485795858270915; 536027.7490320347
92; -3212141.1422972768; 14405978.909296053; -2693814.096115468; 14588229.21157955; 518327.0461818087; 182250.30228349753; 0.33811068007603745; -0.005764149256479223; 549434.3450185701
93; -3260282.329052999; 14588229.21157955; -2751480.9014016544; 14769017.72587174; 508801.4276513448; 180788.51429218985; 0.3414084347186657; -0.00329775464262827; 539966.0912316847
94; -3317948.8630219637; 14769017.72587174; -2819971.209523908; 14948096.322691627; 497977.6534980559; 179078.59681988694; 0.34521179922394446; -0.003803364505278739; 529198.3439339256
95; -3386438.812876277; 14948096.322691627; -2867354.5573812285; 15141014.308902238; 519084.2554950486; 192917.98621061072; 0.35583100031736614; -0.010619201093421682; 553774.1540613883
96; -3433821.9933981537; 15141014.308902238; -2925584.436431276; 15333931.980477497; 508237.55696687754; 192917.67157525942; 0.3627814327378635; -0.0069504324204973655; 543619.9428991543
97; -3492051.535995448; 15333931.980477497; -2988050.501773192; 15526963.236810487; 504001.0342222559; 193031.25633298978; 0.36576388404395493; -0.002982451306091427; 539701.8699417262
98; -3554517.617720085; 15526963.236810487; -3050461.9393218723; 15721990.972575838; 504055.6783982129; 195027.73576535098; 0.36917734448041173; -0.0034134604364567944; 540470.1144774262
99; -3616928.720482311; 15721990.972575838; -3119799.2646132326; 15914926.746671434; 497129.45586907864; 192935.77409559675; 0.37020555834218927; -0.0010282138617775383; 533255.9505702242
100; -3686265.544646769; 15914926.746671434; -3186348.4080322892; 16110122.523474066; 499917.1366144796; 195195.7768026311; 0.3722520396310163; -0.0020464812888270068; 536673.5830674012
101; -3752814.4012229675; 16110122.523474066; -3239547.220810669; 16314648.79917053; 513267.18041229853; 204526.27569646388; 0.3791946223063245; -0.006942582675308229; 552516.2404297787
102; -3806013.0128692645; 16314648.79917053; -3322695.4810930127; 16511735.076546103; 483317.53177625174; 197086.2773755733; 0.3871935512987288; -0.007998928992404286; 521956.7388702339
103; -3889161.0739726657; 16511735.076546103; -3416459.1779549387; 16705700.793547565; 472701.896017727; 193965.71700146236; 0.38938323552381665; -0.0021896842250878623; 510949.8819557994
104; -3982924.583082379; 16705700.793547565; -3461751.3253538366; 16922491.578279518; 521173.2577285422; 216790.78473195247; 0.39419465586123065; -0.004811420337413996; 564464.1785942463
105; -4028216.3003840274; 16922491.578279518; -3529514.095995837; 17131475.55948153; 498702.2043881905; 208983.9812020138; 0.39682498345328865; -0.0026303275920580016; 540720.0690382078
106; -4095979.148425818; 17131475.55948153; -3602363.4679113855; 17341526.03609654; 493615.6805144325; 210050.47661500797; 0.40232324342926945; -0.0054982599759808015; 536449.1054852438
107; -4168828.194450459; 17341526.03609654; -3675684.750783157; 17553832.866694063; 493143.4436673019; 212306.8305975236; 0.4065346331944029; -0.004211389765133466; 536902.8276610312
108; -4242149.101210717; 17553832.866694063; -3724683.73903845; 17779402.3824721; 517465.36217226693; 225569.51577803865; 0.41107703741847473; -0.0045424042240718165; 564492.6992410213
109; -4291148.074726598; 17779402.3824721; -3804347.3350735437; 17992073.034851722; 486800.7396530546; 212670.65237962082; 0.41188500525295574; -0.0008079678344810048; 531228.5445176441
110; -4370811.292898589; 17992073.034851722; -3886945.7607464585; 18205911.47669728; 483865.53215213027; 213838.44184555858; 0.41612915966566083; -0.004244154412705092; 529011.0891236597
111; -4453409.437927541; 18205911.47669728; -3974026.7195256585; 18417545.290867157; 479382.7184018828; 211633.81416987628; 0.4157390418314713; 0.0003901178341895184; 524019.7152803209
112; -4540490.213769576; 18417545.290867157; -4027949.7036798755; 18644715.6655649; 512540.5100897001; 227170.37469774112; 0.4172049292087412; -0.001465887377269881; 560628.3560642666
113; -4594412.847379893; 18644715.6655649; -4088483.620658085; 18870325.851843458; 505929.22672180785; 225610.18627855927; 0.4194660835725718; -0.0022611543638306197; 553953.3722290827
114; -4654946.668233553; 18870325.851843458; -4158744.5839135684; 19095151.976528097; 496202.08431998454; 224826.12468463928; 0.42542381329091056; -0.0059577297183387445; 544759.8505986009
115; -4725207.44247404; 19095151.976528097; -4228989.071305445; 19323285.867185026; 496218.3711685948; 228133.89065692946; 0.43092821425828565; -0.005504400967375089; 546148.0970867528
116; -4795451.709591468; 19323285.867185026; -4306039.037368929; 19549179.295057733; 489412.67222253885; 225893.4278727062; 0.43242572503160803; -0.0014975107733223858; 539029.3169096536
117; -4872501.668111081; 19549179.295057733; -4405030.796500149; 19765919.774660345; 467470.87161093205; 216740.47960261256; 0.43414290005878575; -0.0017171750271777197; 515272.2108779543
118; -4971493.388545635; 19765919.774660345; -4489659.661767402; 19989229.507303003; 481833.7267782334; 223309.73264265805; 0.4339891318382842; 0.00015376822050156003; 531065.8875826395
119; -5056121.9544481225; 19989229.507303003; -4569073.019057863; 20215919.958054714; 487048.93539025914; 226690.45075171068; 0.4356166773274718; -0.0016275454891875873; 537219.9046264002
120; -5135535.261167923; 20215919.958054714; -4644976.61170521; 20451426.25166312; 490558.6494627129; 235506.2936084047; 0.4475831656155839; -0.011966488288112143; 544160.8244736559
121; -5211438.5922901705; 20451426.25166312; -4731356.162605551; 20682575.958860014; 480082.4296846194; 231149.70719689503; 0.44872149699709435; -0.0011383313815104268; 532831.4240255522
122; -5297817.998138078; 20682575.958860014; -4794116.115690092; 20925464.92058091; 503701.88244798593; 242888.96172089502; 0.4493127809301153; -0.0005912839330209363; 559205.3595124952
123; -5360577.402072002; 20925464.92058091; -4895833.242873365; 21149687.834415462; 464744.1591986371; 224222.9138345532; 0.4495216761046975; -0.00020889517458222429; 516006.8299913342
124; -5462293.76293439; 21149687.834415462; -4994577.174526371; 21378027.07490473; 467716.5884080194; 228339.2404892668; 0.4541631288014337; -0.004641452696736215; 520478.2568169893
125; -5561037.035591488; 21378027.07490473; -5068552.019855462; 21618809.494714983; 492485.01573602576; 240782.41981025413; 0.4547388874982339; -0.0005757586968001549; 548194.9146190569
126; -5635011.282809649; 21618809.494714983; -5167059.986474203; 21851847.558397766; 467951.2963354457; 233038.0636827834; 0.46204344941305336; -0.007304561914819485; 522766.82647911506
127; -5733519.200210245; 21851847.558397766; -5234434.487902714; 22103564.970913704; 499084.7123075314; 251717.41251593828; 0.46712800020952766; -0.005084550796474296; 558969.7718327981
128; -5800893.703953661; 22103564.970913704; -5323583.315524161; 22345069.950493865; 477310.38842950016; 241504.97958016023; 0.4684125992734175; -0.0012845990638898352; 534929.773021407
129; -5890042.382581786; 22345069.950493865; -5407425.388028577; 22592120.246934373; 482616.9945532093; 247050.29644050822; 0.47312001988773195; -0.00470742061431445; 542174.337646956
130; -5973883.962383572; 22592120.246934373; -5502210.3093058085; 22832266.78102506; 471673.6530777635; 240146.5340906866; 0.4709305051317767; 0.0021895147559552464; 529288.5723719073
131; -6068668.861617402; 22832266.78102506; -5583446.454358148; 23080965.776177566; 485222.4072592538; 248698.99515250698; 0.4736342719158586; -0.002703766784081907; 545244.875901032
132; -6149904.465820013; 23080965.776177566; -5656584.78943597; 23335263.605883766; 493319.67638404295; 254297.82970619947; 0.4759570245688099; -0.0023227526529512876; 555006.0263645252
133; -6223042.269944672; 23335263.605883766; -5747599.597510712; 23582696.4551363; 475442.6724339593; 247432.84925253317; 0.47985476124938825; -0.0038977366805783564; 535974.5793042539
134; -6314056.726434474; 23582696.4551363; -5843305.5604246715; 23830160.78391171; 470751.1660098024; 247464.3287754096; 0.483979684442484; -0.004124923193095764; 531831.9794031312
135; -6409762.166338004; 23830160.78391171; -5932281.4642112255; 24082078.302323204; 477480.70212677866; 251917.5184114948; 0.4854809067964045; -0.0015012223539204728; 539861.3312565434
136; -6498737.536399239; 24082078.302323204; -6018721.89007486; 24337647.33130783; 480015.64632437844; 255569.0289846249; 0.4892445207816489; -0.003763613985244385; 543811.1338436855
137; -6585177.289526494; 24337647.33130783; -6104072.176892465; 24596696.381257925; 481105.11263402924; 259049.04995009676; 0.49392920449012034; -0.004684683708471471; 546414.2564782234
138; -6670527.162213526; 24596696.381257925; -6216334.679838922; 24844138.09789167; 454192.48237460386; 247441.71663374454; 0.49883813825411094; -0.004908933763990597; 517221.62964850874
139; -6782789.185833139; 24844138.09789167; -6311008.510503968; 25105517.733417813; 471780.6753291711; 261379.635526143; 0.5059303534035097; -0.0070922151493987284; 539348.0504107048
140; -6877462.686104911; 25105517.733417813; -6418040.980198246; 25364193.750521313; 459421.70590666495; 258676.01710350066; 0.5128048947860799; -0.006874541382570265; 527239.5903976869
141; -6984494.677481033; 25364193.750521313; -6515282.1770072775; 25628834.546673495; 469212.5004737554; 264640.7961521819; 0.5135361927910366; -0.0007312980049566375; 538697.616097282
142; -7081735.698090741; 25628834.546673495; -6613505.368787043; 25895353.02794728; 468230.3293036986; 266518.48127378523; 0.5174673692677664; -0.003931176476729803; 538768.7278789807
143; -7179958.642081976; 25895353.02794728; -6688323.290066476; 26176730.48194203; 491635.35201549996; 281377.453994751; 0.5198250716430174; -0.002357702375251014; 566461.464680496
144; -7254776.491947976; 26176730.48194203; -6785745.940752378; 26444993.2085866; 469030.5511955982; 268262.72664456815; 0.5195402320821755; 0.00028483956084190964; 540328.185884861
145; -7352198.672656256; 26444993.2085866; -6910801.203991458; 26698401.73588849; 441397.46866479795; 253408.5273018889; 0.5211614605999114; -0.0016212285177359398; 508967.1964409921
146; -7477253.384882095; 26698401.73588849; -7019025.438263449; 26963926.305318024; 458227.9466186464; 265524.5694295354; 0.5251793071540751; -0.0040178465541637065; 529599.988701927
147; -7585477.125715486; 26963926.305318024; -7129837.890169537; 27229327.15952146; 455639.2355459491; 265400.8542034365; 0.5274377120235861; -0.0022584048695110104; 527299.4655608999
148; -7696288.966502599; 27229327.15952146; -7228863.851157601; 27504319.453507483; 467425.1153449984; 274992.2939860225; 0.5317818305023507; -0.0043441184787645915; 542316.3285454165
149; -7795314.467462501; 27504319.453507483; -7315767.006792707; 27789521.888880562; 479547.4606697932; 285202.43537307903; 0.5365372980424088; -0.004755467540058067; 557948.202056053
150; -7882217.1858353205; 27789521.888880562; -7429406.270893652; 28061364.58710331; 452810.9149416685; 271842.69822274894; 0.5406730236715876; -0.004135725629178855; 528144.0876004725
151; -7995856.218359227; 28061364.58710331; -7519297.903531833; 28347763.841755144; 476558.3148273947; 286399.2546518333; 0.5411355200159315; -0.00046249634434381015; 555996.7270553415
152; -8085747.649256741; 28347763.841755144; -7612083.472892793; 28631903.477287576; 473664.1763639478; 284139.6355324313; 0.540328107780596; 0.0008074122353354252; 552352.3191324899
153; -8178532.787837675; 28631903.477287576; -7718067.139841785; 28909982.94205605; 460465.6479958901; 278079.46476847306; 0.5432889929997655; -0.0029608852191694846; 537918.9545927857
154; -8284516.274633885; 28909982.94205605; -7805828.3642791975; 29202656.81491121; 478687.91035468783; 292673.8728551604; 0.5487659233900946; -0.005476930390329038; 561070.5048135896
155; -8372277.006175754; 29202656.81491121; -7917302.011340234; 29482252.12677852; 454974.99483551923; 279595.3118673116; 0.5510341222442525; -0.0022681988541579656; 534018.5243451392
156; -8483750.089664523; 29482252.12677852; -8023314.102908333; 29765452.350342236; 460435.9867561897; 283200.2235637158; 0.5514265343289283; -0.00039241208467577504; 540558.6596537741
157; -8589761.724043619; 29765452.350342236; -8128846.805751806; 30050283.72100394; 460914.91829181276; 284831.370661702; 0.5535277072815807; -0.0021011729526524414; 541822.3616804426
158; -8695294.294926401; 30050283.72100394; -8220906.333401669; 30343734.024339426; 474387.9615247324; 293450.30333548784; 0.553974540606811; -0.00044683332523021146; 557814.5019334661
159; -8787353.316992167; 30343734.024339426; -8338772.618405511; 30621174.872878145; 448580.6985866567; 277440.8485387191; 0.5539013173268293; 7.32232799816046e-05; 527444.8479058046
160; -8905219.315022763; 30621174.872878145; -8434723.805774696; 30914567.466670264; 470495.5092480667; 293392.59379211813; 0.557579076673073; -0.003677759346243703; 554477.4461731194
161; -9001170.021011433; 30914567.466670264; -8534929.852191027; 31208977.36471564; 466240.1688204054; 294409.89804537594; 0.5632279780258517; -0.005648901352778624; 551413.7131852715
162; -9101375.363332666; 31208977.36471564; -8661001.901430257; 31492319.224977285; 440373.4619024098; 283341.86026164517; 0.5717304536059638; -0.008502475580112079; 523651.9795861015
163; -9227447.239311906; 31492319.224977285; -8787279.575669106; 31775994.04014265; 440167.6636427995; 283674.815165367; 0.5724778074950124; -0.0007473538890486742; 523659.2144475888
164; -9353724.637512224; 31775994.04014265; -8894847.689454038; 32073548.521643322; 458876.9480581861; 297554.4815006703; 0.5752782585881032; -0.0028004510930907944; 546906.502905504
165; -9461292.633568788; 32073548.521643322; -9034720.163017528; 32351349.495772406; 426572.4705512598; 277800.9741290845; 0.5772462971689264; -0.0019680385808231726; 509055.4526368161
166; -9601164.668606127; 32351349.495772406; -9148941.077683488; 32649733.852596708; 452223.5909226388; 298384.3568243012; 0.5832448205150345; -0.0059985233461080645; 541792.7653489091
167; -9715385.3608596; 32649733.852596708; -9265172.932353094; 32947169.194371324; 450212.4285065066; 297435.3417746164; 0.583829511126883; -0.0005846906118485151; 539591.5245056293
168; -9831616.82047047; 32947169.194371324; -9383891.503156614; 33242259.33172369; 447725.3173138555; 295090.137352366; 0.5827370821990016; 0.001092428927881417; 536223.9727263513
169; -9950334.865706302; 33242259.33172369; -9519702.112248272; 33530001.067109972; 430632.7534580305; 287741.7353862822; 0.5890520400343247; -0.006314957835323098; 517918.79154357215
170; -10086145.201498352; 33530001.067109972; -9646171.077241058; 33824034.30749948; 439974.12425729446; 294033.240389511; 0.5891302158698656; -7.817583554092788e-05; 529181.232159578
171; -10212613.791387668; 33824034.30749948; -9777106.76542866; 34117890.05945318; 435507.02595900744; 293855.7519536987; 0.5935737751455301; -0.004443559275664533; 525373.7456477372
172; -10343549.12749115; 34117890.05945318; -9890429.417437213; 34426027.00927628; 453119.7100539375; 308136.9498230964; 0.5972001198294619; -0.003626344683931748; 547965.191855875
173; -10456871.093281433; 34426027.00927628; -10000331.315602269; 34735777.307448976; 456539.77767916396; 309750.2981726974; 0.5961323209428305; 0.0010677988866313326; 551700.8390617287
174; -10566772.109608829; 34735777.307448976; -10121232.729648735; 35039026.371609926; 445539.37996009365; 303249.0641609505; 0.5976097786367701; -0.0014774576939395878; 538948.3593162864
175; -10687672.579254225; 35039026.371609926; -10213756.438628353; 35363170.77367693; 473916.1406258717; 324144.40206700563; 0.5998863351812203; -0.0022765565444501368; 574165.5699683651
176; -10780195.487623699; 35363170.77367693; -10337248.742133362; 35667228.09882289; 442946.7454903368; 304057.32514595985; 0.6015686770446982; -0.001682341863477932; 537264.0657213147
177; -10903686.259492537; 35667228.09882289; -10451971.687449843; 35983484.203296006; 451714.5720426943; 316256.104473114; 0.6108090197365429; -0.009240342691844705; 551419.9653732387
178; -11018407.863195626; 35983484.203296006; -10587955.481239175; 36287992.02960199; 430452.38195645064; 304507.82630598545; 0.6156841586294644; -0.00487513889292146; 527270.5846276447
179; -11154390.064622039; 36287992.02960199; -10717414.2947054; 36598039.348672904; 436975.76991663873; 310047.3190709129; 0.6170931925667912; -0.0014090339373268312; 535795.8226389039
180; -11283847.27218955; 36598039.348672904; -10839254.442899728; 36915775.61643763; 444592.8292898219; 317736.2677647248; 0.6205025748179985; -0.003409382251207349; 546460.5381077261
181; -11405685.734988365; 36915775.61643763; -10963338.328435108; 37230712.33183907; 442347.40655325726; 314936.71540144086; 0.6187123757529472; 0.00179019906505129; 543006.7796927041
182; -11529767.84519481; 37230712.33183907; -11090437.431173418; 37548008.53571205; 439330.4140213914; 317296.2038729787; 0.6254880559497245; -0.006775680196777212; 541929.9711922288
183; -11656865.017529372; 37548008.53571205; -11207949.733736036; 37873266.22855178; 448915.2837933358; 325257.69283973426; 0.627007506205515; -0.0015194502557905887; 554362.2450840949
184; -11774375.78332637; 37873266.22855178; -11366424.608435102; 38168617.42510538; 407951.17489126883; 295351.19655359536; 0.6266436400395053; 0.00036386616600969646; 503643.2173680165
185; -11932848.793839991; 38168617.42510538; -11497720.270394878; 38486988.581291705; 435128.52344511263; 318371.15618632734; 0.6316673314184464; -0.0050236913789410975; 539163.2637772558
186; -12064142.51728264; 38486988.581291705; -11639381.593344; 38796101.415721186; 424760.9239386413; 309112.83442948014; 0.6290977146741604; 0.0025696167442860185; 525330.9308561942
187; -12205801.929991517; 38796101.415721186; -11766727.261940578; 39117276.34287403; 439074.6680509392; 321174.9271528423; 0.6315434409851541; -0.002445726310993712; 544003.5826680519
188; -12333145.992812825; 39117276.34287403; -11900801.760748118; 39436976.77843328; 432344.2320647072; 319700.4355592504; 0.6367200702546384; -0.005176629269484256; 537708.0095148257
189; -12467218.681989511; 39436976.77843328; -12027703.353489097; 39764701.02100293; 439515.32850041427; 327724.2425696552; 0.6407107613605656; -0.003990691105927202; 548248.9426845083
190; -12594118.630133; 39764701.02100293; -12164645.122002162; 40087869.598618425; 429473.50813083723; 323168.57761549205; 0.645083970625647; -0.004373209265081446; 537480.6263896668
191; -12731058.740095625; 40087869.598618425; -12315216.75808616; 40403549.89796422; 415841.9820094649; 315680.29934579134; 0.6493220666369675; -0.004238096011320414; 522090.61033177807
192; -12881629.069020731; 40403549.89796422; -12438565.199600372; 40740603.53481176; 443063.8694203589; 337053.63684754074; 0.6503353873576414; -0.0010133207206739492; 556696.2785019267
193; -13004975.703829056; 40740603.53481176; -12587158.19200163; 41060435.37433271; 417817.51182742603; 319831.8395209536; 0.6533362642472084; -0.0030008768895669613; 526178.5616699129
194; -13153567.5186643; 41060435.37433271; -12735001.577103803; 41383910.90833467; 418565.9415604975; 323475.53400196135; 0.6579457691818636; -0.004609504934655284; 528993.2594393617
195; -13301410.567663372; 41383910.90833467; -12885014.338769041; 41705284.49927668; 416396.22889433056; 321373.5909420103; 0.6573062166519523; 0.0006395525299113247; 525991.2588554893
196; -13451423.00045236; 41705284.49927668; -13022795.828261003; 42037295.06090066; 428627.17219135724; 332010.56162397563; 0.6590542179548436; -0.0017480013028913222; 542173.6490928226
197; -13589204.183768496; 42037295.06090066; -13166744.501874734; 42365382.594319575; 422459.6818937622; 328087.53341891617; 0.6603167951182504; -0.0012625771634067195; 534895.8893193022
198; -13733152.775776217; 42365382.594319575; -13312001.535422299; 42694142.13473251; 421151.2403539177; 328759.54041293263; 0.6628123316479329; -0.002495536529682485; 534276.3354895724
199; -13878409.690295963; 42694142.13473251; -13438953.973815119; 43040474.732442476; 439455.7164808437; 346332.5977099687; 0.6674391650398467; -0.004626833391913832; 559524.436449586
200; -14005361.308068177; 43040474.732442476; -13603350.418474946; 43358421.914469324; 402010.88959323056; 317947.1820268482; 0.669162534800314; -0.0017233697604672749; 512545.76957609784
201; -14169757.235104889; 43358421.914469324; -13755816.235269627; 43689541.67061511; 413940.9998352621; 331119.75614578277; 0.6746922652482186; -0.005529730447904613; 530082.4881607193
202; -14322222.153746717; 43689541.67061511; -13879038.870515069; 44046795.84927396; 443183.2832316477; 357254.1786588505; 0.67845505648362; -0.0037627912354014637; 569246.8451429422
203; -14445443.712509662; 44046795.84927396; -14020733.93431895; 44389390.85821023; 424709.7781907115; 342595.0089362711; 0.6787867757495695; -0.00033171926594943724; 545664.4901758287
204; -14587137.76769584; 44389390.85821023; -14161460.463781154; 44734421.00022152; 425677.30391468666; 345030.1420112923; 0.6811371636923819; -0.002350387942812393; 547947.95917533
205; -14727863.01361641; 44734421.00022152; -14318992.374349486; 45066880.00272679; 408870.63926692307; 332459.0025052726; 0.682687115211747; -0.0015499515193651003; 526976.4586785098
206; -14885393.855229836; 45066880.00272679; -14472084.315325735; 45403474.494596325; 413309.5399041008; 336594.4918695316; 0.6834529829634389; -0.0007658677516919621; 533029.6687170871
207; -15038484.769288711; 45403474.494596325; -14621861.230513347; 45746841.43259744; 416623.53877536394; 343366.9380011186; 0.6893035726188083; -0.0058505896553693315; 539885.1981430601
208; -15188260.562680887; 45746841.43259744; -14768403.540679272; 46095713.58136882; 419857.0220016148; 348872.1487713754; 0.6933187360929972; -0.004015163474188954; 545886.1558167794
209; -15334802.001773668; 46095713.58136882; -14931950.113914227; 46434300.5575879; 402851.88785944134; 338586.9762190804; 0.6989383059866456; -0.005619569893648424; 526242.1343992668
210; -15498347.617841544; 46434300.5575879; -15089020.186633935; 46783583.94897248; 409327.43120760843; 349283.39138457924; 0.7064128380384797; -0.007474532051834015; 538096.4908230981
211; -15655416.698938176; 46783583.94897248; -15258529.600748008; 47125059.24246888; 396887.0981901679; 341475.2934964001; 0.7104916834106543; -0.004078845372174622; 523569.2358974738
212; -15824925.168651061; 47125059.24246888; -15435511.445038112; 47461924.35311871; 389413.72361294925; 336865.1106498316; 0.7131708034549061; -0.0026791200442518592; 514899.16577056685
213; -16001905.84321334; 47461924.35311871; -15589124.657480283; 47829271.70606919; 412781.18573305756; 367347.3529504761; 0.7272249678600311; -0.01405416440512497; 552568.8961703425
214; -16155517.353772731; 47829271.70606919; -15760974.62723797; 48186908.82189193; 394542.7265347615; 357637.11582274735; 0.7363726029093494; -0.009147635049318259; 532511.2859606796
215; -16327365.364756051; 48186908.82189193; -15941427.042038694; 48538128.94081189; 385938.3227173574; 351220.1189199537; 0.738335597502953; -0.0019629945936036064; 521827.5202363646
216; -16507815.912041888; 48538128.94081189; -16114899.019982202; 48896871.63196695; 392916.89205968566; 358742.6911550611; 0.7399644537078011; -0.0016288562048480948; 532052.6313467665
217; -16681286.416809486; 48896871.63196695; -16292381.249464402; 49255541.70730177; 388905.16734508425; 358670.0753348246; 0.7449759812280121; -0.0050115275202110565; 529047.6841726053
218; -16858767.179855835; 49255541.70730177; -16458528.922337808; 49627522.03451812; 400238.257518027; 371980.32721634954; 0.7488213081416917; -0.0038453269136795587; 546406.4664853894
219; -17024913.354929574; 49627522.03451812; -16635505.64358568; 49991320.75603306; 389407.7113438938; 363798.72151494026; 0.7514112939605989; -0.0025899858189072367; 532905.1279824527
220; -17201888.29140512; 49991320.75603306; -16796703.169818055; 50372672.61481716; 405185.1215870641; 381351.85878409445; 0.7551059165097954; -0.0036946225491965023; 556420.9044901241
221; -17363084.204059232; 50372672.61481716; -16953917.583302088; 50764238.666942105; 409166.62075714394; 391566.0521249473; 0.7634211222424426; -0.008315205732647213; 566340.2658460172
222; -17520296.6690699; 50764238.666942105; -17131355.00755636; 51141875.20137306; 388941.6615135409; 377636.53443095833; 0.7706517126533721; -0.007230590410929438; 542111.582792637
223; -17697732.361166243; 51141875.20137306; -17307158.570600428; 51524792.0750983; 390573.7905658148; 382916.87372523546; 0.7754993150995327; -0.00484760244616067; 546967.2915819162
224; -17873534.05970248; 51524792.0750983; -17504044.27727004; 51890444.93591214; 369489.78243243694; 365652.8608138412; 0.7801789221877033; -0.004679607088170612; 519831.42839127756
225; -18070417.809336204; 51890444.93591214; -17680033.567742012; 52277881.2361043; 390384.24159419164; 387436.3001921624; 0.7816081795529434; -0.001429257365240022; 550006.1297764449
226; -18246405.20659856; 52277881.2361043; -17860949.981841028; 52666424.697162025; 385455.2247575335; 388543.46105772257; 0.7893881183790192; -0.007779938826075861; 547304.0758331649
227; -18427319.82177407; 52666424.697162025; -18048810.045207858; 53051161.70156664; 378509.77656621113; 384737.0044046119; 0.7935568478793674; -0.0041687295003481895; 539714.9372719245
228; -18615178.23151985; 53051161.70156664; -18238405.987502582; 53436113.08632026; 376772.24401726946; 384951.3847536221; 0.7961354257113689; -0.0025785778320014385; 538650.9932094621
229; -18804772.61448171; 53436113.08632026; -18419816.66415033; 53831181.960959986; 384955.9503313787; 395068.8746397272; 0.7983623120006854; -0.002226886289316554; 551607.1966577624
230; -18986181.59423846; 53831181.960959986; -18616994.179555077; 54212123.19401826; 369187.41468338296; 380941.2330582738; 0.801065951343429; -0.0027036393427435357; 530486.164008599
231; -19183357.302324116; 54212123.19401826; -18815179.60005657; 54596842.398805745; 368177.7022675462; 384719.2047874853; 0.8073651041539561; -0.0062991528105271755; 532506.9830333918
232; -19381541.050664455; 54596842.398805745; -19022976.239747442; 54972058.01574152; 358564.8109170124; 375215.6169357747; 0.808086079748043; -0.0007209755940869034; 518994.684770901
233; -19589335.883990757; 54972058.01574152; -19225684.31933762; 55356876.64308078; 363651.56465313584; 384818.6273392588; 0.8136710627057429; -0.0055849829576998244; 529459.9478921377
234; -19792042.252886865; 55356876.64308078; -19424730.443333708; 55752412.83887061; 367311.80955315754; 395536.1957898289; 0.8223799969761885; -0.008708934270445612; 539784.0749939784
235; -19991086.73315318; 55752412.83887061; -19622455.994898442; 56151975.39448266; 368630.7382547371; 399562.55561205; 0.825642092904814; -0.0032620959286255857; 543634.8563451989
236; -20188810.658252172; 56151975.39448266; -19822564.197089676; 56551106.361082286; 366246.46116249636; 399130.96659962833; 0.8283368387653045; -0.002694745860490455; 541702.8694891745
237; -20388917.313503563; 56551106.361082286; -20026982.422721747; 56945997.78010112; 361934.8907818161; 394891.41901883483; 0.8289163662562958; -0.0005795274909913273; 535664.1652938472
238; -20593333.584040802; 56945997.78010112; -20239628.347678564; 57332835.334525906; 353705.2363622375; 386837.5544247851; 0.830108932012312; -0.0011925657560161174; 524166.6602745875
239; -20805978.010596532; 57332835.334525906; -20440035.19769421; 57736954.78167903; 365942.8129023239; 404119.44715312123; 0.8349336433703534; -0.004824711358041411; 545184.9868459416
240; -21006383.428921115; 57736954.78167903; -20645872.356152933; 58138297.900621116; 360511.07276818156; 401343.1189420894; 0.8389425519574296; -0.004008908587076254; 539485.4332701016
241; -21212219.02124; 58138297.900621116; -20868287.21095957; 58524036.60083497; 343931.81028043106; 385738.700213857; 0.8426311632037242; -0.003688611246294604; 516801.156118531
242; -21434632.202006046; 58524036.60083497; -21065560.39855483; 58936148.867731184; 369071.803451214; 412112.2668962106; 0.8404389569315631; 0.0021922062721611013; 553218.3263676873
243; -21631903.95446439; 58936148.867731184; -21284604.974958465; 59327897.163962305; 347298.97950592637; 391748.2962311208; 0.8454698780935609; -0.00503092116199777; 523529.66369236796
244; -21850947.011980727; 59327897.163962305; -21502803.450184688; 59723536.826954305; 348143.56179603934; 395639.6629920006; 0.8491690278840911; -0.0036991497905302095; 527005.391388415
245; -22069143.587527253; 59723536.826954305; -21718522.995176446; 60125092.50355031; 350620.59235080704; 401555.67659600824; 0.853011891887578; -0.003842864003486879; 533087.0108968223
246; -22284861.477824114; 60125092.50355031; -21929279.17699808; 60533466.85208627; 355582.30082603544; 408374.34853595495; 0.8543919411064538; -0.0013800492188758007; 541487.193941743
247; -22495615.959899332; 60533466.85208627; -22149907.518253516; 60928931.76280069; 345708.44164581597; 395464.91071442515; 0.852429613464961; 0.0019623276414927338; 525268.3335510973
248; -22716242.377920352; 60928931.76280069; -22361633.468765218; 61335201.63470239; 354608.9091551341; 406269.8719016984; 0.853190561427777; -0.0007609479628160054; 539261.2421333621
249; -22927966.76170724; 61335201.63470239; -22580919.319754016; 61736545.98911035; 347047.4419532232; 401344.3544079587; 0.8578227205269003; -0.00463215909912329; 530583.8461368919
