0; 0.0; 5932836.0; 581877.7629261578; 5933449.36150579; 581877.7629261578; 613.3615057896823; 0.001054106751782599; 0.0; 581878.08620044
1; 15318.762926157797; 5933449.36150579; 618574.8216450777; 5932608.005077025; 603256.0587189199; -841.3564287647605; -0.0013946911449611626; 0.0024487978967437617; 603256.6454351954
2; 52016.04721774417; 5932608.005077025; 631372.3944671267; 5929640.579477611; 579356.3472493825; -2967.425599413924; -0.0051218902917805455; 0.0037271991468193827; 579363.9466801806
3; 64813.871426808415; 5929640.579477611; 642743.6276254059; 5926590.2926484505; 577929.7561985975; -3050.2868291605264; -0.005277905269928649; 0.00015601497814810364; 577937.8057797487
4; 76185.32779033144; 5926590.2926484505; 709066.4675050484; 5923302.518030831; 632881.1397147169; -3287.7746176198125; -0.005194885478029516; -8.301979189913322e-05; 632889.6795402302
5; 142508.21852742974; 5923302.518030831; 719616.6618021796; 5922435.175865873; 577108.4432747499; -867.3421649578959; -0.0015029090668019333; -0.003691976411227583; 577109.0950430745
6; 153058.85665419523; 5922435.175865873; 754757.6574589512; 5920811.270407634; 601698.800804756; -1623.9054582389072; -0.00269886114664514; 0.0011959520798432066; 601700.9921537597
7; 188199.94632011093; 5920811.270407634; 779219.1788509102; 5919145.856331224; 591019.2325307992; -1665.414076410234; -0.002817860361825194; 0.00011899921518005417; 591021.5789845078
8; 212661.66364044498; 5919145.856331224; 800554.0340394847; 5917161.177812572; 587892.3703990397; -1984.6785186519846; -0.003375908718911302; 0.0005580483570861079; 587895.720448979
9; 233996.9238465703; 5917161.177812572; 818648.0328746071; 5916029.5775914965; 584651.1090280368; -1131.6002210751176; -0.0019355112656634459; -0.001440397453247856; 584652.2041408668
10; 252091.1207373984; 5916029.5775914965; 829077.3290707566; 5916157.815238174; 576986.2083333582; 128.2376466775313; 0.0002222542631243007; -0.0021577655287877465; 576986.22258404
11; 262521.0288365871; 5916157.815238174; 850187.5195119004; 5916463.34007973; 587666.4906753133; 305.52484155632555; 0.0005198949044693545; -0.00029764064134505373; 587666.5700957192
12; 283631.7912367085; 5916463.34007973; 867906.8553316115; 5920979.932584512; 584275.064094903; 4516.592504781671; 0.007730096353407904; -0.00721020144893855; 584292.5210294559
13; 301351.1502656962; 5920979.932584512; 880256.328516424; 5923756.516021907; 578905.1782507278; 2776.583437395282; 0.004796229591655953; 0.002933866761751951; 578911.8368293153
14; 313701.03736680024; 5923756.516021907; 921054.2296606116; 5925431.069771279; 607353.1922938114; 1674.55374937132; 0.0027571263762811568; 0.0020391032153747966; 607355.5007734292
15; 354499.3132271634; 5925431.069771279; 930790.5667932718; 5926661.323287657; 576291.2535661084; 1230.2535163788125; 0.0021347741092780626; 0.0006223522670030942; 576292.5667232844
16; 364235.9700572442; 5926661.323287657; 929537.0987776377; 5927795.026267567; 565301.1287203935; 1133.702979909256; 0.0020054823923181244; 0.00012929171695993816; 565302.2655314567
17; 362982.53983223834; 5927795.026267567; 958572.5719891547; 5929847.865462208; 595590.0321569163; 2052.8391946414486; 0.0034467183039455515; -0.001441235911627427; 595593.5699396323
18; 392018.17020076094; 5929847.865462208; 962487.4583720522; 5931731.2387262825; 570469.2881712912; 1883.3732640743256; 0.003301433504897101; 0.00014528479904845053; 570472.3970899131
19; 395933.1172200602; 5931731.2387262825; 998443.0396270911; 5935171.681399605; 602509.922407031; 3440.4426733227447; 0.00571012219525117; -0.002408688690354069; 602519.7451077556
20; 431889.16533138114; 5935171.681399605; 1011064.3949245878; 5942357.129401393; 579175.2295932067; 7185.448001787998; 0.012405709038519487; -0.006695586843268317; 579219.8004534462
21; 444510.6216746934; 5942357.129401393; 1052377.699403537; 5951439.647849018; 607867.0777288435; 9082.51844762452; 0.014940507512459804; -0.002534798473940317; 607934.9277085133
22; 485824.2843309068; 5951439.647849018; 1074276.8052756283; 5962524.202186012; 588452.5209447215; 11084.554336993955; 0.01883455877522193; -0.0038940512627621254; 588556.9103757492
23; 507723.5547562102; 5962524.202186012; 1057689.3025086513; 5975176.652022778; 549965.7477524411; 12652.449836766347; 0.02300182948875714; -0.004167270713535211; 550111.2689154564
24; 491136.3157217989; 5975176.652022778; 1104693.8392429035; 5993725.41354597; 613557.5235211046; 18548.761523191817; 0.03022229060867512; -0.007220461119917979; 613837.83788831
25; 538141.3429685468; 5993725.41354597; 1085932.3723830055; 6013154.982091725; 547791.0294144587; 19429.568545755; 0.03545407990384888; -0.0052317892951737575; 548135.4942355279
26; 519380.89046177454; 6013154.982091725; 1092777.355278982; 6034253.445142352; 573396.4648172075; 21098.46305062715; 0.03677900061402027; -0.0013249207101713942; 573784.4987519006
27; 526227.2290109203; 6034253.445142352; 1119949.036792966; 6054549.290385405; 593721.8077820458; 20295.84524305258; 0.034170793337016864; 0.0026082072770034076; 594068.60409393
28; 553400.0131159066; 6054549.290385405; 1153359.0008775832; 6072852.490924626; 599958.9877616765; 18303.200539221056; 0.030497960364246894; 0.0036728329727699696; 600238.1145395505
29; 586811.0291242173; 6072852.490924626; 1163726.9103504294; 6091823.746526494; 576915.881226212; 18971.255601868033; 0.032872074507534106; -0.002374114143287212; 577227.7215710696
30; 597179.5371209001; 6091823.746526494; 1183225.3766216843; 6113824.4269136125; 586045.8395007842; 22000.68038711883; 0.03752326578585325; -0.0046511912783191445; 586458.6566277925
31; 616678.2291747767; 6113824.4269136125; 1221248.0363012613; 6135142.7294154335; 604569.8071264846; 21318.30250182096; 0.03524733303079356; 0.0022759327550596897; 604945.5526826476
32; 654701.37094431; 6135142.7294154335; 1252929.9293843466; 6159022.690673574; 598228.5584400366; 23879.961258140393; 0.039896606995474385; -0.004649273964680824; 598704.9863521553
33; 686383.638831886; 6159022.690673574; 1255102.1037978018; 6181752.996991315; 568718.4649659158; 22730.30631774105; 0.03994632865191248; -4.972165643809395e-05; 569172.5214892984
34; 688556.0356715871; 6181752.996991315; 1284442.7154841234; 6208240.919737558; 595886.6798125363; 26487.922746242955; 0.0444220324569083; -0.0044757038049958245; 596475.1002593647
35; 717896.9612552428; 6208240.919737558; 1279637.2401521853; 6234851.569764022; 561740.2788969425; 26610.650026463903; 0.04733641549268958; -0.0029143830357812803; 562370.2229226275
36; 713092.0678917379; 6234851.569764022; 1297308.3704179442; 6260526.3488761615; 584216.3025262062; 25674.779112139717; 0.043919125399395874; 0.0034172900932937095; 584780.200092179
37; 730763.6941122753; 6260526.3488761615; 1330207.862379211; 6287648.909712197; 599444.1682669357; 27122.56083603576; 0.04521534511806156; -0.0012962197186656838; 600057.4507291304
38; 763663.6949457852; 6287648.909712197; 1351142.223664483; 6315260.995614378; 587478.5287186978; 27612.085902180523; 0.046966448789658916; -0.001751103671597358; 588127.0687473543
39; 784598.4344652446; 6315260.995614378; 1384408.0429803743; 6342134.244272423; 599809.6085151297; 26873.248658045195; 0.04477302290688471; 0.0021934258827742067; 600411.3073223307
40; 817864.2810350615; 6342134.244272423; 1420886.1025932524; 6366015.455443855; 603021.821558191; 23881.2111714324; 0.03958188120098144; 0.00519114170590327; 603494.5149066172
41; 854342.3585457911; 6366015.455443855; 1466128.602439839; 6393830.255978032; 611786.2438940478; 27814.80053417664; 0.04543361283143643; -0.005851731630454993; 612418.2160474518
42; 899584.9654112342; 6393830.255978032; 1485350.5108061275; 6421423.319385931; 585765.5453948933; 27593.06340789888; 0.0470711897027594; -0.0016375768713229669; 586415.0844922129
43; 918807.1070559942; 6421423.319385931; 1472928.3119785069; 6448766.663322216; 554121.2049225126; 27343.343936285004; 0.04930542749345109; -0.0022342377906916927; 554795.4291469922
44; 906385.0820067178; 6448766.663322216; 1495291.7712041442; 6478227.39189551; 588906.6891974264; 29460.728573294356; 0.04998447065770249; -0.0006790431642514014; 589643.1319955686
45; 928748.9169852333; 6478227.39189551; 1523143.8187359462; 6509427.1197384745; 594394.9017507129; 31199.727842964232; 0.052441771129118984; -0.0024573004714164917; 595213.1737829016
46; 956601.0835000223; 6509427.1197384745; 1533901.0012298222; 6543705.956304468; 577299.9177297999; 34278.836565993726; 0.05930822877174398; -0.006866457642624994; 578316.7243363725
47; 967358.3971969064; 6543705.956304468; 1552550.8528800372; 6578873.3880092045; 585192.4556831308; 35167.431704736315; 0.06002330942998223; -0.0007150806582382485; 586248.2054907803
48; 986008.415280422; 6578873.3880092045; 1579210.9192926153; 6615670.5833672425; 593202.5040121933; 36797.19535803795; 0.061952042513898985; -0.0019287330839167574; 594342.6994189074
49; 1012668.8355711587; 6615670.5833672425; 1601678.8581143697; 6650919.42840284; 589010.022543211; 35248.84503559768; 0.05977293190527986; 0.0021791106086191253; 590063.7997138085
50; 1035136.9995836332; 6650919.42840284; 1626220.814522232; 6687831.44102398; 591083.8149385988; 36912.01262114011; 0.06236702993519387; -0.0025940980299140118; 592235.2344787592
51; 1059679.31391508; 6687831.44102398; 1643792.8218881749; 6726133.761881385; 584113.5079730949; 38302.32085740473; 0.0654796767358869; -0.0031126468006930225; 585367.9680164421
52; 1077251.740603391; 6726133.761881385; 1643104.7482084737; 6765413.223292954; 565853.0076050826; 39279.46141156927; 0.06930519334932801; -0.0038255166134411184; 567214.688019008
53; 1076564.0123599924; 6765413.223292954; 1662006.0708817504; 6806359.278384168; 585442.0585217581; 40946.055091213435; 0.06982669768412238; -0.0005215043347943649; 586872.2035620074
54; 1095465.637822589; 6806359.278384168; 1673005.7072900254; 6848136.175867505; 577540.0694674365; 41776.89748333767; 0.0722101580686125; -0.002383460384490124; 579049.0834150286
55; 1106465.6947100502; 6848136.175867505; 1679536.9833925762; 6888770.433202035; 573071.288682526; 40634.25733452942; 0.07078763879792067; 0.0014225192706918272; 574510.0911049168
56; 1112997.0259953665; 6888770.433202035; 1678651.312105633; 6926736.584969757; 565654.2861102666; 37966.15176772233; 0.0670184851435526; 0.003769153654368071; 566926.9794911555
57; 1112111.4218546352; 6926736.584969757; 1716024.2617547994; 6967665.0240546325; 603912.8399001642; 40928.4390848754; 0.06766862084863687; -0.0006501357050842649; 605298.1540713682
58; 1149484.6294982631; 6967665.0240546325; 1739597.3788494335; 7009460.948218236; 590112.7493511704; 41795.924163603224; 0.07070893577541662; -0.0030403149267797525; 591591.037984423
59; 1173058.2154846867; 7009460.948218236; 1729281.8701743947; 7049091.05636734; 556223.654689708; 39630.10814910382; 0.07112831781271722; -0.00041938203730060297; 557633.6606664676
60; 1162743.21170641; 7049091.05636734; 1734570.039550588; 7089201.679229004; 571826.8278441781; 40110.62286166474; 0.07002999734271899; 0.0010983204699982346; 573231.8755169552
61; 1168031.8494887096; 7089201.679229004; 1762345.0843228134; 7130496.669209443; 594313.2348341038; 41294.989980438724; 0.06937204578291782; 0.0006579515598011676; 595746.1685117759
62; 1195807.2658159933; 7130496.669209443; 1756302.8897370987; 7170793.386787199; 560495.6239211054; 40296.71757775638; 0.0717713056237135; -0.002399259840795684; 561942.3189992462
63; 1189765.385148632; 7170793.386787199; 1768726.1751512683; 7212155.925960461; 578960.7900026361; 41362.53917326126; 0.07132155108070097; 0.00044975454301253437; 580436.435802695
64; 1202189.2551578125; 7212155.925960461; 1793143.3611740079; 7252696.3565378655; 590954.1060161954; 40540.4305774048; 0.06849434193039583; 0.0028272091503051405; 592343.0441296683
65; 1226606.7321986319; 7252696.3565378655; 1806519.9800950072; 7292849.195227123; 579913.2478963754; 40152.83868925739; 0.06912905903460585; -0.0006347171042100225; 581301.6648355038
66; 1239983.6731249795; 7292849.195227123; 1819353.5955812638; 7333702.941332631; 579369.9224562843; 40853.74610550795; 0.07039757209458368; -0.0012685130599778272; 580808.5188922888
67; 1252817.6815026347; 7333702.941332631; 1852722.4642363023; 7373977.358445264; 599904.7827336676; 40274.417112633586; 0.06703409422506548; 0.003363477869518197; 601255.1679781983
68; 1286186.7418210465; 7373977.358445264; 1883204.3723243582; 7415309.357391615; 597017.6305033118; 41331.998946351; 0.06912049608737972; -0.0020864018623142355; 598446.6436272244
69; 1316669.005182453; 7415309.357391615; 1910212.2952603307; 7457964.745001223; 593543.2900778777; 42655.38760960754; 0.0717423333834512; -0.0026218372960714886; 595074.0452150451
70; 1343677.296597697; 7457964.745001223; 1924522.0947342895; 7501244.814250484; 580844.7981365924; 43280.06924926117; 0.07437483649820426; -0.0026325031147530487; 582455.0145003127
71; 1357987.104789175; 7501244.814250484; 1943870.0224808713; 7544594.324299388; 585882.9176916962; 43349.510048903525; 0.07385547782633943; 0.0005193586718648252; 587484.4451254985
72; 1377335.612355473; 7544594.324299388; 1960099.4905209262; 7586981.057077991; 582763.8781654532; 42386.73277860321; 0.07260611976900505; 0.0012493580573343793; 584303.3226074313
73; 1393565.2682427329; 7586981.057077991; 1953878.341211006; 7628172.74628174; 560313.0729682732; 41191.68920374941; 0.07338347737366277; -0.0007773576046577191; 561825.146285397
74; 1387344.7033002588; 7628172.74628174; 1953692.0839178856; 7672248.785444793; 566347.3806176267; 44076.039163053036; 0.07766854208215743; -0.004285064708494657; 568059.9024405348
75; 1387158.8438202217; 7672248.785444793; 1965984.5553182685; 7721567.855846162; 578825.7114980468; 49319.07040136866; 0.08500008753540156; -0.0073315454532441315; 580923.0370681431
76; 1399451.4843892166; 7721567.855846162; 1982961.7269633575; 7771464.191774291; 583510.2425741409; 49896.33592812903; 0.08530313251261845; -0.00030304497721689305; 585639.6908748462
77; 1416429.0873791864; 7771464.191774291; 2003294.0978789367; 7824085.808230685; 586865.0104997503; 52621.616456394084; 0.08942647343895838; -0.0041233409263399246; 589219.4625666704
78; 1436761.5625791792; 7824085.808230685; 2008032.670903062; 7876359.561183882; 571271.1083238828; 52273.752953196876; 0.09125016855295613; -0.0018236951139977559; 573657.7589934693
79; 1441500.1358675032; 7876359.561183882; 2007320.3324743246; 7929875.814341711; 565820.1966068214; 53516.253157828934; 0.09430120097477958; -0.0030510324218234464; 568345.391676782
80; 1440788.149685251; 7929875.814341711; 2006052.8872293541; 7983273.024644327; 565264.7375441031; 53397.21030261647; 0.09418458724443629; 0.00011661373034328737; 567781.195161398
81; 1439520.9409054; 7983273.024644327; 2021191.3691597749; 8039380.218779923; 581670.4282543748; 56107.194135596044; 0.09616123487478519; -0.001976647630348896; 584370.177489746
82; 1454659.7270325343; 8039380.218779923; 2034226.106909221; 8096186.729921617; 579566.3798766867; 56806.51114169322; 0.09770345607925987; -0.0015422212044746836; 582343.6858002834
83; 1467694.5590937086; 8096186.729921617; 2033543.8550564777; 8151823.893157036; 565849.2959627691; 55637.16323541943; 0.09801001771849294; -0.0003065616392330661; 568577.9802933333
84; 1467012.2976385327; 8151823.893157036; 2049848.3163629952; 8207780.68630161; 582836.0187244625; 55956.79314457439; 0.09571441853620526; 0.0022955991822876803; 585516.0009953671
85; 1483317.014976889; 8207780.68630161; 2087714.8905656561; 8267045.0417527035; 604397.8755887672; 59264.355451093055; 0.09774274091749291; -0.0020283223812876533; 607296.5139396475
86; 1521183.6905438402; 8267045.0417527035; 2124621.4520663056; 8325137.490168056; 603437.7615224654; 58092.44841535296; 0.09597340661191638; 0.0017693343055765337; 606227.5683224364
87; 1558090.7307607247; 8325137.490168056; 2142787.7706348062; 8385946.791508033; 584697.0398740815; 60809.30133997649; 0.10362882914075708; -0.007655422528840702; 587850.660939468
88; 1576258.2117229467; 8385946.791508033; 2140283.1156016667; 8445825.77626709; 564024.90387872; 59878.98475905787; 0.1057675528178658; -0.0021387236771087254; 567194.4860549817
89; 1573754.6112942365; 8445825.77626709; 2135764.472136522; 8507112.041735413; 562009.8608422857; 61286.26546832174; 0.10861918778986498; -0.0028516349719991813; 565341.5693357592
90; 1569236.8406519387; 8507112.041735413; 2139589.3522439315; 8572303.449767247; 570352.5115919928; 65191.40803183429; 0.11380630933751665; -0.005187121547651663; 574066.1174119819
91; 1573062.4926804355; 8572303.449767247; 2161784.8868261212; 8638951.89917646; 588722.3941456857; 66648.44940921292; 0.11272867018243436; 0.0010776391550822856; 592482.9729007244
92; 1595259.133202006; 8638951.89917646; 2167297.589348048; 8704213.839242702; 572038.4561460419; 65261.94006624259; 0.11359548585197429; -0.0008668156695399304; 575749.1781419726
93; 1600773.2537836907; 8704213.839242702; 2200576.5909667797; 8771603.351919955; 599803.337183089; 67389.51267725229; 0.1118834817093593; 0.0017120041426149923; 603577.1613595464
94; 1634053.5457785167; 8771603.351919955; 2217379.544462385; 8838739.97781682; 583325.9986838684; 67136.6258968655; 0.11458862028635936; -0.0027051385770000547; 587176.7598239462
95; 1650858.2638667892; 8838739.97781682; 2214773.1222328995; 8905066.961617772; 563914.8583661104; 66326.98380095139; 0.11708086244353366; -0.002492242157174307; 567802.1101283457
96; 1648253.1683063046; 8905066.961617772; 2211778.2129391097; 8973062.010862939; 563525.044632805; 67995.04924516752; 0.12007971131843745; -0.0029988488749037867; 567612.3700645166
97; 1645259.4835658856; 8973062.010862939; 2234249.2484515053; 9047021.239349414; 588989.7648856197; 73959.2284864746; 0.12491582436538036; -0.004836113046942911; 593615.1199374323
98; 1667731.5539789908; 9047021.239349414; 2222316.91225985; 9117509.997389562; 554585.3582808594; 70488.75804014876; 0.12642385136293177; -0.0015080269975514121; 559047.0325737825
99; 1655800.3588792724; 9117509.997389562; 2252089.1427077353; 9192886.163506474; 596288.7838284629; 75376.16611691192; 0.12574190657367776; 0.0006819447892540131; 601034.0091360153
100; 1685573.757181807; 9192886.163506474; 2268211.7183590666; 9265718.692021918; 582637.9611772597; 72832.5285154432; 0.12435969823207968; 0.001382208341598079; 587172.522360121
101; 1701697.64050637; 9265718.692021918; 2287898.273829967; 9339552.92699072; 586200.6333235968; 73834.23496880196; 0.1252940733989716; -0.000934375166891932; 590832.1900188024
102; 1721385.4351058453; 9339552.92699072; 2299071.267880281; 9411187.302120235; 577685.8327744356; 71634.3751295153; 0.12337252888731547; 0.0019215445116561453; 582110.3031973316
103; 1732559.87035929; 9411187.302120235; 2324007.2861545905; 9486954.738683011; 591447.4157953006; 75767.43656277657; 0.12741115664395758; -0.004038627756642113; 596280.7644845116
104; 1757497.0488684392; 9486954.738683011; 2304348.431661941; 9557187.973694695; 546851.382793502; 70233.23501168378; 0.1277327877008757; -0.00032163105691812577; 551343.0349277768
105; 1737839.8864245927; 9557187.973694695; 2311599.4643487763; 9633134.111395432; 573759.5779241836; 75946.13770073652; 0.13160076545928157; -0.0038679777584058606; 578764.0875964891
106; 1745092.452732555; 9633134.111395432; 2332610.6696925806; 9712560.366671529; 587518.2169600255; 79426.25527609698; 0.13437476673878632; -0.002774001279504751; 592862.7035723121
107; 1766105.2526958613; 9712560.366671529; 2312729.0503049376; 9787895.744187865; 546623.7976090764; 75335.37751633674; 0.13695664696672183; -0.0025818802279355124; 551790.7168647344
108; 1746225.4362300872; 9787895.744187865; 2330611.135168136; 9869276.275403826; 584385.6989380489; 81380.53121596016; 0.13836837878130182; -0.0014117318145799862; 590024.9452220675
109; 1764109.2096871957; 9869276.275403826; 2369509.1684861495; 9950926.57316086; 605399.9587989538; 81650.29775703512; 0.13406106121636277; 0.004307317564939045; 610881.2333322964
110; 1803009.0281275744; 9950926.57316086; 2380668.308056644; 10030120.486433214; 577659.2799290698; 79193.91327235289; 0.13624517026409036; -0.0021841090477275893; 583062.5348858907
111; 1814169.4937830889; 10030120.486433214; 2390272.5642897794; 10110553.569254352; 576103.0705066905; 80433.0828211382; 0.13871909313661127; -0.002473922872520906; 581690.835976766
112; 1823775.323960959; 10110553.569254352; 2397548.4885293306; 10193249.75891013; 573773.1645683716; 82696.18965577893; 0.14314126675110475; -0.004422173614493485; 579701.9097453346
113; 1831052.7092521307; 10193249.75891013; 2395428.8602103274; 10275746.021303184; 564376.1509581967; 82496.26239305362; 0.14514456756807995; -0.0020033008169751954; 570373.6258622175
114; 1828934.689355256; 10275746.021303184; 2391244.23041187; 10358040.893364161; 562309.5410566139; 82294.87206097692; 0.14531988423916742; -0.00017531667108747206; 568299.6268966154
115; 1824751.4108045218; 10358040.893364161; 2403056.5351755843; 10442491.979499143; 578305.1243710625; 84451.08613498136; 0.14500707679388014; 0.00031280744528727755; 584438.8786034072
116; 1836564.8918037764; 10442491.979499143; 2431118.1200160645; 10530051.349145519; 594553.2282122881; 87559.369646376; 0.1462181603818717; -0.001211083587991546; 600966.0426268058
117; 1864627.9149435442; 10530051.349145519; 2432309.7021030737; 10614049.276185375; 567681.7871595295; 83997.92703985609; 0.14690067247539756; -0.0006825120935258777; 573862.5821741913
118; 1865821.0793467322; 10614049.276185375; 2457264.582275697; 10701517.625741486; 591443.5029289648; 87468.3495561108; 0.1468253612053251; 7.531127007245897e-05; 597876.3495330405
119; 1890777.6048636902; 10701517.625741486; 2448003.249673063; 10785144.429741979; 557225.6448093727; 83626.80400049314; 0.1489653417233186; -0.002139980517993495; 563465.9364864554
120; 1881517.7792641781; 10785144.429741979; 2460765.115084527; 10873341.052269084; 579247.3358203489; 88196.62252710573; 0.15110019441931807; -0.002134852695999473; 585923.3058004783
121; 1894281.0029032524; 10873341.052269084; 2499504.66885175; 10965594.566944864; 605223.6659484976; 92253.51467577927; 0.15126444765867278; -0.00016425323935470582; 612214.3389321854
122; 1933022.4439865216; 10965594.566944864; 2501984.350076058; 11056252.14004654; 568961.9060895364; 90657.573101677; 0.15801026984837493; -0.006745822189702155; 576139.25933035
123; 1935503.8917450793; 11056252.14004654; 2522286.876836806; 11149901.01750234; 586782.9850917268; 93648.87745579891; 0.1582624187384713; -0.0002521488900963653; 594209.0405252086
124; 1955808.0877653784; 11149901.01750234; 2515293.3886975544; 11238562.9327955; 559485.300932176; 88661.91529316083; 0.1571635850544785; 0.0010988336839928003; 566466.8897496297
125; 1948816.4797168104; 11238562.9327955; 2537301.304800918; 11330228.194995299; 588484.8250841075; 91665.2621997986; 0.1545231385137558; 0.0026404465407227073; 595581.1528653592
126; 1970826.223227596; 11330228.194995299; 2547905.131899341; 11420422.13667217; 577078.9086717451; 90193.94167687185; 0.15503964349784713; -0.0005165049840913372; 584084.7660648095
127; 1981431.7745977994; 11420422.13667217; 2565726.4255267056; 11511132.202452933; 584294.6509289062; 90710.06578076258; 0.1540176199943156; 0.0010220235035315328; 591293.9667695609
128; 1999254.4519953197; 11511132.202452933; 2569703.1734735854; 11601162.25646135; 570448.7214782657; 90030.05400841683; 0.15653209886720046; -0.002514478872884862; 577509.4410145573
129; 2003232.224058953; 11601162.25646135; 2574845.8296616306; 11692037.306296652; 571613.6056026774; 90875.04983530194; 0.1576604259263379; -0.0011283270591374295; 578792.1810051185
130; 2008375.420400722; 11692037.306296652; 2603095.0735687893; 11785538.557352148; 594719.6531680673; 93501.25105549581; 0.15594254437978616; 0.001717881546551725; 602024.8747462925
131; 2036625.1493388503; 11785538.557352148; 2600126.7799628107; 11875083.822651895; 563501.6306239604; 89545.26529974677; 0.15759094124895962; -0.0016483968691734519; 570572.0307318475
132; 2033657.2979021734; 11875083.822651895; 2618562.352108122; 11968254.478749495; 584905.0542059485; 93170.65609760024; 0.1579647920698786; -0.0003738508209189806; 592279.2361659497
133; 2052093.3183341804; 11968254.478749495; 2640051.3000774374; 12060961.743142858; 587957.981743257; 92707.26439336315; 0.1563891201557678; 0.0015756719141107878; 595221.9965415468
134; 2073582.667280091; 12060961.743142858; 2645539.6831306363; 12153046.966372643; 571957.0158505454; 92085.22322978452; 0.1596303936476504; -0.003241273491882579; 579322.463156695
135; 2079071.1773167755; 12153046.966372643; 2643078.050566476; 12246516.817953596; 564006.8732497003; 93469.85158095323; 0.16423199798856705; -0.004601604340916665; 571699.5419164414
136; 2076609.7858259054; 12246516.817953596; 2648740.290477213; 12341463.889162127; 572130.5046513076; 94947.07120853104; 0.16445472494707242; -0.00022272695850536484; 579955.3954259221
137; 2082272.4193269298; 12341463.889162127; 2648764.15496656; 12433677.647794314; 566491.7356396304; 92213.7586321868; 0.16136509114891134; 0.0030896337981610733; 573947.9626491204
138; 2082296.6815523691; 12433677.647794314; 2652612.0063960217; 12526775.541267136; 570315.3248436525; 93097.89347282238; 0.16181213278393414; -0.0004470416350227935; 577863.9870424509
139; 2086145.2711589248; 12526775.541267136; 2650728.935575404; 12622604.719351219; 564583.6644164794; 95829.1780840829; 0.16813184862964395; -0.006319715845709811; 572658.66403837
140; 2084263.0961204697; 12622604.719351219; 2682703.1558720046; 12726057.300273377; 598440.0597515348; 103452.58092215843; 0.17117861660852055; -0.0030467679788765967; 607316.1792796865
141; 2116238.28169341; 12726057.300273377; 2664953.5050069625; 12823881.214530768; 548715.2233135523; 97823.91425739042; 0.17642458963550967; -0.00524597302698912; 557366.9477971212
142; 2098489.350816743; 12823881.214530768; 2692348.930089696; 12929038.621903116; 593859.5792729529; 105157.40737234801; 0.17525784274980327; 0.0011667468857063934; 603098.0684926147
143; 2125885.3818519493; 12929038.621903116; 2681447.7760320627; 13027195.571143715; 555562.3941801134; 98156.94924059883; 0.17487560265393048; 0.00038224009587278784; 564166.9615560285
144; 2114984.647774626; 13027195.571143715; 2666816.2270293194; 13126957.049440866; 551831.5792546934; 99761.47829715163; 0.17885075247016982; -0.003975149816239337; 560776.6439633181
145; 2100353.3160841838; 13126957.049440866; 2657561.6593363304; 13228305.964206843; 557208.3432521466; 101348.91476597637; 0.17992004695175848; -0.0010692944815886563; 566350.3688654605
146; 2091099.0949971555; 13228305.964206843; 2668680.616246422; 13333795.67344828; 577581.5212492663; 105489.7092414368; 0.18064927351620721; -0.0007292265644487372; 587135.83815371
147; 2102218.5259270445; 13333795.67344828; 2683130.7691583587; 13442129.960517062; 580912.2432313142; 108334.28706878237; 0.18437201182467763; -0.003722738308470419; 590927.5353973099
148; 2116669.214217701; 13442129.960517062; 2677402.251882026; 13546869.01160325; 560733.037664325; 104739.05108618736; 0.18466150461034125; -0.0002894927856636198; 570431.24769835
149; 2110940.8059009104; 13546869.01160325; 2677931.5895873634; 13652885.070210421; 566990.783686453; 106016.05860717222; 0.18484577078300246; -0.00018426617266120715; 576817.0883980272
150; 2111470.7800682215; 13652885.070210421; 2665522.837707156; 13757928.829128394; 554052.0576389343; 105043.75891797245; 0.1873679954060473; -0.0025222246230448275; 563921.8685789319
151; 2099062.458404256; 13757928.829128394; 2673461.2300214525; 13866734.545835162; 574398.7716171965; 108805.71670676768; 0.18720730783872677; 0.0001606875673205166; 584613.2335342894
152; 2107001.636019551; 13866734.545835162; 2685692.1505123544; 13976680.34410073; 578690.5144928033; 109945.79826556891; 0.1877529410662521; -0.0005456332275253217; 589042.2651390972
153; 2119233.2701321966; 13976680.34410073; 2681574.170347465; 14085875.052638212; 562340.9002152686; 109194.70853748173; 0.19179208467080902; -0.004039143604556927; 572844.4574467874
154; 2115116.275277871; 14085875.052638212; 2691462.6427017436; 14196716.728210025; 576346.3674238725; 110841.67557181232; 0.1899980521029549; 0.0017940325678541258; 586908.0100716469
155; 2125005.493806449; 14196716.728210025; 2688264.0931662866; 14306404.248911444; 563258.5993598374; 109687.52070141956; 0.19233029403208507; -0.0023322419291301744; 573839.3520406474
156; 2121807.6066260994; 14306404.248911444; 2699971.5305275423; 14418074.014941486; 578163.9239014429; 111669.7660300415; 0.19079610068848055; 0.001534193343604523; 588849.4370773549
157; 2133515.464738515; 14418074.014941486; 2685109.984274314; 14525887.533550154; 551594.5195357986; 107813.51860866882; 0.19302438691533283; -0.002228286226852283; 562032.2666686587
158; 2118654.215784467; 14525887.533550154; 2681142.978568014; 14638379.412150582; 562488.7627835474; 112491.87860042788; 0.19738551867821255; -0.004361131762879722; 573627.0835733083
159; 2114687.4210163704; 14638379.412150582; 2681243.148902855; 14751781.601305649; 566555.7278864845; 113402.18915506639; 0.1975500710329038; -0.00016455235469126084; 577793.6044178281
160; 2114787.831310511; 14751781.601305649; 2670454.769019015; 14862814.567674108; 555666.937708504; 111032.96636845917; 0.1972217827743672; 0.0003282882585366187; 566651.6260304261
161; 2103999.5713705234; 14862814.567674108; 2659952.01112111; 14976981.762165476; 555952.4397505866; 114167.19449136779; 0.20253853310857728; -0.005316750334210085; 567553.7538970731
162; 2093497.1632372225; 14976981.762165476; 2663073.7879955303; 15095841.867980184; 569576.6247583078; 118860.1058147084; 0.20572905218970325; -0.00319051908112597; 581846.4197924999
163; 2096619.4466334619; 15095841.867980184; 2673364.8990097386; 15216090.538289836; 576745.4523762767; 120248.67030965164; 0.2055505373383559; 0.00017851485134734446; 589147.7400007196
164; 2106911.400784105; 15216090.538289836; 2687660.192395328; 15336869.641177455; 580748.791611223; 120779.10288761929; 0.20504842626404943; 0.0005021110743064772; 593175.1433196049
165; 2121207.83968179; 15336869.641177455; 2670153.2265837835; 15451363.398585606; 548945.3869019933; 114493.7574081514; 0.205622581109393; -0.0005741548453435663; 560758.2886470924
166; 2103701.8681534813; 15451363.398585606; 2654708.6379823675; 15568895.495391434; 551006.7698288863; 117532.09680582769; 0.2101547882954363; -0.004532207186043302; 563402.390993185
167; 2088258.0912598502; 15568895.495391434; 2664832.69312176; 15694007.53203151; 576574.60186191; 125112.03664007597; 0.21367930156982248; -0.0035245132743861873; 589992.6213305109
168; 2098382.9375391128; 15694007.53203151; 2648370.810054582; 15815705.02756157; 549987.8725154693; 121697.49553005956; 0.21776426161044693; -0.004084960040624447; 563291.1683422535
169; 2081921.6891523167; 15815705.02756157; 2641794.6518701557; 15940851.764256053; 559872.962717839; 125146.73669448309; 0.21991200028853372; -0.0021477386780867913; 573689.3236654566
170; 2075346.0021131719; 15940851.764256053; 2643480.3606919013; 16067821.965628784; 568134.3585787294; 126970.20137273148; 0.21987314037544095; 3.885991309277026e-05; 582149.5352865072
171; 2077031.919268623; 16067821.965628784; 2643497.598002401; 16196029.40028287; 566465.6787337782; 128207.43465408497; 0.22257874760874652; -0.002705607233305568; 580793.0022683654
172; 2077049.592495883; 16196029.40028287; 2657205.91428015; 16327157.869170105; 580156.3217842672; 131128.46888723597; 0.22228760128441333; 0.0002911463243331913; 594790.7472876163
173; 2090758.161052402; 16327157.869170105; 2668932.119668161; 16460760.797816545; 578173.9586157589; 133602.9286464397; 0.22709140532795574; -0.0048038040435424145; 593409.5288789378
174; 2102484.4181603654; 16460760.797816545; 2671298.397950316; 16596838.205090087; 568813.9797899504; 136077.40727354214; 0.2348168547354566; -0.007725449407500862; 584864.4324753999
175; 2104851.017842785; 16596838.205090087; 2679823.0051071295; 16734928.533842599; 574971.9872643445; 138090.3287525121; 0.2357045755690724; -0.000887720833615796; 591322.0146702526
176; 2113375.84664117; 16734928.533842599; 2690029.1816154863; 16872942.248028155; 576653.3349743164; 138013.7141855564; 0.23491674057306539; 0.0007878349960070141; 592939.1655476079
177; 2123582.1209354; 16872942.248028155; 2670068.7902954794; 17003315.404198576; 546486.6693600793; 130373.15617042035; 0.23418867016485775; 0.0007280704082076317; 561822.783124812
178; 2103621.8439239324; 17003315.404198576; 2668608.7810979635; 17140255.95717778; 564986.937174031; 136940.5529792048; 0.2377925006578543; -0.003603830492996535; 581345.8129440194
179; 2102161.849644565; 17140255.95717778; 2664367.9388669305; 17277248.366292596; 562206.0892223655; 136992.4091148153; 0.23901161486086372; -0.001219114203009436; 578655.8622478367
180; 2097921.2941013593; 17277248.366292596; 2661351.390915322; 17416811.345775515; 563430.0968139628; 139562.97948291898; 0.242815036840866; -0.003803421980002275; 580457.8358829702
181; 2094905.1893101311; 17416811.345775515; 2652989.365066275; 17555989.59505134; 558084.1757561439; 139178.24927582592; 0.244400476386479; -0.0015854395456129933; 575176.9573799862
182; 2086543.3386597428; 17555989.59505134; 2658293.6971371127; 17702222.656868417; 571750.3584773699; 146233.06181707606; 0.250396044747791; -0.005995568361311987; 590154.7091970018
183; 2091848.0054576024; 17702222.656868417; 2624955.5635815673; 17839593.50241614; 533107.5581239648; 137370.84554772452; 0.25219318959225495; -0.0017971448444639715; 550521.95027573
184; 2058510.021213892; 17839593.50241614; 2608173.706703433; 17982966.587312248; 549663.6854895409; 143373.08489610627; 0.25515268055013784; -0.002959490957882893; 568054.5824289873
185; 2041728.5301675564; 17982966.587312248; 2615647.4938867493; 18130366.398789197; 573918.9637191929; 147399.8114769496; 0.2513968298249812; 0.003755850725156662; 592545.088022804
186; 2049202.4597271075; 18130366.398789197; 2610273.553439607; 18276917.291460227; 561071.0937124994; 146550.89267103001; 0.25549028291192877; -0.004093453086947585; 579894.7631617447
187; 2043828.858919635; 18276917.291460227; 2624724.5453373445; 18429116.161737613; 580895.6864177096; 152198.87027738616; 0.256247271627111; -0.0007569887151822052; 600503.3676944823
188; 2058280.2859898778; 18429116.161737613; 2629800.0182143603; 18581255.584337253; 571519.7322244826; 152139.42259963974; 0.26016807783304274; -0.0039208062059317705; 591423.0366082268
189; 2063355.8312133723; 18581255.584337253; 2665205.763379374; 18742297.477930006; 601849.9321660018; 161041.89359275252; 0.26145317175495647; -0.001285093921913727; 623023.1394901479
190; 2098761.859104824; 18742297.477930006; 2681018.2437698403; 18897222.632892363; 582256.3846650166; 154925.15496235713; 0.2600519894196807; 0.0014011823352757524; 602514.9799990753
191; 2114574.3628769377; 18897222.632892363; 2693251.634528201; 19052488.273331676; 578677.2716512633; 155265.6404393129; 0.26213719108159156; -0.0020852016619108404; 599145.0607547224
192; 2126807.937839793; 19052488.273331676; 2666132.9211040456; 19197106.463532407; 539324.9832642525; 144618.19020073116; 0.2619836137537949; 0.00015357732779663902; 558377.881465519
193; 2099689.313188678; 19197106.463532407; 2659734.415837165; 19349585.615873154; 560045.1026484868; 152479.15234074742; 0.2658191901654077; -0.0038355764116128066; 580431.2266747087
194; 2093291.2911393833; 19349585.615873154; 2674126.9128909763; 19504633.369555254; 580835.621751593; 155047.75368209928; 0.2608567459779853; 0.004962444187422421; 601173.7065253474
195; 2107684.4699803987; 19504633.369555254; 2661540.6380456267; 19653845.29259106; 553856.168065228; 149211.9230358079; 0.26315768824916563; -0.0023009422711803285; 573603.3933650864
196; 2095098.9174299943; 19653845.29259106; 2661763.9013146968; 19806051.55402409; 566664.9838847024; 152206.26143302768; 0.26240657764217534; 0.0007511106069902906; 586750.3301920411
197; 2095322.9412035332; 19806051.55402409; 2677855.679381559; 19961617.747065734; 582532.7381780259; 155566.193041645; 0.26096156384944297; 0.0014450137927323747; 602947.1216173595
198; 2111415.2830146416; 19961617.747065734; 2666055.2331823027; 20111912.627992343; 554639.9501676611; 150294.88092660904; 0.2646225811187714; -0.003661017269328437; 574642.5197935923
199; 2099615.3548786263; 20111912.627992343; 2655399.4484962104; 20262445.489678226; 555784.0936175841; 150532.86168588325; 0.2645017979411297; 0.00012078317764169233; 575809.0839554901
200; 2088960.3519117557; 20262445.489678226; 2622812.86286497; 20407295.527398035; 533852.5109532145; 144850.03771980852; 0.264950763698505; -0.000448965757375297; 553154.622938724
201; 2056374.6854462149; 20407295.527398035; 2597721.1345273475; 20555443.983779013; 541346.4490811327; 148148.45638097823; 0.26712616189974686; -0.0021753982012418516; 561252.1207628689
202; 2031283.6121343225; 20555443.983779013; 2590751.922577398; 20709615.97461302; 559468.3104430754; 154171.99083400518; 0.26889490938663474; -0.0017687474868878783; 580322.1460083614
203; 2024315.2147676554; 20709615.97461302; 2573353.4183726427; 20861665.525164712; 549038.2036049874; 152049.5505516939; 0.270167074262866; -0.0012721648762312743; 569703.444645338
204; 2006917.149364252; 20861665.525164712; 2584243.857100404; 21023316.747500736; 577326.7077361518; 161651.22233602405; 0.27300829217344696; -0.002841217910580951; 599530.8542086843
205; 2017808.3335863594; 21023316.747500736; 2553086.423589737; 21175773.511406194; 535278.0900033778; 152456.76390545815; 0.2774706985355145; -0.004462406362067517; 556565.9875506127
206; 1986651.457683877; 21175773.511406194; 2538366.0628077714; 21332694.216110244; 551714.6051238943; 156920.70470404997; 0.27710606188418285; 0.00036463665133162904; 573596.6466706637
207; 1971931.7151833726; 21332694.216110244; 2537262.226805747; 21493831.469727375; 565330.5116223744; 161137.25361713022; 0.2776686993167937; -0.0005626374326108685; 587846.7503308044
208; 1970828.369124136; 21493831.469727375; 2511962.702026831; 21650889.62694668; 541134.332902695; 157058.15721930563; 0.28247764495056965; -0.0048089456337759295; 563465.7318729941
209; 1945529.1391292596; 21650889.62694668; 2519315.8817533557; 21821227.618244365; 573786.7426240961; 170337.9912976846; 0.2885794370560667; -0.00610179210549705; 598536.7635245982
210; 1952882.3077679826; 21821227.618244365; 2524365.010088471; 21990601.942073856; 571482.7023204886; 169374.3238294907; 0.28812962773493533; 0.00044980932113136696; 596053.8068196741
211; 1957931.8878853857; 21990601.942073856; 2528246.14548417; 22159733.904776487; 570314.2575987843; 169131.96270263195; 0.28829715210838125; -0.0001675243734459153; 594864.6679944077
212; 1961813.7874989691; 22159733.904776487; 2511159.5766890077; 22325636.936267894; 549345.7891900386; 165903.03149140626; 0.29329165153197545; -0.004994499423594201; 573850.6878612805
213; 1944727.9695718358; 22325636.936267894; 2494413.2714943257; 22492765.401967086; 549685.3019224899; 167128.46569919214; 0.29516265742005077; -0.0018710058880753166; 574530.9871508977
214; 1927982.9401981006; 22492765.401967086; 2479881.031675971; 22662943.60488454; 551898.0914778705; 170178.2029174529; 0.29910033681852477; -0.003937679398474003; 577539.7164915411
215; 1913451.8708399222; 22662943.60488454; 2468026.3836665438; 22834732.509031456; 554574.5128266215; 171788.90414691716; 0.3003931187954989; -0.0012927819769741333; 580572.4053594721
216; 1901598.2266979106; 22834732.509031456; 2473661.4496710887; 23012893.094060227; 572063.2229731781; 178160.5850287713; 0.30191444510072196; -0.0015213263052230586; 599164.0218973885
217; 1907234.5926567279; 23012893.094060227; 2470250.7198276566; 23189976.758535646; 563016.1271709288; 177083.66447541863; 0.30473028704107025; -0.002815841940348285; 590208.2544988625
218; 1903825.079273162; 23189976.758535646; 2480289.4670493472; 23373004.80448064; 576464.3877761853; 183028.04594499245; 0.30743447211646935; -0.0027041850753991015; 604822.6648998981
219; 1913865.0374837997; 23373004.80448064; 2495586.304357844; 23559711.53235278; 581721.2668740442; 186706.7278721407; 0.3105695861147552; -0.0031351139982858656; 610949.2896847206
220; 1929162.9451365499; 23559711.53235278; 2487695.4933882626; 23739169.51379419; 558532.5482517127; 179457.98144141212; 0.31088413605299975; -0.0003145499382445349; 586654.7319843061
221; 1921273.085522071; 23739169.51379419; 2466489.3063637773; 23915592.922235116; 545216.2208417063; 176423.40844092518; 0.31295091326394775; -0.002066777210948001; 573049.689394232
222; 1900067.7490503849; 23915592.922235116; 2474220.8514469573; 24105026.567223594; 574153.1023965725; 189433.64498847723; 0.3186896355582177; -0.005738722294269971; 604596.469428353
223; 1907800.5603267397; 24105026.567223594; 2467890.3290197467; 24291277.99545727; 560089.7686930071; 186251.42823367566; 0.3210350607299834; -0.0023454251717656693; 590245.8331184306
224; 1901471.3152784598; 24291277.99545727; 2455901.3124093143; 24476137.756885678; 554429.9971308545; 184859.76142840832; 0.3218313309429247; -0.0007962702129413191; 584436.2695058268
225; 1889484.043545906; 24476137.756885678; 2463123.281041844; 24670495.88517438; 573639.2374959379; 194358.12828870118; 0.3266767748638056; -0.004845443920880876; 605670.7495222203
226; 1896707.8662227406; 24670495.88517438; 2434611.0361485695; 24853262.915914092; 537903.1699258289; 182767.03073971346; 0.32753844304957275; -0.0008616681857671615; 568105.278748285
227; 1868197.54782886; 24853262.915914092; 2460903.053025217; 25055467.191218987; 592705.5051963567; 202204.2753048949; 0.328773200503521; -0.001234757453948243; 626247.8621453699
228; 1894491.2744887886; 25055467.191218987; 2465150.96350218; 25252247.56827485; 570659.6890133913; 196780.37705586106; 0.33206130610237244; -0.003288105598851454; 603634.8212778213
229; 1898740.736493953; 25252247.56827485; 2447441.382242061; 25444868.410852533; 548700.6457481082; 192620.84257768467; 0.3376090827158619; -0.00554777661348943; 581528.3205826936
230; 1881032.5765187633; 25444868.410852533; 2440019.32334387; 25641950.352525573; 558986.7468251069; 197081.9416730404; 0.33896248956369884; -0.0013534068478369687; 592711.9661857113
231; 1873612.107487366; 25641950.352525573; 2425980.762150041; 25839560.61273621; 552368.6546626748; 197610.260210637; 0.3435628986445256; -0.004600409080826762; 586652.3208804078
232; 1859575.355100906; 25839560.61273621; 2422420.1090263263; 26044961.06378758; 562844.7539254203; 205400.4510513693; 0.3499154586758933; -0.006352560031367693; 599152.3698638544
233; 1856016.330496084; 26044961.06378758; 2401617.9026974444; 26246362.659979995; 545601.5722013605; 201401.5961924158; 0.35362041240234704; -0.0037049537264537413; 581587.2063048234
234; 1835215.6269513536; 26246362.659979995; 2384295.3555671186; 26449095.583079208; 549079.728615765; 202732.92309921235; 0.35369640264331764; -7.599024097060258e-05; 585311.1877327422
235; 1817894.6649886519; 26449095.583079208; 2389205.339405532; 26660794.26371351; 571310.6744168801; 211698.68063430116; 0.35486285039098653; -0.0011664477476688861; 609271.8753438191
236; 1822806.302412921; 26660794.26371351; 2364197.9631179436; 26863110.265240725; 541391.6607050225; 202316.0015272163; 0.35762711529366836; -0.0027642649026818344; 577959.07705901
237; 1797800.805820386; 26863110.265240725; 2337830.0541021023; 27066730.193283357; 540029.2482817164; 203619.9280426316; 0.3605697984836786; -0.0029426831900102313; 577141.8058811908
238; 1771434.6279267003; 27066730.193283357; 2326317.8564093616; 27279493.722320978; 554883.2284826613; 212763.52903762087; 0.3661481053389957; -0.005578306855317128; 594275.7916488638
239; 1759924.1318513262; 27279493.722320978; 2313332.9590172097; 27493623.33135473; 553408.8271658835; 214129.60903375223; 0.369187243863632; -0.0030391385246362757; 593390.9499226174
240; 1746940.218494508; 27493623.33135473; 2293349.7453962388; 27707484.55818626; 546409.5269017308; 213861.2268315293; 0.3730651756937803; -0.0038779318301482846; 586770.820193762
241; 1726957.9055836205; 27707484.55818626; 2255504.513081344; 27913743.063237287; 528546.6074977233; 206258.50505102798; 0.372061871407137; 0.0010033042866433028; 567365.9200227286
242; 1689113.9763192567; 27913743.063237287; 2226441.6239338405; 28121904.833533973; 537327.6476145838; 208161.7702966854; 0.36959902345865636; 0.0024628479484806176; 576239.8142302147
243; 1660051.8829876943; 28121904.833533973; 2180158.9263343494; 28323962.58132764; 520107.0433466551; 202057.74779366702; 0.37054703036431574; -0.0009480069056593821; 557977.3023898449
244; 1613769.857868723; 28323962.58132764; 2147861.5087419935; 28533761.73145635; 534091.6508732704; 209799.15012871101; 0.3742970071014926; -0.0037499767371768633; 573820.1590457282
245; 1581473.0176042696; 28533761.73145635; 2113303.8000565832; 28743543.65103764; 531830.7824523137; 209781.91958129033; 0.375714819297672; -0.0014178121961793688; 571710.0969434169
246; 1546915.704098879; 28743543.65103764; 2086680.8738458154; 28958964.945677593; 539765.1697469365; 215421.29463995248; 0.37973189704922405; -0.004017077751552078; 581165.0132761714
247; 1520292.8057129688; 28958964.945677593; 2074713.6507648106; 29181934.165321596; 554420.8450518418; 222969.21964400262; 0.38237223215976124; -0.002640335110537184; 597576.5610669932
248; 1508325.715324207; 29181934.165321596; 2032038.742907545; 29395993.42424447; 523713.0275833381; 214059.25892287493; 0.38801283740625825; -0.00564060524649701; 565770.8914314315
249; 1465650.8030319088; 29395993.42424447; 2013639.8484145666; 29620455.36682841; 547989.0453826578; 224461.94258394092; 0.3887635437721316; -0.000750706365873377; 592178.315651589
