0; 5932827.0; 566527.0; 5932827.293857227; 566527.7659266114; 0.2938572270795703; 0.7659266113769263; 1.2044529521826253; 0.0; 0.8203631171147537
1; 5932827.293857227; 566527.7659266114; 5932827.43738282; 566528.2899971718; 0.143525592982769; 0.5240705604664981; 1.3034838313695511; -0.09903087918692588; 0.5433687037258632
2; 5932827.43738282; 566528.2899971718; 5932827.725504446; 566529.1655288094; 0.28812162578105927; 0.8755316375754774; 1.252876918738101; 0.05060691263145012; 0.9217210639007432
3; 5932827.725504446; 566529.1655288094; 5932828.333583329; 566530.2736853942; 0.6080788830295205; 1.1081565847853199; 1.0689286033097536; 0.18394831542834744; 1.2640296453760462
4; 5932828.333583329; 566530.2736853942; 5932828.7259996915; 566530.7339663532; 0.39241636265069246; 0.46028095902875066; 0.8648188978617251; 0.20410970544802853; 0.6048546626425444
5; 5932828.7259996915; 566530.7339663532; 5932829.07586156; 566531.7047419507; 0.3498618686571717; 0.9707755974959582; 1.2248918408454055; -0.3600729429836804; 1.0318956283626375
6; 5932829.07586156; 566531.7047419507; 5932829.355498207; 566532.4825067559; 0.27963664662092924; 0.7777648051269352; 1.2256490673911975; -0.0007572265457920224; 0.8265075596917055
7; 5932829.355498207; 566532.4825067559; 5932829.3039067015; 566533.2008564284; -0.05159150529652834; 0.7183496725047007; 1.6424927124423743; -0.41684364505117677; 0.7201999273857034
8; 5932829.3039067015; 566533.2008564284; 5932829.240114304; 566533.8573124999; -0.06379239726811647; 0.656456071534194; 1.6676691037118125; -0.02517639126943827; 0.6595483635059071
9; 5932829.240114304; 566533.8573124999; 5932829.38973982; 566534.5892175888; 0.14962551556527615; 0.7319050888763741; 1.36914197251998; 0.2985271311918325; 0.747042739092823
10; 5932829.38973982; 566534.5892175888; 5932829.495060166; 566535.3719057438; 0.10532034654170275; 0.7826881550718099; 1.437037454056458; -0.06789548153647806; 0.7897424412334555
11; 5932829.495060166; 566535.3719057438; 5932829.6210753145; 566536.1649793896; 0.1260151481255889; 0.7930736457929015; 1.4132190232660267; 0.023818430790431444; 0.8030228049117651
12; 5932829.6210753145; 566536.1649793896; 5932829.697734412; 566537.0150733194; 0.07665909733623266; 0.8500939297955483; 1.4808623709948394; -0.06764334772881275; 0.8535433830097007
13; 5932829.697734412; 566537.0150733194; 5932829.792422778; 566537.9417911879; 0.0946883661672473; 0.9267178684240207; 1.468973642212584; 0.011888728782255331; 0.9315427496061484
14; 5932829.792422778; 566537.9417911879; 5932830.146269112; 566538.7024966782; 0.35384633392095566; 0.7607054903637618; 1.1354108164186478; 0.33356282579393626; 0.8389756081668118
15; 5932830.146269112; 566538.7024966782; 5932830.386764449; 566538.9966459419; 0.2404953371733427; 0.2941492636455223; 0.8854176730668313; 0.24999314335181655; 0.3799497289186068
16; 5932830.386764449; 566538.9966459419; 5932830.745710683; 566539.4689758657; 0.3589462339878082; 0.4723299238830805; 0.9209587685484979; -0.03554109548166662; 0.5932435889998534
17; 5932830.745710683; 566539.4689758657; 5932831.294941407; 566540.456271382; 0.5492307236418128; 0.9872955163009465; 1.0631305049591535; -0.1421717364106556; 1.1297817595890198
18; 5932831.294941407; 566540.456271382; 5932832.016222001; 566541.101064889; 0.721280594356358; 0.6447935069445521; 0.72946612417448; 0.33366438078467353; 0.9674731843275632
19; 5932832.016222001; 566541.101064889; 5932832.29409029; 566541.5704425069; 0.27786828856915236; 0.4693776179337874; 1.0362850906093095; -0.30681896643482953; 0.5454595622129529
20; 5932832.29409029; 566541.5704425069; 5932832.612686529; 566542.3892624229; 0.31859623920172453; 0.8188199159922078; 1.199728663085692; -0.16344357247638253; 0.8786180162385522
21; 5932832.612686529; 566542.3892624229; 5932832.935319613; 566543.2669122551; 0.32263308390975; 0.8776498321676627; 1.2185200187626133; -0.01879135567692125; 0.9350729034342949
22; 5932832.935319613; 566543.2669122551; 5932833.007781643; 566544.0674599924; 0.07246203068643808; 0.8005477372789755; 1.4805267537881397; -0.2620067350255264; 0.8038205182462624
23; 5932833.007781643; 566544.0674599924; 5932833.018091342; 566544.8551027214; 0.01030969899147749; 0.7876427290029824; 1.557707765337458; -0.07718101154931833; 0.7877101995306144
24; 5932833.018091342; 566544.8551027214; 5932833.305168527; 566545.5601958245; 0.287077184766531; 0.7050931031117216; 1.1841431846302999; 0.37356458070715814; 0.7612946828063322
25; 5932833.305168527; 566545.5601958245; 5932833.361324961; 566546.4595613116; 0.05615643411874771; 0.8993654871592298; 1.5084372247461741; -0.32429404011587426; 0.9011169871809609
26; 5932833.361324961; 566546.4595613116; 5932833.578495364; 566547.4615957311; 0.21717040240764618; 1.0020344194490463; 1.3573676850435517; 0.1510695397026225; 1.0252979866567993
27; 5932833.578495364; 566547.4615957311; 5932833.956295516; 566548.3030364675; 0.37780015263706446; 0.8414407364325598; 1.1487809768482407; 0.208586708195311; 0.9223640649227168
28; 5932833.956295516; 566548.3030364675; 5932834.0282930825; 566549.127974636; 0.07199756614863873; 0.8249381685163826; 1.483740600332314; -0.33495962348407327; 0.8280740494705116
29; 5932834.0282930825; 566549.127974636; 5932833.934770261; 566550.0081043937; -0.09352282155305147; 0.8801297576865181; 1.6766593430463546; -0.19291874271404064; 0.8850846900249564
30; 5932833.934770261; 566550.0081043937; 5932833.659893491; 566550.6131047496; -0.27487676963210106; 0.6050003558630124; 1.997254776728301; -0.32059543368194654; 0.6645168689188791
31; 5932833.659893491; 566550.6131047496; 5932833.569469428; 566551.0840147319; -0.09042406361550093; 0.4709099823376164; 1.7605070218730217; 0.23674775485527944; 0.47951300581522743
32; 5932833.569469428; 566551.0840147319; 5932833.07333529; 566551.962761686; -0.4961341377347708; 0.8787469540257007; 2.0847740916146726; -0.324267069741651; 1.0091309587141162
33; 5932833.07333529; 566551.962761686; 5932832.789265672; 566552.622941959; -0.2840696182101965; 0.6601802730001509; 1.9771399346440304; 0.10763415697064227; 0.7187026790326029
34; 5932832.789265672; 566552.622941959; 5932832.880385414; 566553.2287245918; 0.09111974202096462; 0.6057826328324154; 1.4214990067742141; 0.5556409278698162; 0.6125972621774768
35; 5932832.880385414; 566553.2287245918; 5932833.063128971; 566554.1310398928; 0.18274355679750443; 0.9023153010057285; 1.3709717760780236; 0.050527230696190584; 0.9206346234962387
36; 5932833.063128971; 566554.1310398928; 5932833.677851405; 566554.5274453718; 0.6147224344313145; 0.39640547905582935; 0.5727482831283731; 0.7982234929496504; 0.7314512801401357
37; 5932833.677851405; 566554.5274453718; 5932834.44446745; 566554.7830152684; 0.7666160445660353; 0.2555698965443298; 0.3217872000905381; 0.25096108303783504; 0.8080941354853114
38; 5932834.44446745; 566554.7830152684; 5932834.936239616; 566555.2894889375; 0.4917721664533019; 0.506473669083789; 0.8001244355781268; -0.4783372354875888; 0.7059429447011774
39; 5932834.936239616; 566555.2894889375; 5932835.492993552; 566555.8545261028; 0.5567539362236857; 0.5650371653027833; 0.7927819610867891; 0.007342474491337736; 0.793247718984412
40; 5932835.492993552; 566555.8545261028; 5932836.321153924; 566556.2640941413; 0.8281603716313839; 0.4095680385362357; 0.45927939845625426; 0.33350256263053485; 0.923902364609514
41; 5932836.321153924; 566556.2640941413; 5932836.737218016; 566557.1247997327; 0.41606409195810556; 0.8607055913889781; 1.1205176232809009; -0.6612382248246467; 0.9559934328567187
42; 5932836.737218016; 566557.1247997327; 5932837.190311367; 566557.7895537758; 0.45309335086494684; 0.6647540431004018; 0.9725294770627985; 0.1479881462181024; 0.8044821454925875
43; 5932837.190311367; 566557.7895537758; 5932837.063591324; 566558.6449357186; -0.12672004289925098; 0.855381942819804; 1.7178710124818946; -0.7453415354190961; 0.8647174320982377
44; 5932837.063591324; 566558.6449357186; 5932837.083960617; 566559.4209537439; 0.02036929316818714; 0.7760180252371356; 1.5445538731291457; 0.17331713935274884; 0.7762853106926055
45; 5932837.083960617; 566559.4209537439; 5932837.1928827735; 566559.8774167664; 0.1089221565052867; 0.4564630225067958; 1.336554625982677; 0.20799924714646867; 0.4692787307068175
46; 5932837.1928827735; 566559.8774167664; 5932837.535456188; 566560.6770112697; 0.3425734145566821; 0.7995945033617318; 1.166020709856226; 0.17053391612645097; 0.8698895988384496
47; 5932837.535456188; 566560.6770112697; 5932837.49929338; 566561.5145448376; -0.03616280760616064; 0.8375335679156706; 1.613947265589799; -0.447926555733573; 0.838313918552897
48; 5932837.49929338; 566561.5145448376; 5932837.229122317; 566562.3682145992; -0.2701710630208254; 0.8536697615636513; 1.8773047471462143; -0.26335748155641525; 0.8954018455989154
49; 5932837.229122317; 566562.3682145992; 5932837.464308148; 566563.0513651932; 0.23518583085387945; 0.6831505940062925; 1.2392384488943085; 0.6380662982519059; 0.7225005945503297
50; 5932837.464308148; 566563.0513651932; 5932838.137448696; 566563.6509089508; 0.6731405481696129; 0.5995437576202676; 0.7276344928397971; 0.5116039560545114; 0.9014271545119533
51; 5932838.137448696; 566563.6509089508; 5932838.830258268; 566564.1434038788; 0.6928095715120435; 0.49249492795206606; 0.6179815685545879; 0.10965292428520923; 0.8500213858705039
52; 5932838.830258268; 566564.1434038788; 5932839.565796843; 566564.7369793915; 0.7355385748669505; 0.5935755127575248; 0.6789912943364856; -0.06100972578189778; 0.9451713519053903
53; 5932839.565796843; 566564.7369793915; 5932840.172058677; 566565.0678514749; 0.6062618345022202; 0.3308720833156258; 0.49958035735101547; 0.17941093698547017; 0.69067340146528
54; 5932840.172058677; 566565.0678514749; 5932840.744535183; 566565.3448374969; 0.5724765053018928; 0.2769860220141709; 0.4506348029911343; 0.04894555435988118; 0.6359643115096183
55; 5932840.744535183; 566565.3448374969; 5932841.060028007; 566565.9278726631; 0.3154928246513009; 0.5830351662589237; 1.0747952194368529; -0.6241604164457186; 0.6629221126957731
56; 5932841.060028007; 566565.9278726631; 5932841.0073968; 566566.631098959; -0.052631206810474396; 0.7032262958819047; 1.6454995434124462; -0.5707043239755933; 0.7051930708324572
57; 5932841.0073968; 566566.631098959; 5932841.369776959; 566567.1604659159; 0.36238015815615654; 0.5293669569073245; 0.970512340953721; 0.6749872024587252; 0.6415206575712136
58; 5932841.369776959; 566567.1604659159; 5932841.720555611; 566567.5723784883; 0.3507786523550749; 0.4119125723373145; 0.8653826889704961; 0.10512965198322488; 0.5410338530975541
59; 5932841.720555611; 566567.5723784883; 5932841.928479048; 566568.1060271553; 0.20792343746870756; 0.5336486670421436; 1.1992648504310284; -0.3338821614605323; 0.5727242405247575
60; 5932841.928479048; 566568.1060271553; 5932842.483310742; 566568.8855679233; 0.55483169388026; 0.7795407680096105; 0.9522333994843871; 0.24703145094664125; 0.9568291475091317
61; 5932842.483310742; 566568.8855679233; 5932842.746570731; 566569.8354466102; 0.26325998827815056; 0.9498786869226024; 1.3004312933745064; -0.34819789389011924; 0.9856852141013475
62; 5932842.746570731; 566569.8354466102; 5932842.981621451; 566570.3207382804; 0.23505072016268969; 0.4852916701929644; 1.1197474213763494; 0.18068387199815694; 0.5392187368848341
63; 5932842.981621451; 566570.3207382804; 5932843.689963623; 566570.9927619075; 0.7083421722054482; 0.6720236270921305; 0.7590934201186662; 0.3606540012576832; 0.9764038039124979
64; 5932843.689963623; 566570.9927619075; 5932844.235002224; 566571.4025051397; 0.5450386013835669; 0.4097432321868837; 0.6446324342279545; 0.11446098589071174; 0.6818772567853464
65; 5932844.235002224; 566571.4025051397; 5932844.960614329; 566571.826184907; 0.725612104870379; 0.4236797672929242; 0.5284918586793748; 0.1161405755485797; 0.8402484584620243
66; 5932844.960614329; 566571.826184907; 5932845.475414577; 566572.1928451819; 0.5148002477362752; 0.36666027491446584; 0.6188922225552338; -0.09040036387585904; 0.6320277306176383
67; 5932845.475414577; 566572.1928451819; 5932845.992254188; 566572.6942659009; 0.5168396113440394; 0.5014207189669833; 0.7702569331987209; -0.1513647106434871; 0.7201013270808658
68; 5932845.992254188; 566572.6942659009; 5932846.453818642; 566573.2736758153; 0.4615644533187151; 0.5794099144404754; 0.8981251170073706; -0.12786818380864973; 0.7407817448610106
69; 5932846.453818642; 566573.2736758153; 5932846.983824167; 566574.1656829625; 0.5300055257976055; 0.8920071471948177; 1.034673260886682; -0.13654814387931136; 1.0375849883371642
70; 5932846.983824167; 566574.1656829625; 5932847.200838035; 566574.8473062803; 0.21701386757194996; 0.6816233177669346; 1.2625654109835047; -0.22789215009682273; 0.7153358414354333
71; 5932847.200838035; 566574.8473062803; 5932847.333770509; 566575.4452071857; 0.13293247390538454; 0.5979009054135531; 1.352022819714604; -0.08945740873109931; 0.6125002329084882
72; 5932847.333770509; 566575.4452071857; 5932847.368038578; 566576.2040348455; 0.034268069081008434; 0.7588276597671211; 1.5256677627837427; -0.1736449430691387; 0.7596010253983247
73; 5932847.368038578; 566576.2040348455; 5932847.325994001; 566576.9401367938; -0.042044577188789845; 0.7361019483068958; 1.627852205783516; -0.10218444299977336; 0.7373017189537754
74; 5932847.325994001; 566576.9401367938; 5932847.313092582; 566577.3839299376; -0.012901418842375278; 0.44379314384423196; 1.5998589350976489; 0.02799327068586721; 0.4439806314821555
75; 5932847.313092582; 566577.3839299376; 5932847.217161961; 566578.4063432012; -0.09593062102794647; 1.0224132635630667; 1.6643500684426797; -0.06449113334503087; 1.0269038735736118
76; 5932847.217161961; 566578.4063432012; 5932847.426864951; 566579.0780163263; 0.20970299001783133; 0.6716731251217425; 1.2681757831279317; 0.3961742853147481; 0.7036477322021486
77; 5932847.426864951; 566579.0780163263; 5932847.33181607; 566580.2087524107; -0.09504888113588095; 1.1307360844220966; 1.654658472957792; -0.38648268982986034; 1.1347239234366207
78; 5932847.33181607; 566580.2087524107; 5932847.107829609; 566581.2901758142; -0.223986460827291; 1.081423403462395; 1.7750303865109351; -0.12037191355314314; 1.1043760737131738
79; 5932847.107829609; 566581.2901758142; 5932846.83171974; 566582.1564586803; -0.2761098686605692; 0.8662828661035746; 1.8793463233328485; -0.10431593682191331; 0.9092209102722949
80; 5932846.83171974; 566582.1564586803; 5932846.5183509495; 566582.9494892464; -0.31336879078298807; 0.7930305660702288; 1.9471177028924005; -0.06777137955955204; 0.8527001100964275
81; 5932846.5183509495; 566582.9494892464; 5932846.010695819; 566583.5610512971; -0.5076551306992769; 0.6115620507625863; 2.263620922448511; -0.3165032195561104; 0.79480933163762
82; 5932846.010695819; 566583.5610512971; 5932845.631547685; 566584.1882867747; -0.3791481340304017; 0.6272354775574058; 2.114499736527076; 0.14912118592143475; 0.7329240423436814
83; 5932845.631547685; 566584.1882867747; 5932845.255905472; 566584.9118814787; -0.37564221303910017; 0.7235947040608153; 2.0496332666028003; 0.0648664699242758; 0.8152891315121106
84; 5932845.255905472; 566584.9118814787; 5932845.013066284; 566585.5416813014; -0.24283918738365173; 0.629799822694622; 1.938811541442516; 0.11082172516028432; 0.6749953241284932
85; 5932845.013066284; 566585.5416813014; 5932845.029196243; 566586.3750580553; 0.01612995844334364; 0.8333767538424581; 1.55144380147736; 0.38736773996515605; 0.8335328364284019
86; 5932845.029196243; 566586.3750580553; 5932845.298924625; 566587.1853389794; 0.2697283821180463; 0.810280924080871; 1.2494515301450284; 0.30199227133233153; 0.8539956534136278
87; 5932845.298924625; 566587.1853389794; 5932845.538160629; 566587.8627952442; 0.23923600371927023; 0.6774562648497522; 1.2313281067348154; 0.018123423410213002; 0.718457275180469
88; 5932845.538160629; 566587.8627952442; 5932845.993751493; 566588.6270346048; 0.45559086464345455; 0.7642393605783582; 1.0332225870781007; 0.19810551965671475; 0.8897330140012724
89; 5932845.993751493; 566588.6270346048; 5932846.562127011; 566589.3885214874; 0.5683755176141858; 0.7614868825767189; 0.9296017612480215; 0.10362082583007914; 0.9502173442742473
90; 5932846.562127011; 566589.3885214874; 5932846.92962642; 566589.900475814; 0.36749940924346447; 0.5119543266482651; 0.9481997107855358; -0.018597949537514258; 0.6302008000377133
91; 5932846.92962642; 566589.900475814; 5932847.350963113; 566590.3670792638; 0.42133669275790453; 0.46660344977863133; 0.8363335825037237; 0.11186612828181208; 0.6286838537846257
92; 5932847.350963113; 566590.3670792638; 5932847.799859355; 566591.0245600295; 0.4488962423056364; 0.6574807657161728; 0.9717403057521865; -0.1354067232484628; 0.796108531321481
93; 5932847.799859355; 566591.0245600295; 5932848.265560086; 566591.7747466563; 0.4657007306814194; 0.7501866267994046; 1.0152374941200948; -0.04349718836790828; 0.8829819622086722
94; 5932848.265560086; 566591.7747466563; 5932849.040576091; 566592.5790533618; 0.7750160051509738; 0.8043067054823041; 0.8039424054796943; 0.21129508864040047; 1.116941844826297
95; 5932849.040576091; 566592.5790533618; 5932849.599613644; 566592.9918817794; 0.5590375531464815; 0.4128284176113084; 0.636076296847272; 0.16786610863242235; 0.6949462484361377
96; 5932849.599613644; 566592.9918817794; 5932850.220496202; 566593.4255863812; 0.6208825577050447; 0.4337046018335968; 0.6097381740287893; 0.02633812281848269; 0.7573604373836786
97; 5932850.220496202; 566593.4255863812; 5932850.834128066; 566593.536859029; 0.6136318640783429; 0.11127264774404466; 0.1793852882901532; 0.43035288573863606; 0.6236390516542659
98; 5932850.834128066; 566593.536859029; 5932851.674637879; 566593.7137249032; 0.8405098132789135; 0.1768658742075786; 0.20740102772488903; -0.028015739434735815; 0.8589169247822313
99; 5932851.674637879; 566593.7137249032; 5932852.388884674; 566594.0281098285; 0.7142467945814133; 0.3143849252955988; 0.4146433265339249; -0.20724229880903586; 0.7803757843647782
100; 5932852.388884674; 566594.0281098285; 5932853.284023514; 566594.4367038796; 0.8951388401910663; 0.4085940511431545; 0.42821211399527653; -0.01356878746135165; 0.9839830495736103
101; 5932853.284023514; 566594.4367038796; 5932853.979976208; 566594.3738876559; 0.6959526939317584; -0.0628162237117067; -0.09001541431366036; 0.5182275283089369; 0.6987818187047162
102; 5932853.979976208; 566594.3738876559; 5932854.884583454; 566594.2174029402; 0.9046072456985712; -0.1564847157569602; -0.17129119711980126; 0.0812757828061409; 0.9180423384767675
103; 5932854.884583454; 566594.2174029402; 5932855.6648012465; 566593.980648011; 0.7802177928388119; -0.23675492918118834; -0.2946163838803743; 0.12332518676057305; 0.8153482082851821
104; 5932855.6648012465; 566593.980648011; 5932855.9978404; 566593.4319354887; 0.33303915336728096; -0.5487125222571194; -1.0252847441183088; 0.7306683602379345; 0.6418726585214275
105; 5932855.9978404; 566593.4319354887; 5932856.148653915; 566592.643464579; 0.15081351529806852; -0.788470909697935; -1.381805631481186; 0.3565208873628771; 0.8027646553233705
106; 5932856.148653915; 566592.643464579; 5932855.406295866; 566591.6644790522; -0.742358049377799; -0.9789855268318206; -2.2195839777568693; 0.8377783462756834; 1.2286204195040011
107; 5932855.406295866; 566591.6644790522; 5932854.724362285; 566591.1355601955; -0.6819335808977485; -0.5289188566384837; -2.4818976119736513; 0.262313634216782; 0.8630113357678374
108; 5932854.724362285; 566591.1355601955; 5932854.138437161; 566590.6762318744; -0.5859251236543059; -0.45932832115795463; -2.476723321044315; -0.0051742909293364114; 0.7445070564790496
109; 5932854.138437161; 566590.6762318744; 5932853.441904884; 566590.2551547366; -0.6965322773903608; -0.42107713781297207; -2.5978463190841428; 0.12112299803982784; 0.813918404654525
110; 5932853.441904884; 566590.2551547366; 5932852.7829133095; 566589.9360715611; -0.6589915743097663; -0.31908317550551146; -2.6906654211251406; 0.09281910204099786; 0.7321775521701995
111; 5932852.7829133095; 566589.9360715611; 5932851.85293126; 566589.6103151828; -0.9299820493906736; -0.3257563782390207; -2.8046662424823556; 0.11400082135721501; 0.9853851176835793
112; 5932851.85293126; 566589.6103151828; 5932851.206474081; 566589.3408851677; -0.6464571794494987; -0.269430015119724; -2.7467055076277496; -0.057960734854606066; 0.7003566362284405
113; 5932851.206474081; 566589.3408851677; 5932850.710798982; 566588.6582207838; -0.4956750990822911; -0.6826643839012831; -2.1988179548277142; -0.5478875528000353; 0.8436376383836591
114; 5932850.710798982; 566588.6582207838; 5932850.204056642; 566588.2037023705; -0.5067423395812511; -0.45451841328758746; -2.4104697070519268; 0.2116517522242125; 0.6807163776065228
115; 5932850.204056642; 566588.2037023705; 5932849.531237076; 566587.694605979; -0.6728195659816265; -0.5090963914990425; -2.493842054796871; 0.08337234774494418; 0.8437211057008416
116; 5932849.531237076; 566587.694605979; 5932849.101148961; 566587.274214539; -0.43008811492472887; -0.42039144004229456; -2.367595416521427; -0.12624663827544413; 0.6014189467088153
117; 5932849.101148961; 566587.274214539; 5932848.644940271; 566586.7615084612; -0.45620869006961584; -0.5127060777740553; -2.2979504747937267; -0.06964494172770008; 0.686289946801999
118; 5932848.644940271; 566586.7615084612; 5932848.325437281; 566586.3900920216; -0.31950298976153135; -0.3714164396515116; -2.2811986451818296; -0.01675182961189714; 0.4899309462668818
119; 5932848.325437281; 566586.3900920216; 5932847.711141815; 566585.8617521938; -0.6142954658716917; -0.5283398277824745; -2.431278857187496; 0.15008021200566635; 0.8102480441270645
120; 5932847.711141815; 566585.8617521938; 5932847.346313014; 566585.694907981; -0.3648288017138839; -0.16684421279933304; -2.7126665147179723; 0.28138765753047634; 0.4011695974330776
121; 5932847.346313014; 566585.694907981; 5932846.638884404; 566585.2213250818; -0.7074286099523306; -0.47358289919793606; -2.551670661445227; -0.16099585327274513; 0.8513142783906594
122; 5932846.638884404; 566585.2213250818; 5932846.144094614; 566584.682369532; -0.4947897894307971; -0.5389555498259142; -2.313496433360124; -0.23817422808510313; 0.7316351689285624
123; 5932846.144094614; 566584.682369532; 5932845.5076467935; 566584.3771294063; -0.6364478208124638; -0.30524012562818825; -2.694398145059267; 0.3809017116991429; 0.7058593081559852
124; 5932845.5076467935; 566584.3771294063; 5932844.700191924; 566584.0991647557; -0.8074548691511154; -0.27796465065330267; -2.810051353150392; 0.11565320809112523; 0.8539600182260628
125; 5932844.700191924; 566584.0991647557; 5932844.146639264; 566583.4503209702; -0.5535526601597667; -0.6488437855150551; -2.277108781706198; -0.532942571444194; 0.8528885071165286
126; 5932844.146639264; 566583.4503209702; 5932843.901822406; 566582.4602759631; -0.2448168583214283; -0.9900450070854276; -1.8132119558719433; -0.46389682583425484; 1.0198648980002982
127; 5932843.901822406; 566582.4602759631; 5932843.539840561; 566581.8404498465; -0.36198184452950954; -0.6198261165991426; -2.0993721214781247; 0.2861601656061814; 0.7177849751752678
128; 5932843.539840561; 566581.8404498465; 5932843.198274419; 566581.2392353679; -0.34156614262610674; -0.6012144786072895; -2.0874499799281647; -0.011922141549959964; 0.6914667591978033
129; 5932843.198274419; 566581.2392353679; 5932842.755506566; 566580.4819658456; -0.4427678529173136; -0.7572695222916082; -2.099882342468636; 0.01243236254047142; 0.8772117765789332
130; 5932842.755506566; 566580.4819658456; 5932842.203319634; 566579.8932911617; -0.5521869314834476; -0.5886746838223189; -2.3242227606571926; 0.22434041818855643; 0.8071234668093926
131; 5932842.203319634; 566579.8932911617; 5932841.5766842645; 566579.358208046; -0.6266353698447347; -0.5350831157993525; -2.434839554089351; 0.11061679343215847; 0.8240059633000181
132; 5932841.5766842645; 566579.358208046; 5932840.869106253; 566579.256240023; -0.7075780117884278; -0.1019680229946971; -2.9984694607516014; 0.5636299066622503; 0.7148874879866843
133; 5932840.869106253; 566579.256240023; 5932840.145232902; 566579.1224672196; -0.7238733507692814; -0.13377280335407704; -2.95885292908919; -0.039616531662411525; 0.7361302811806859
134; 5932840.145232902; 566579.1224672196; 5932839.400459072; 566579.2420010766; -0.7447738302871585; 0.11953385698143393; 2.9824529765963326; -5.941305905685523; 0.7543052440792541
135; 5932839.400459072; 566579.2420010766; 5932838.756410891; 566579.3431382792; -0.6440481804311275; 0.10113720258232206; 2.9858310808294144; -0.0033781042330818245; 0.6519407890773701
136; 5932838.756410891; 566579.3431382792; 5932838.208576695; 566579.4836796619; -0.5478341961279511; 0.14054138271603733; 2.8904682344349624; 0.09536284639445203; 0.5655742097222026
137; 5932838.208576695; 566579.4836796619; 5932837.718919959; 566579.5518385036; -0.48965673614293337; 0.06815884169191122; 3.0032841762399327; -0.11281594180497034; 0.4943777371109396
138; 5932837.718919959; 566579.5518385036; 5932837.177065075; 566579.6193979927; -0.541854883544147; 0.06755948916543275; 3.0175508906047748; -0.014266714364842059; 0.5460503634253303
139; 5932837.177065075; 566579.6193979927; 5932836.30161913; 566579.5108562163; -0.8754459451884031; -0.1085417764261365; -3.0182376059042326; 6.035788496509007; 0.8821490351276013
140; 5932836.30161913; 566579.5108562163; 5932835.531601511; 566579.6258734554; -0.7700176192447543; 0.11501723912078887; 2.993319271552399; -6.0115568774566315; 0.7785602733522486
141; 5932835.531601511; 566579.6258734554; 5932834.920167838; 566579.5670679327; -0.6114336727187037; -0.05880552274174988; -3.0457111053947576; 6.0390303769471565; 0.6142550167798497
142; 5932834.920167838; 566579.5670679327; 5932834.161369659; 566579.6414836326; -0.7587981792166829; 0.07441569992806762; 3.0438347819126497; -6.089545887307407; 0.762438438943327
143; 5932834.161369659; 566579.6414836326; 5932833.410010955; 566579.4105918539; -0.7513587037101388; -0.23089177871588618; -2.843453053088452; 5.887287835001102; 0.7860349325059071
144; 5932833.410010955; 566579.4105918539; 5932832.794801291; 566578.6671395939; -0.6152096642181277; -0.7434522600378841; -2.262084419463061; -0.5813686336253912; 0.96498921957855
145; 5932832.794801291; 566578.6671395939; 5932832.440181875; 566577.997264926; -0.3546194164082408; -0.6698746678885072; -2.0576721055818923; -0.20441231388116865; 0.7579492075148963
146; 5932832.440181875; 566577.997264926; 5932832.438982554; 566577.191986468; -0.0011993208900094032; -0.8052784579340369; -1.5722856501357378; -0.48538645544615444; 0.8052793510224993
147; 5932832.438982554; 566577.191986468; 5932832.531734399; 566576.3562253054; 0.09275184478610754; -0.8357611626852304; -1.4602697177743682; -0.11201593236136964; 0.8408921606033644
148; 5932832.531734399; 566576.3562253054; 5932832.45564069; 566575.7701895143; -0.07609370816498995; -0.586035791086033; -1.6999187206626383; 0.23964900288827007; 0.5909553289853059
149; 5932832.45564069; 566575.7701895143; 5932832.51539323; 566574.9962701532; 0.05975253973156214; -0.7739193610614166; -1.4937414853166755; -0.20617723534596277; 0.7762226120321948
150; 5932832.51539323; 566574.9962701532; 5932832.822031968; 566574.1672954195; 0.30663873814046383; -0.8289747337112203; -1.2165033247260477; -0.2772381605906278; 0.8838701402694655
151; 5932832.822031968; 566574.1672954195; 5932833.018190098; 566573.4441874342; 0.19615812972187996; -0.7231079853372648; -1.305900356306685; 0.08939703158063739; 0.7492417302276375
152; 5932833.018190098; 566573.4441874342; 5932833.131511522; 566572.6464137012; 0.11332142446190119; -0.7977737329201773; -1.4296932295628884; 0.12379287325620325; 0.8057820264683674
153; 5932833.131511522; 566572.6464137012; 5932833.730398671; 566571.8185212652; 0.5988871483132243; -0.8278924360638484; -0.9445458023315612; -0.4851474272313272; 1.021798268792074
154; 5932833.730398671; 566571.8185212652; 5932834.11508137; 566571.6749820767; 0.38468269910663366; -0.14353918842971325; -0.3571359908589238; -0.5874098114726374; 0.41059015770842044
155; 5932834.11508137; 566571.6749820767; 5932834.744651563; 566571.529190784; 0.6295701935887337; -0.14579129277262837; -0.22756159300039697; -0.1295743978585268; 0.6462303998603516
156; 5932834.744651563; 566571.529190784; 5932835.412161419; 566571.125854064; 0.6675098557025194; -0.40333671995904297; -0.5435319361111272; 0.3159703431107302; 0.779903787096407
157; 5932835.412161419; 566571.125854064; 5932835.83768468; 566570.5683482995; 0.42552326060831547; -0.5575057645328343; -0.9188610915158762; 0.3753291554047491; 0.7013435126997842
158; 5932835.83768468; 566570.5683482995; 5932836.130358421; 566569.5151987232; 0.2926737414672971; -1.0531495762988925; -1.299732950609824; 0.38087185909394783; 1.0930608166991456
159; 5932836.130358421; 566569.5151987232; 5932836.319378961; 566568.5540964116; 0.18902053963392973; -0.9611023116158321; -1.3766041818804882; 0.07687123127066409; 0.9795133576408227
160; 5932836.319378961; 566568.5540964116; 5932836.9980020635; 566567.8310722339; 0.6786231026053429; -0.723024177714251; -0.8170653544074936; -0.5595388274729945; 0.9916114546278045
161; 5932836.9980020635; 566567.8310722339; 5932837.732870729; 566567.6974709412; 0.7348686652258039; -0.13360129261855036; -0.17983875722072862; -0.637226597186765; 0.7469144934462726
162; 5932837.732870729; 566567.6974709412; 5932838.459404736; 566567.9165623114; 0.7265340071171522; 0.21909137011971325; 0.29288456464313073; -0.47272332186385935; 0.7588495845413894
163; 5932838.459404736; 566567.9165623114; 5932838.987118757; 566568.2811514749; 0.5277140215039253; 0.36458916356787086; 0.604581592805632; -0.3116970281625012; 0.641410435433479
164; 5932838.987118757; 566568.2811514749; 5932839.373287435; 566568.6572510146; 0.3861686773598194; 0.37609953968785703; 0.7721894897893261; -0.16760789698369416; 0.539052048625409
165; 5932839.373287435; 566568.6572510146; 5932839.932058678; 566569.384629405; 0.5587712433189154; 0.7273783903801814; 0.9157493297943927; -0.1435598400050666; 0.9172265942242571
166; 5932839.932058678; 566569.384629405; 5932840.327146916; 566570.1578752599; 0.3950882377102971; 0.7732458548853174; 1.09842891645454; -0.18267958666014728; 0.8683339609127088
167; 5932840.327146916; 566570.1578752599; 5932840.466076134; 566570.8594590562; 0.13892921805381775; 0.7015837962972; 1.3753031487495746; -0.2768742322950346; 0.7152070685164096
168; 5932840.466076134; 566570.8594590562; 5932840.572153768; 566571.5444559144; 0.1060776337981224; 0.6849968582391739; 1.4171581416694536; -0.04185499291987904; 0.6931617128706312
169; 5932840.572153768; 566571.5444559144; 5932840.566130538; 566572.106082612; -0.006023230031132698; 0.5616266975412145; 1.5815205305197; -0.16436238885024634; 0.5616589950237233
170; 5932840.566130538; 566572.106082612; 5932840.639344766; 566572.824095596; 0.07321422826498747; 0.7180129840271547; 1.4691797064950065; 0.11234082402469348; 0.7217360794999907
171; 5932840.639344766; 566572.824095596; 5932840.88774882; 566573.6409042061; 0.24840405397117138; 0.8168086101068184; 1.2755682515815554; 0.1936114549134511; 0.8537452076433256
172; 5932840.88774882; 566573.6409042061; 5932841.264418792; 566574.1700200832; 0.37666997220367193; 0.5291158771142364; 0.9521379123138318; 0.3234303392677236; 0.6494950957276603
173; 5932841.264418792; 566574.1700200832; 5932842.21351245; 566574.7765386297; 0.949093658477068; 0.6065185464685783; 0.5686391328817011; 0.38349877943213073; 1.1263407653866313
174; 5932842.21351245; 566574.7765386297; 5932842.548755627; 566575.1058787619; 0.33524317666888237; 0.3293401321861893; 0.77651607266509; -0.20787693978338895; 0.4699499017676885
175; 5932842.548755627; 566575.1058787619; 5932843.114761023; 566575.4932762175; 0.5660053957253695; 0.38739745563361794; 0.6002073679454186; 0.17630870471967142; 0.6858854836061433
176; 5932843.114761023; 566575.4932762175; 5932843.744392074; 566575.5799249427; 0.6296310508623719; 0.0866487252060324; 0.13675921932738175; 0.46344814861803685; 0.6355653088313469
177; 5932843.744392074; 566575.5799249427; 5932844.516432453; 566575.9005840262; 0.7720403792336583; 0.3206590835470706; 0.39365998819026454; -0.2569007688628828; 0.8359836093061264
178; 5932844.516432453; 566575.9005840262; 5932844.9770011585; 566576.426450058; 0.460568705573678; 0.5258660317631438; 0.8514970142129408; -0.45783702602267623; 0.6990412118867736
179; 5932844.9770011585; 566576.426450058; 5932845.307628964; 566576.9383258708; 0.3306278055533767; 0.5118758127791807; 0.9972988075658087; -0.14580179335286791; 0.6093698331172854
180; 5932845.307628964; 566576.9383258708; 5932845.624636007; 566577.5821001211; 0.31700704246759415; 0.6437742502894253; 1.113231427129376; -0.11593261956356726; 0.7175923287701469
181; 5932845.624636007; 566577.5821001211; 5932846.094719207; 566578.1851300973; 0.4700832003727555; 0.6030299762496725; 0.9086589703400137; 0.2045724567893622; 0.7646066750482713
182; 5932846.094719207; 566578.1851300973; 5932846.862514049; 566578.4926864476; 0.7677948419004679; 0.3075563502497971; 0.3809985245076364; 0.5276604458323774; 0.8271032751887398
183; 5932846.862514049; 566578.4926864476; 5932847.38016111; 566578.8023619681; 0.517647061496973; 0.30967552051879466; 0.5391220195864614; -0.15812349507882506; 0.6032059418515681
184; 5932847.38016111; 566578.8023619681; 5932847.885444537; 566579.4638331865; 0.5052834264934063; 0.6614712184527889; 0.918472191926178; -0.3793501723397166; 0.8323794290648554
185; 5932847.885444537; 566579.4638331865; 5932848.447729039; 566579.7038398583; 0.5622845022007823; 0.24000667175278068; 0.4034298484357581; 0.5150423434904199; 0.6113649187686749
186; 5932848.447729039; 566579.7038398583; 5932849.139944155; 566580.0176674415; 0.692215115763247; 0.31382758321706206; 0.42565050652254943; -0.022220658086791356; 0.7600325772484937
187; 5932849.139944155; 566580.0176674415; 5932849.5891710315; 566580.2897187775; 0.4492268767207861; 0.272051336010918; 0.5445262262168757; -0.11887571969432631; 0.5251825551116848
188; 5932849.5891710315; 566580.2897187775; 5932850.342236758; 566580.5208103986; 0.7530657267197967; 0.2310916210990399; 0.2977455561316352; 0.24678067008524052; 0.7877254128833204
189; 5932850.342236758; 566580.5208103986; 5932850.983435809; 566580.7626330851; 0.6411990504711866; 0.2418226865120232; 0.36064671029866496; -0.06290115416702974; 0.6852841994654799
190; 5932850.983435809; 566580.7626330851; 5932851.887377437; 566580.8695400081; 0.903941628523171; 0.10690692299976945; 0.11772067845884399; 0.24292603183982098; 0.9102414833231899
191; 5932851.887377437; 566580.8695400081; 5932852.648859695; 566580.8490417554; 0.7614822573959827; -0.020498252706602216; -0.026912384980630658; 0.14463306343947463; 0.7617581024793274
192; 5932852.648859695; 566580.8490417554; 5932853.321118115; 566580.8288522736; 0.6722584208473563; -0.020189481787383556; -0.03002329839398907; 0.0031109134133584133; 0.6725615210335961
193; 5932853.321118115; 566580.8288522736; 5932854.042186277; 566580.6211836139; 0.7210681615397334; -0.2076686597429216; -0.2804129063140199; 0.2503896079200308; 0.7503769491566972
194; 5932854.042186277; 566580.6211836139; 5932854.70649962; 566580.0896273095; 0.6643133433535695; -0.5315563044277951; -0.674837889524293; 0.39442498321027314; 0.8508021643922471
195; 5932854.70649962; 566580.0896273095; 5932855.395394221; 566579.830638417; 0.6888946006074548; -0.2589888924267143; -0.35960197334565563; -0.3152359161786374; 0.7359694403618406
196; 5932855.395394221; 566579.830638417; 5932856.231561809; 566579.6624045911; 0.8361675878986716; -0.1682338259415701; -0.1985455844698442; -0.16105638887581145; 0.8529237100955872
197; 5932856.231561809; 566579.6624045911; 5932857.092470797; 566580.012781947; 0.8609089879319072; 0.35037735593505204; 0.38651369819146536; -0.5850592826613096; 0.9294775828679134
198; 5932857.092470797; 566580.012781947; 5932857.787938885; 566580.1359918572; 0.6954680886119604; 0.12320991011802107; 0.17534180298906424; 0.21117189520240112; 0.7062977730595393
199; 5932857.787938885; 566580.1359918572; 5932858.7820300525; 566580.1485990424; 0.994091167114675; 0.012607185286469758; 0.012681441975750359; 0.16266036101331388; 0.9941711068303404
200; 5932858.7820300525; 566580.1485990424; 5932859.603035748; 566580.3329702467; 0.8210056954994798; 0.1843712042318657; 0.22090275344932872; -0.20822131147357836; 0.8414529654071539
201; 5932859.603035748; 566580.3329702467; 5932860.124934976; 566579.5625317052; 0.5218992279842496; -0.770438541425392; -0.9753960170207132; 1.1962987704700419; 0.930566682341594
202; 5932860.124934976; 566579.5625317052; 5932860.265391917; 566578.6806483989; 0.1404569409787655; -0.8818833063123748; -1.4128536021768041; 0.4374575851560909; 0.8929984984430591
203; 5932860.265391917; 566578.6806483989; 5932860.338576998; 566578.0684428408; 0.07318508066236973; -0.6122055581072345; -1.4518176291161657; 0.03896402693936163; 0.6165644341096461
204; 5932860.338576998; 566578.0684428408; 5932860.071732917; 566577.4169168352; -0.266844080761075; -0.6515260055894032; -1.9595235096873902; 0.5077058805712245; 0.7040539037577351
205; 5932860.071732917; 566577.4169168352; 5932859.795173336; 566576.7228810147; -0.27655958104878664; -0.69403582054656; -1.949991905531994; -0.009531604155396112; 0.7471083737126878
206; 5932859.795173336; 566576.7228810147; 5932859.570621031; 566576.0042916994; -0.22455230448395014; -0.7185893153073266; -1.8736725023697995; -0.07631940316219454; 0.7528574509978002
207; 5932859.570621031; 566576.0042916994; 5932859.626465614; 566575.100266324; 0.05584458261728287; -0.9040253753773868; -1.5091014748050473; -0.36457102756475224; 0.9057485836223669
208; 5932859.626465614; 566575.100266324; 5932859.662293343; 566574.0267999353; 0.03582772891968489; -1.0734663887415081; -1.5374329771170931; 0.028331502312045842; 1.0740641107109374
209; 5932859.662293343; 566574.0267999353; 5932859.626614644; 566573.3812066335; -0.03567869868129492; -0.6455933017423376; -1.626005142469746; 0.08857216535265278; 0.6465784413311069
210; 5932859.626614644; 566573.3812066335; 5932859.641218209; 566572.5956599538; 0.014603564515709877; -0.7855466797482222; -1.5522081474922396; -0.07379699497750636; 0.7856824104942279
211; 5932859.641218209; 566572.5956599538; 5932859.552346442; 566572.043309946; -0.08887176681309938; -0.5523500078124925; -1.7303266192200928; 0.17811847172785322; 0.5594539499073561
212; 5932859.552346442; 566572.043309946; 5932859.4677566765; 566571.5202989681; -0.08458976540714502; -0.5230109778931364; -1.7311439120882393; 0.0008172928681464686; 0.5298074286081412
213; 5932859.4677566765; 566571.5202989681; 5932859.403052136; 566570.8606752612; -0.06470454018563032; -0.6596237068297341; -1.6685766141326515; -0.0625672979555878; 0.6627896439538211
214; 5932859.403052136; 566570.8606752612; 5932859.098493187; 566570.1632718006; -0.3045589495450258; -0.6974034606246278; -1.982538537812148; 0.3139619236794966; 0.7610044287907768
215; 5932859.098493187; 566570.1632718006; 5932858.804229702; 566569.6402116397; -0.29426348488777876; -0.5230601609218866; -2.0832469915594873; 0.10070845374733928; 0.6001524227077066
216; 5932858.804229702; 566569.6402116397; 5932858.166515465; 566569.0146032483; -0.6377142369747162; -0.6256083913613111; -2.36577674164726; 0.2825297500877726; 0.8933450102742679
217; 5932858.166515465; 566569.0146032483; 5932857.532357024; 566568.8154478428; -0.6341584408655763; -0.19915540551301092; -2.8372992558730927; 0.4715225142258328; 0.6646952712830974
218; 5932857.532357024; 566568.8154478428; 5932856.764829476; 566568.7199479875; -0.7675275476649404; -0.09549985534977168; -3.0178035446755134; 0.18050428880242064; 0.7734460283668051
219; 5932856.764829476; 566568.7199479875; 5932856.214404807; 566568.3370817961; -0.5504246689379215; -0.3828661913285032; -2.5338370920439326; -0.4839664526315808; 0.6704877602445958
220; 5932856.214404807; 566568.3370817961; 5932855.445857232; 566568.1216594856; -0.7685475749894977; -0.21542231051716954; -2.8683076820067535; 0.33447058996282086; 0.7981679941533569
221; 5932855.445857232; 566568.1216594856; 5932855.148032844; 566568.431381579; -0.29782438836991787; 0.3097220933996141; 2.3366137917499805; -5.204921473756734; 0.4296826054749656
222; 5932855.148032844; 566568.431381579; 5932854.7693390995; 566569.2769458188; -0.37869374454021454; 0.8455642397748306; 1.9918685566218783; 0.3447452351281022; 0.9264922210897815
223; 5932854.7693390995; 566569.2769458188; 5932854.735200794; 566570.2001829623; -0.034138305112719536; 0.9232371435500681; 1.6077562338261944; 0.38411232279568397; 0.9238680896678153
224; 5932854.735200794; 566570.2001829623; 5932854.447604128; 566571.413463894; -0.2875966662541032; 1.213280931697227; 1.8035410763698494; -0.19578484254365502; 1.246901143499582
225; 5932854.447604128; 566571.413463894; 5932854.508209099; 566572.0216011454; 0.060604970902204514; 0.6081372513435781; 1.47146755543265; 0.33207352093719944; 0.6111496371346213
226; 5932854.508209099; 566572.0216011454; 5932854.530742622; 566572.6958276585; 0.02253352291882038; 0.674226513132453; 1.5373874675393058; -0.06591991210665582; 0.6746029577950862
227; 5932854.530742622; 566572.6958276585; 5932854.365063202; 566573.3192914677; -0.16567942034453154; 0.6234638091409579; 1.8305335951716428; -0.29314612763233705; 0.6451021559677604
228; 5932854.365063202; 566573.3192914677; 5932854.303708314; 566574.2277741167; -0.061354887671768665; 0.9084826490143314; 1.6382294926717562; 0.1923041024998866; 0.9105521104260383
229; 5932854.303708314; 566574.2277741167; 5932854.374055951; 566575.0632334468; 0.07034763693809509; 0.8354593301191926; 1.486792136097413; 0.1514373565743432; 0.8384158170657231
230; 5932854.374055951; 566575.0632334468; 5932854.400191197; 566575.650371956; 0.026135246269404888; 0.5871385092614219; 1.526312776671049; -0.03952064057363591; 0.5877198994038633
231; 5932854.400191197; 566575.650371956; 5932854.926670164; 566576.7255610386; 0.5264789666980505; 1.0751890825340524; 1.1154534710756996; 0.41085930559534933; 1.1971681860022276
232; 5932854.926670164; 566576.7255610386; 5932855.053649303; 566577.5639390802; 0.12697913870215416; 0.8383780416334048; 1.4204806780993204; -0.30502720702362085; 0.8479395275363709
233; 5932855.053649303; 566577.5639390802; 5932855.167633232; 566578.6101868398; 0.11398392915725708; 1.0462477596011013; 1.4622788651861827; -0.041798187086862226; 1.0524384592822758
234; 5932855.167633232; 566578.6101868398; 5932855.377030237; 566579.4973479697; 0.20939700491726398; 0.8871611298527569; 1.3390081073580715; 0.12327075782811114; 0.9115382471349959
235; 5932855.377030237; 566579.4973479697; 5932855.524712359; 566580.289794829; 0.1476821219548583; 0.7924468592973426; 1.3865477827733104; -0.04753967541523885; 0.8060905866931533
236; 5932855.524712359; 566580.289794829; 5932855.83899864; 566581.0364432218; 0.31428628135472536; 0.7466483928728849; 1.1723785358247238; 0.21416924694858652; 0.8100985675999207
237; 5932855.83899864; 566581.0364432218; 5932855.9798789155; 566581.7044862941; 0.1408802755177021; 0.6680430722190067; 1.36295664613614; -0.19057811031141614; 0.6827362582796909
238; 5932855.9798789155; 566581.7044862941; 5932856.103555446; 566582.516596675; 0.12367653008550406; 0.812110380968079; 1.419667237218859; -0.05671059108271903; 0.8214737701047484
239; 5932856.103555446; 566582.516596675; 5932856.470977383; 566582.8554363787; 0.3674219371750951; 0.3388397037051618; 0.7449504834862571; 0.6747167537326019; 0.49981118907493594
240; 5932856.470977383; 566582.8554363787; 5932857.503901934; 566583.3086364644; 1.0329245515167713; 0.45320008567068726; 0.4134627436899615; 0.33148773979629564; 1.1279731587134694
241; 5932857.503901934; 566583.3086364644; 5932858.326021861; 566583.7176547522; 0.822119927033782; 0.40901828778441995; 0.461658893603309; -0.048196149913347475; 0.9182467719345
242; 5932858.326021861; 566583.7176547522; 5932859.188386539; 566584.0532665506; 0.8623646777123213; 0.3356117984512821; 0.3711408225120708; 0.09051807109123816; 0.9253691785582551
243; 5932859.188386539; 566584.0532665506; 5932859.8641883945; 566584.1741585248; 0.6758018555119634; 0.12089197419118136; 0.17701438311194698; 0.19412643940012383; 0.6865296915190587
244; 5932859.8641883945; 566584.1741585248; 5932860.279794269; 566583.5185763546; 0.4156058747321367; -0.6555821702349931; -1.005787409946266; 1.182801793058213; 0.7762191862108847
245; 5932860.279794269; 566583.5185763546; 5932860.424329313; 566582.7332397143; 0.14453504420816898; -0.785336640314199; -1.388790870885146; 0.38300346093887994; 0.798526153375236
246; 5932860.424329313; 566582.7332397143; 5932860.467230437; 566581.8968459696; 0.042901123873889446; -0.8363937446847558; -1.5195482638101447; 0.13075739292499877; 0.8374932850939352
247; 5932860.467230437; 566581.8968459696; 5932860.311139955; 566581.0945784228; -0.1560904821380973; -0.8022675467655063; -1.7629572585505269; 0.24340899474038213; 0.8173111128617103
248; 5932860.311139955; 566581.0945784228; 5932860.306072279; 566580.3130374409; -0.005067676305770874; -0.7815409819595516; -1.577280446503367; -0.1856768120471599; 0.781557411727021
249; 5932860.306072279; 566580.3130374409; 5932860.238721324; 566579.4505569271; -0.06735095474869013; -0.8624805137515068; -1.648728001643932; 0.07144755514056511; 0.86510622914566
