0; 5932827.0; 566527.0; 5932827.292497825; 566527.763008704; 0.29249782487750053; 0.763008703943342; 1.2047270642744499; 0.0; 0.8171519196889692
1; 5932827.292497825; 566527.763008704; 5932827.438829707; 566528.3035306531; 0.1463318821042776; 0.5405219491804019; 1.3064104673396608; -0.10168340306521095; 0.5599794614679731
2; 5932827.438829707; 566528.3035306531; 5932827.734712127; 566529.2234197286; 0.2958824196830392; 0.9198890754487365; 1.259597268393455; 0.046813198946205725; 0.9663034292640286
3; 5932827.734712127; 566529.2234197286; 5932828.379817991; 566530.412608282; 0.6451058639213443; 1.189188553369604; 1.0737482965226641; 0.18584897187079097; 1.352897258157838
4; 5932828.379817991; 566530.412608282; 5932828.795755083; 566530.9057477148; 0.4159370921552181; 0.49313943285960704; 0.8701188016639064; 0.2036294948587577; 0.6451280220790547
5; 5932828.795755083; 566530.9057477148; 5932829.143642891; 566531.900944027; 0.34788780845701694; 0.995196312200278; 1.2345072883955144; -0.36438848673160795; 1.054249319226747
6; 5932829.143642891; 566531.900944027; 5932829.429250548; 566532.7214315995; 0.2856076564639807; 0.820487572462298; 1.235819581140858; -0.0013122927453437239; 0.8687759147190499
7; 5932829.429250548; 566532.7214315995; 5932829.361178737; 566533.5129582346; -0.06807181052863598; 0.7915266351774335; 1.6565858960541933; -0.42076631491333516; 0.7944483529997128
8; 5932829.361178737; 566533.5129582346; 5932829.279272832; 566534.2208119041; -0.08190590515732765; 0.7078536694170907; 1.6859942487559725; -0.029408352701779217; 0.7125765885902238
9; 5932829.279272832; 566534.2208119041; 5932829.4289676845; 566535.0329970944; 0.14969485253095627; 0.8121851903852075; 1.388530618149316; 0.2974636306066565; 0.8258652022911006
10; 5932829.4289676845; 566535.0329970944; 5932829.522624867; 566535.8637417547; 0.09365718252956867; 0.8307446602266282; 1.4585315237539422; -0.07000090560462624; 0.8360073913156707
11; 5932829.522624867; 566535.8637417547; 5932829.638814668; 566536.7158829606; 0.1161898011341691; 0.8521412059199065; 1.4352815996661505; 0.023249924087791696; 0.8600259907201818
12; 5932829.638814668; 566536.7158829606; 5932829.696620707; 566537.5732520487; 0.05780603922903538; 0.8573690881021321; 1.503475628504443; -0.06819402883829251; 0.8593155947638972
13; 5932829.696620707; 566537.5732520487; 5932829.770623847; 566538.5430201706; 0.07400313951075077; 0.969768121954985; 1.4946337971077528; 0.008841831396690258; 0.9725876181699756
14; 5932829.770623847; 566538.5430201706; 5932830.129039608; 566539.374254113; 0.3584157610312104; 0.8312339422991499; 1.1636984584653196; 0.3309353386424332; 0.9052136347767682
15; 5932830.129039608; 566539.374254113; 5932830.373941593; 566539.692991143; 0.24490198493003845; 0.3187370300292969; 0.9156535166116521; 0.24804494185366754; 0.40195805320278094
16; 5932830.373941593; 566539.692991143; 5932830.719730201; 566540.1800742068; 0.34578860830515623; 0.48708306381013244; 0.9534455365817437; -0.03779201997009163; 0.5973438479504768
17; 5932830.719730201; 566540.1800742068; 5932831.253962217; 566541.2231686197; 0.5342320157214999; 1.0430944128893316; 1.097467514854494; -0.1440219782727502; 1.1719427463928416
18; 5932831.253962217; 566541.2231686197; 5932831.990280834; 566541.9334215175; 0.7363186171278358; 0.7102528978139162; 0.7673811496779215; 0.3300863651765724; 1.023046570192244
19; 5932831.990280834; 566541.9334215175; 5932832.264662562; 566542.4439279287; 0.2743817279115319; 0.5105064111994579; 1.077624178134477; -0.3102430284565556; 0.5795706414989186
20; 5932832.264662562; 566542.4439279287; 5932832.564388197; 566543.3252288594; 0.2997256349772215; 0.8813009307486936; 1.2429730784821218; -0.1653489003476447; 0.9308742056803445
21; 5932832.564388197; 566543.3252288594; 5932832.854599293; 566544.2448887172; 0.29021109640598297; 0.9196598577545956; 1.2651229383491136; -0.022149859866991806; 0.9643633829850476
22; 5932832.854599293; 566544.2448887172; 5932832.889196343; 566545.072222967; 0.034597049467265606; 0.8273342498578131; 1.5290031773532236; -0.26388023900410995; 0.82805731493637
23; 5932832.889196343; 566545.072222967; 5932832.858706137; 566545.8681108039; -0.030490205623209476; 0.7958878368372098; 1.6090872783672712; -0.08008410101404762; 0.7964716576654556
24; 5932832.858706137; 566545.8681108039; 5932833.114702848; 566546.6107245949; 0.2559967106208205; 0.7426137910224497; 1.2388295436728913; 0.37025773469437984; 0.7854995598123622
25; 5932833.114702848; 566546.6107245949; 5932833.119899704; 566547.5609350287; 0.005196856334805489; 0.9502104338025674; 1.56532721770582; -0.3264976740329286; 0.9502246449250977
26; 5932833.119899704; 566547.5609350287; 5932833.282688915; 566548.6206110703; 0.1627892106771469; 1.0596760415937752; 1.4183662923406648; 0.14696092536515515; 1.0721071029709397
27; 5932833.282688915; 566548.6206110703; 5932833.633334997; 566549.5541295775; 0.35064608231186867; 0.9335185071686283; 1.2114842140584248; 0.20688207828224003; 0.9972008214331786
28; 5932833.633334997; 566549.5541295775; 5932833.65097235; 566550.4162403998; 0.01763735245913267; 0.8621108223451301; 1.5503408447925358; -0.338856630734111; 0.8622912189083014
29; 5932833.65097235; 566550.4162403998; 5932833.481543638; 566551.3768717969; -0.16942871175706387; 0.960631397087127; 1.7453731466541524; -0.19503230186161669; 0.9754582356191492
30; 5932833.481543638; 566551.3768717969; 5932833.1515923655; 566551.9868606451; -0.32995127234607935; 0.6099888482131064; 2.0666366705838954; -0.321263523929743; 0.6935086423882176
31; 5932833.1515923655; 566551.9868606451; 5932833.016878197; 566552.4877695333; -0.13471416849642992; 0.5009088881779462; 1.8335194227146323; 0.23311724786926313; 0.5187076454510293
32; 5932833.016878197; 566552.4877695333; 5932832.40741145; 566553.3953429005; -0.6094667473807931; 0.9075733672361821; 2.1621613409141736; -0.32864191819954125; 1.093224191590794
33; 5932832.40741145; 566553.3953429005; 5932832.070031324; 566554.0361966548; -0.3373801251873374; 0.6408537542447448; 2.055382605263339; 0.10677873565083473; 0.7242367590788299
34; 5932832.070031324; 566554.0361966548; 5932832.114643766; 566554.7028227554; 0.04461244121193886; 0.6666261006612331; 1.5039732330653572; 0.5514093721979816; 0.6681172262363013
35; 5932832.114643766; 566554.7028227554; 5932832.225227302; 566555.654314663; 0.11058353632688522; 0.9514919075882062; 1.4550942019889956; 0.0488790310763616; 0.957896429011197
36; 5932832.225227302; 566555.654314663; 5932832.834206729; 566556.126793684; 0.6089794272556901; 0.4724790209438652; 0.6598432831356879; 0.7952509188533078; 0.7707738760834735
37; 5932832.834206729; 566556.126793684; 5932833.63237273; 566556.4757635446; 0.7981660012155771; 0.3489698605844751; 0.41217090090970565; 0.2476723822259822; 0.8711193541029912
38; 5932833.63237273; 566556.4757635446; 5932834.094592245; 566557.0494707389; 0.46221951488405466; 0.5737071943003684; 0.8926067297329983; -0.4804358288232926; 0.7367406767185124
39; 5932834.094592245; 566557.0494707389; 5932834.625311487; 566557.7022113566; 0.5307192420586944; 0.6527406177483499; 0.8881407432533014; 0.004465986479696871; 0.8412688202648738
40; 5932834.625311487; 566557.7022113566; 5932835.47110139; 566558.2276041147; 0.845789902843535; 0.5253927580779418; 0.5558518856511656; 0.3322888576021358; 0.9956897659375751
41; 5932835.47110139; 566558.2276041147; 5932835.810182399; 566559.1495950826; 0.3390810089185834; 0.9219909679377452; 1.218378930686469; -0.6625270450353034; 0.9823661616566527
42; 5932835.810182399; 566559.1495950826; 5932836.2333464455; 566559.9276091292; 0.423164046369493; 0.7780140466056764; 1.07264628864561; 0.1457326420408589; 0.8856487265589795
43; 5932836.2333464455; 566559.9276091292; 5932836.000691691; 566560.834432095; -0.23265475407242775; 0.9068229658296332; 1.8219397769939392; -0.7492934883483291; 0.93619235520728
44; 5932836.000691691; 566560.834432095; 5932835.936523916; 566561.6382168519; -0.06416777521371841; 0.8037847568048164; 1.650459416357501; 0.17148036063643812; 0.8063420109653572
45; 5932835.936523916; 566561.6382168519; 5932835.996576978; 566562.1058768018; 0.060053061693906784; 0.4676599499071017; 1.4430834320570445; 0.20737598430045656; 0.4714999458811475
46; 5932835.996576978; 566562.1058768018; 5932836.25614373; 566562.9561446016; 0.25956675224006176; 0.8502677998039871; 1.2745057918596079; 0.1685776401974366; 0.8890051913526528
47; 5932836.25614373; 566562.9561446016; 5932836.123723553; 566563.8020443446; -0.1324201775714755; 0.8458997430279851; 1.726079643227124; -0.45157385136751604; 0.8562017745151387
48; 5932836.123723553; 566563.8020443446; 5932835.733791081; 566564.6756406185; -0.38993247132748365; 0.8735962739447132; 1.9906134158746955; -0.2645337726475716; 0.9566701532114635
49; 5932835.733791081; 566564.6756406185; 5932835.898727457; 566565.4250449064; 0.16493637580424547; 0.7494042878970504; 1.3541601960582783; 0.6364532198164172; 0.7673400776591331
50; 5932835.898727457; 566565.4250449064; 5932836.529535579; 566566.134093859; 0.6308081215247512; 0.7090489525580779; 0.8437268323410357; 0.5104333637172426; 0.9490359863067852
51; 5932836.529535579; 566566.134093859; 5932837.228928248; 566566.7640150443; 0.6993926698341966; 0.6299211853183806; 0.733184504310998; 0.11054232803003772; 0.9412495983163653
52; 5932837.228928248; 566566.7640150443; 5932837.921971261; 566567.4766940612; 0.6930430121719837; 0.7126790168695152; 0.7993658805558006; -0.06618137624480258; 0.9940925499200338
53; 5932837.921971261; 566567.4766940612; 5932838.49413955; 566567.8864407291; 0.5721682896837592; 0.40974666795227677; 0.6214693954157902; 0.17789648514001044; 0.7037534252972638
54; 5932838.49413955; 566567.8864407291; 5932839.042310061; 566568.2392563316; 0.5481705106794834; 0.352815602440387; 0.5718797826181445; 0.04958961279764562; 0.651897045632191
55; 5932839.042310061; 566568.2392563316; 5932839.2955611935; 566568.8924828083; 0.25325113255530596; 0.6532264767447487; 1.2009445116482762; -0.6290647290301317; 0.7006004325297714
56; 5932839.2955611935; 566568.8924828083; 5932839.141992831; 566569.6379850564; -0.15356836281716824; 0.7455022480571643; 1.7739478415856196; -0.5730033299373434; 0.7611549408081321
57; 5932839.141992831; 566569.6379850564; 5932839.446785384; 566570.2376475533; 0.3047925531864166; 0.5996624969411641; 1.1005518494103714; 0.6733959921752481; 0.6726764532192325
58; 5932839.446785384; 566570.2376475533; 5932839.76179585; 566570.7265367426; 0.3150104656815529; 0.4888891893206164; 0.9984108830120672; 0.10214096639830428; 0.5815876829193327
59; 5932839.76179585; 566570.7265367426; 5932839.902041455; 566571.3079591371; 0.14024560526013374; 0.5814223944908008; 1.3341064076258884; -0.33569552461382124; 0.5980976764795175
60; 5932839.902041455; 566571.3079591371; 5932840.391199913; 566572.2394492433; 0.48915845807641745; 0.9314901061588898; 1.0872431630436046; 0.24686324458228381; 1.0521168257278268
61; 5932840.391199913; 566572.2394492433; 5932840.530812661; 566573.2825455116; 0.13961274828761816; 1.0430962683167309; 1.4377425432743398; -0.35049938023073524; 1.052397997176311
62; 5932840.530812661; 566573.2825455116; 5932840.701054357; 566573.8107839337; 0.17024169582873583; 0.5282384221209213; 1.259024793922491; 0.1787177493518488; 0.5549937527607356
63; 5932840.701054357; 566573.8107839337; 5932841.340149419; 566574.6171044762; 0.6390950623899698; 0.8063205424696207; 0.9005797822081993; 0.35844501171429166; 1.0288806130838226
64; 5932841.340149419; 566574.6171044762; 5932841.848789738; 566575.1291487995; 0.5086403181776404; 0.5120443232590333; 0.7887331723934564; 0.11184660981474293; 0.7217370450916681
65; 5932841.848789738; 566575.1291487995; 5932842.530785254; 566575.6752727277; 0.6819955166429281; 0.546123928274028; 0.6752124029783558; 0.11352076941510059; 0.8737100375722544
66; 5932842.530785254; 566575.6752727277; 5932842.991209404; 566576.1210510642; 0.4604241494089365; 0.4457783364923671; 0.7692378259756945; -0.09402542299733863; 0.6408656041986063
67; 5932842.991209404; 566576.1210510642; 5932843.451280121; 566576.726419989; 0.4600707171484828; 0.605368924792856; 0.9209359982883398; -0.15169817231264537; 0.7603529442846774
68; 5932843.451280121; 566576.726419989; 5932843.836859971; 566577.3973156166; 0.3855798505246639; 0.6708956275833771; 1.0491694573488999; -0.12823345906056005; 0.7738040864722256
69; 5932843.836859971; 566577.3973156166; 5932844.269864752; 566578.467937487; 0.4330047806724906; 1.0706218703417107; 1.186466249393585; -0.13729679204468503; 1.1548698322058701
70; 5932844.269864752; 566578.467937487; 5932844.384731042; 566579.2100665406; 0.11486629024147987; 0.7421290536876768; 1.4172354575183321; -0.23076920812474722; 0.750965909320261
71; 5932844.384731042; 566579.2100665406; 5932844.425017922; 566579.8525269227; 0.04028687998652458; 0.642460382077843; 1.5081711438058054; -0.09093568628747328; 0.6437222811419973
72; 5932844.425017922; 566579.8525269227; 5932844.339147803; 566580.6025318269; -0.08587011881172657; 0.7500049042282626; 1.6847926887747342; -0.1766215449689288; 0.7549046520397033
73; 5932844.339147803; 566580.6025318269; 5932844.172309262; 566581.3474182185; -0.16683854162693024; 0.744886391563341; 1.791138284657567; -0.10634559588283277; 0.76334188625311
74; 5932844.172309262; 566581.3474182185; 5932844.077713785; 566581.828257729; -0.09459547698497772; 0.480839510448277; 1.7650455277877146; 0.02609275686985235; 0.49005605707322314
75; 5932844.077713785; 566581.828257729; 5932843.800170929; 566582.8774201557; -0.2775428555905819; 1.0491624267306179; 1.8294099003528874; -0.0643643725651728; 1.0852519681404194
76; 5932843.800170929; 566582.8774201557; 5932843.899747165; 566583.6079737735; 0.09957623574882746; 0.7305536178173497; 1.4353286990891967; 0.39408120126369073; 0.7373086295656144
77; 5932843.899747165; 566583.6079737735; 5932843.591580599; 566584.8084643519; -0.3081665663048625; 1.2004905784269795; 1.8220713598084934; -0.38674266071929675; 1.239412869660499
78; 5932843.591580599; 566584.8084643519; 5932843.191498576; 566585.8285109339; -0.400082022882998; 1.020046581979841; 1.9445773172015846; -0.12250595739309111; 1.0957009876982444
79; 5932843.191498576; 566585.8285109339; 5932842.74168567; 566586.6864582795; -0.44981290586292744; 0.8579473455902189; 2.053686294271572; -0.10910897706998735; 0.9687132176687553
80; 5932842.74168567; 566586.6864582795; 5932842.2826844305; 566587.4305600539; -0.45900123938918114; 0.7441017744131386; 2.123515494938872; -0.06982920066730003; 0.8742823276525643
81; 5932842.2826844305; 566587.4305600539; 5932841.657714062; 566587.9570424412; -0.6249703681096435; 0.5264823873294517; 2.441520483366047; -0.31800498842717495; 0.8171729713978688
82; 5932841.657714062; 566587.9570424412; 5932841.1312686745; 566588.5538989641; -0.5264453878626227; 0.5968565228395164; 2.2935941025760522; 0.14792638078999465; 0.795853287520951
83; 5932841.1312686745; 566588.5538989641; 5932840.614468015; 566589.2226462244; -0.5168006597086787; 0.6687472603516653; 2.228723704878501; 0.06487039769755132; 0.8451661494068391
84; 5932840.614468015; 566589.2226462244; 5932840.241726398; 566589.8336707135; -0.37274161726236343; 0.6110244890442118; 2.1185562343652227; 0.11016747051327824; 0.7157424393251405
85; 5932840.241726398; 566589.8336707135; 5932840.1036238875; 566590.6792050314; -0.13810251001268625; 0.8455343178939074; 1.7326983726505727; 0.38585786171465; 0.8567383416236951
86; 5932840.1036238875; 566590.6792050314; 5932840.222100158; 566591.5532546268; 0.11847627069801092; 0.8740495954407379; 1.436068776800756; 0.29662959584981663; 0.8820426985178359
87; 5932840.222100158; 566591.5532546268; 5932840.331421483; 566592.2908509418; 0.10932132508605719; 0.7375963149825111; 1.4236545627523862; 0.012414214048369843; 0.7456537239190529
88; 5932840.331421483; 566592.2908509418; 5932840.649355405; 566593.1780044939; 0.31793392170220613; 0.8871535521466285; 1.2266797857748044; 0.1969747769775818; 0.9424029942945455
89; 5932840.649355405; 566593.1780044939; 5932841.095077392; 566594.1112650967; 0.44572198670357466; 0.9332606027601287; 1.1252316216604903; 0.10144816411431412; 1.034235680149926
90; 5932841.095077392; 566594.1112650967; 5932841.372562643; 566594.7256050946; 0.2774852514266968; 0.6143399978755042; 1.146545972041573; -0.021314350381082647; 0.6741006584694986
91; 5932841.372562643; 566594.7256050946; 5932841.706958128; 566595.2944043414; 0.3343954849988222; 0.5687992468010634; 1.0393234765337713; 0.10722249550780161; 0.6598127943205213
92; 5932841.706958128; 566595.2944043414; 5932842.041986279; 566596.1033443097; 0.33502815105021; 0.808939968352206; 1.1781455244577326; -0.13882204792396124; 0.8755728035941903
93; 5932842.041986279; 566596.1033443097; 5932842.352959423; 566596.9705937639; 0.31097314413636923; 0.8672494541388005; 1.2265036740791415; -0.04835814962140894; 0.9213174871227109
94; 5932842.352959423; 566596.9705937639; 5932842.999884595; 566598.0142204753; 0.6469251718372107; 1.0436267114710063; 1.0158860064883666; 0.21061766759077494; 1.227871691526599
95; 5932842.999884595; 566598.0142204753; 5932843.496630966; 566598.5797711128; 0.4967463705688715; 0.5655506374314427; 0.8500771514520125; 0.16580885503635412; 0.752731346612095
96; 5932843.496630966; 566598.5797711128; 5932844.054459986; 566599.1843353007; 0.5578290205448866; 0.6045641879318282; 0.8255825077679754; 0.024494643684037087; 0.8226001905492962
97; 5932844.054459986; 566599.1843353007; 5932844.656480446; 566599.4354707096; 0.6020204601809382; 0.2511354088783264; 0.3952065250769867; 0.43037598269098865; 0.6523017921705818
98; 5932844.656480446; 566599.4354707096; 5932845.514926545; 566599.8231405336; 0.8584460988640785; 0.3876698240637779; 0.4241794001001738; -0.028972875023187072; 0.9419222882725494
99; 5932845.514926545; 566599.8231405336; 5932846.180636684; 566600.3120665101; 0.6657101390883327; 0.4889259764458984; 0.633469886273454; -0.20929048617328022; 0.8259652533421623
100; 5932846.180636684; 566600.3120665101; 5932846.9774275785; 566600.9176437632; 0.7967908941209316; 0.605577253154479; 0.649883315952629; -0.01641342967917503; 1.0007994496861785
101; 5932846.9774275785; 566600.9176437632; 5932847.694341186; 566601.0145812934; 0.7169136079028249; 0.09693753020837903; 0.13439995138029737; 0.5154833645723317; 0.723437631008469
102; 5932847.694341186; 566601.0145812934; 5932848.697815933; 566601.0688117525; 1.0034747468307614; 0.0542304590344429; 0.053990153890326076; 0.08040979748997129; 1.004939057960306
103; 5932848.697815933; 566601.0688117525; 5932849.577994294; 566601.0084663304; 0.8801783611997962; -0.06034542212728411; -0.06845332563992981; 0.12244347953025589; 0.8822445905167564
104; 5932849.577994294; 566601.0084663304; 5932850.027284131; 566600.5491750649; 0.4492898369207978; -0.4592912654625252; -0.796405463225394; 0.7279521375854642; 0.6425027813873532
105; 5932850.027284131; 566600.5491750649; 5932850.368206284; 566599.7856269826; 0.3409221526235342; -0.7635480823228136; -1.1508590687162434; 0.3544536054908495; 0.8362018824233239
106; 5932850.368206284; 566599.7856269826; 5932849.849714302; 566598.6007935596; -0.5184919815510511; -1.1848334230016917; -1.9832969868263521; 0.8324379181101087; 1.2933151878775109
107; 5932849.849714302; 566598.6007935596; 5932849.272814394; 566597.8761690055; -0.5768999084830284; -0.724624554044567; -2.2431769076978205; 0.2598799208714684; 0.9262258087162192
108; 5932849.272814394; 566597.8761690055; 5932848.793241262; 566597.2642280667; -0.47957313153892756; -0.611940938862972; -2.235513875176486; -0.00766303252133449; 0.7774716079385466
109; 5932848.793241262; 566597.2642280667; 5932848.160647504; 566596.6289876355; -0.6325937584042549; -0.6352404311764985; -2.354106938878952; 0.11859306370246614; 0.8964961062789535
110; 5932848.160647504; 566596.6289876355; 5932847.557874979; 566596.1247716763; -0.6027725245803595; -0.5042159592267126; -2.4449916126118008; 0.09088467373284859; 0.7858552347143168
111; 5932847.557874979; 566596.1247716763; 5932846.728117775; 566595.5749751701; -0.8297572042793036; -0.549796506180428; -2.5564112384159903; 0.11141962580418951; 0.9953759170592843
112; 5932846.728117775; 566595.5749751701; 5932846.1471363455; 566595.1374384738; -0.5809814296662807; -0.43753669632133096; -2.4961109546828255; -0.06030028373316476; 0.7273085880455834
113; 5932846.1471363455; 566595.1374384738; 5932845.80817928; 566594.2733031474; -0.33895706571638584; -0.8641353263519704; -1.9446038512052963; -0.5515071034775292; 0.9282358292204028
114; 5932845.80817928; 566594.2733031474; 5932845.41065492; 566593.6690991864; -0.39752435963600874; -0.6042039609747007; -2.15272657246019; 0.2081227212548935; 0.723248258180783
115; 5932845.41065492; 566593.6690991864; 5932844.856561427; 566592.957987656; -0.5540934931486845; -0.7111115304287523; -2.232721003989461; 0.0799944315292711; 0.901498312731884
116; 5932844.856561427; 566592.957987656; 5932844.533519334; 566592.4087188996; -0.32304209284484386; -0.5492687564110383; -2.102443055850653; -0.1302779481388079; 0.6372223791730053
117; 5932844.533519334; 566592.4087188996; 5932844.222735945; 566591.7834522881; -0.3107833890244365; -0.625266611459665; -2.032074252121592; -0.07036880372906085; 0.6982439762001287
118; 5932844.222735945; 566591.7834522881; 5932843.991835967; 566591.2944741714; -0.23089997842907906; -0.4889781167730689; -2.011965181222487; -0.020109070899105408; 0.5407535471187278
119; 5932843.991835967; 566591.2944741714; 5932843.5052115405; 566590.566722349; -0.4866244262084365; -0.7277518223272637; -2.1601832563998262; 0.14821807517733943; 0.8754576215233626
120; 5932843.5052115405; 566590.566722349; 5932843.170919999; 566590.2839585918; -0.33429154194891453; -0.2827637572772801; -2.439507138928417; 0.27932388252859086; 0.437842640052505
121; 5932843.170919999; 566590.2839585918; 5932842.581102175; 566589.5952431781; -0.5898178238421679; -0.6887154136784375; -2.2789958344126826; -0.16051130451573448; 0.9067601592263369
122; 5932842.581102175; 566589.5952431781; 5932842.236959826; 566588.918554773; -0.3441423485055566; -0.6766884051030502; -2.041275146781426; -0.23772068763125676; 0.759171359862732
123; 5932842.236959826; 566588.918554773; 5932841.693629374; 566588.4392547738; -0.5433304524049163; -0.47929999919142574; -2.4187263396689582; 0.37745119288753237; 0.7245249959355659
124; 5932841.693629374; 566588.4392547738; 5932840.933972537; 566587.9078332313; -0.7596568372100592; -0.5314215425169095; -2.5311655828046926; 0.11243924313573439; 0.9270854147116336
125; 5932840.933972537; 566587.9078332313; 5932840.562003219; 566587.0850702493; -0.37196931801736355; -0.8227629819884896; -1.995393398726263; -0.5357721840784295; 0.9029396979183573
126; 5932840.562003219; 566587.0850702493; 5932840.608055337; 566585.9666438242; 0.0460521187633276; -1.118426425033249; -1.5296437593505379; -0.4657496393757252; 1.1193741402476856
127; 5932840.608055337; 566585.9666438242; 5932840.425790472; 566585.2452909623; -0.18226486537605524; -0.7213528619613498; -1.8182871791306712; 0.2886434197801333; 0.7440231398353022
128; 5932840.425790472; 566585.2452909623; 5932840.256461858; 566584.5342431719; -0.16932861413806677; -0.7110477903624997; -1.8045814596195284; -0.013705719511142744; 0.7309316929408052
129; 5932840.256461858; 566584.5342431719; 5932840.032770011; 566583.6339153912; -0.22369184717535973; -0.9003277807496488; -1.8143212948070713; 0.009739835187542845; 0.9277004663587877
130; 5932840.032770011; 566583.6339153912; 5932839.649198952; 566582.8621039499; -0.383571058511734; -0.7718114412855357; -2.0320210789021393; 0.21769978409506807; 0.8618698613056776
131; 5932839.649198952; 566582.8621039499; 5932839.173426291; 566582.1182506703; -0.4757726611569524; -0.7438532796222717; -2.1398296128884007; 0.10780853398626133; 0.8829933899578057
132; 5932839.173426291; 566582.1182506703; 5932838.455758419; 566581.7798015617; -0.7176678720861673; -0.33844910853076726; -2.700925553098968; 0.5610959402105675; 0.793470209705417
133; 5932838.455758419; 566581.7798015617; 5932837.7820821395; 566581.4256363586; -0.673676279373467; -0.3541652031708509; -2.657581262649658; -0.04334429044931021; 0.7610996784439786
134; 5932837.7820821395; 566581.4256363586; 5932837.028455548; 566581.3158713621; -0.7536265915259719; -0.10976499645039439; -2.996960606684012; 0.339379344034354; 0.7615782257265561
135; 5932837.028455548; 566581.3158713621; 5932836.344970114; 566581.2130043347; -0.6834854343906045; -0.10286702739540488; -2.9922102112300033; -0.004750395454008682; 0.6911830179838625
136; 5932836.344970114; 566581.2130043347; 5932835.753340755; 566581.1802540716; -0.5916293589398265; -0.032750263111665845; -3.0862930443601715; 0.09408283313016819; 0.5925351281514315
137; 5932835.753340755; 566581.1802540716; 5932835.233953146; 566581.0909615103; -0.5193876083940268; -0.08929256128612906; -2.9713380602475845; -0.11495498411258698; 0.5270072573070546
138; 5932835.233953146; 566581.0909615103; 5932834.63393204; 566580.9764865647; -0.6000211061909795; -0.1144749455852434; -2.953073297906341; -0.0182647623412433; 0.6108435487433678
139; 5932834.63393204; 566580.9764865647; 5932833.78471181; 566580.5780933494; -0.8492202302441001; -0.3983932153787464; -2.7029460139454717; -0.2501272839608695; 0.9380256678341263
140; 5932833.78471181; 566580.5780933494; 5932832.955334437; 566580.4362059111; -0.8293773727491498; -0.1418874382507056; -2.972155880856908; 0.26920986691143645; 0.8414266881681552
141; 5932832.955334437; 566580.4362059111; 5932832.353483631; 566580.1698553936; -0.6018508058041334; -0.2663505175150931; -2.724949388998008; -0.2472064918589001; 0.6581542301221216
142; 5932832.353483631; 566580.1698553936; 5932831.54192995; 566579.9837068177; -0.8115536812692881; -0.18614857585635036; -2.9161197594142148; 0.19117037041620666; 0.8326287707466519
143; 5932831.54192995; 566579.9837068177; 5932830.876399775; 566579.5041801919; -0.6655301749706268; -0.4795266258297488; -2.517228382297841; -0.39889137711637357; 0.8202903136549261
144; 5932830.876399775; 566579.5041801919; 5932830.514062003; 566578.5568537344; -0.36233777180314064; -0.9473264574771747; -1.9361126290368107; -0.5811157532610305; 1.0142564162535617
145; 5932830.514062003; 566578.5568537344; 5932830.389977468; 566577.7754140795; -0.1240845350548625; -0.7814396548783407; -1.7282712353860608; -0.20784139365074994; 0.7912299956751903
146; 5932830.389977468; 566577.7754140795; 5932830.677585893; 566576.9402738899; 0.2876084251329303; -0.8351401896215975; -1.2391338884950627; -0.4891373468909981; 0.8832767077924348
147; 5932830.677585893; 566576.9402738899; 5932831.054579197; 566576.1504538727; 0.37699330411851406; -0.7898200171766803; -1.1254604795936347; -0.11367340890142796; 0.875179759182744
148; 5932831.054579197; 566576.1504538727; 5932831.177360685; 566575.5692135493; 0.12278148718178272; -0.5812403234886006; -1.362616340342055; 0.23715586074842032; 0.5940670056851359
149; 5932831.177360685; 566575.5692135493; 5932831.511044406; 566574.81216352; 0.33368372172117233; -0.7570500292349607; -1.1556458771167553; -0.20697046322529977; 0.8273267630787413
150; 5932831.511044406; 566574.81216352; 5932832.106170137; 566574.0997025223; 0.5951257310807705; -0.7124609977472574; -0.874892680388617; -0.28075319672813825; 0.9283185385983838
151; 5932832.106170137; 566574.0997025223; 5932832.589278033; 566573.4037916017; 0.48310789559036493; -0.6959109206218272; -0.9639672594747579; 0.08907457908614091; 0.8471630588159933
152; 5932832.589278033; 566573.4037916017; 5932832.993357429; 566572.6395826753; 0.4040793962776661; -0.7642089263536036; -1.0844101129707333; 0.12044285349597539; 0.864462516026375
153; 5932832.993357429; 566572.6395826753; 5932833.872379412; 566572.0407061717; 0.8790219826623797; -0.5988765036454424; -0.5980641589912087; -0.4863459539795246; 1.063641251843069
154; 5932833.872379412; 566572.0407061717; 5932834.315940977; 566572.0373276073; 0.443561565130949; -0.0033785643754526973; -0.007616753355253987; -0.5904474056359547; 0.4435744320389265
155; 5932834.315940977; 566572.0373276073; 5932835.011593961; 566572.1255046166; 0.6956529840826988; 0.08817700936924666; 0.12608193402433335; -0.13369868737958734; 0.701219123558726
156; 5932835.011593961; 566572.1255046166; 5932835.8221520865; 566571.9717186838; 0.8105581253767014; -0.15378593280911446; -0.18749984015823215; 0.3135817741825655; 0.8250179317712808
157; 5932835.8221520865; 566571.9717186838; 5932836.4871241; 566571.554632397; 0.6649720137938857; -0.41708628681953996; -0.5601968688829605; 0.3726970287247283; 0.7849514314796854
158; 5932836.4871241; 566571.554632397; 5932837.180644558; 566570.6055771805; 0.6935204574838281; -0.9490552165079862; -0.9397306034533519; 0.3795337345703914; 1.175447331414555
159; 5932837.180644558; 566570.6055771805; 5932837.717082515; 566569.7449455035; 0.536437957547605; -0.8606316769728437; -1.013415201317558; 0.073684597864206; 1.0141265037986806
160; 5932837.717082515; 566569.7449455035; 5932838.668918145; 566569.2826536256; 0.951835629530251; -0.46229187794961035; -0.4521298181609004; -0.5612853831566575; 1.0581610681089277
161; 5932838.668918145; 566569.2826536256; 5932839.456952828; 566569.4307863154; 0.7880346830934286; 0.14813268976286054; 0.18580907067079666; -0.637938888831697; 0.8018366139897456
162; 5932839.456952828; 566569.4307863154; 5932840.104431669; 566569.9353748383; 0.6474788412451744; 0.5045885229483247; 0.6619988697672529; -0.4761897990964562; 0.8208766212722627
163; 5932840.104431669; 566569.9353748383; 5932840.488276262; 566570.503518083; 0.38384459260851145; 0.5681432447163388; 0.9766261012371025; -0.3146272314698496; 0.68565546580743
164; 5932840.488276262; 566570.503518083; 5932840.72297027; 566571.0259685757; 0.2346940077841282; 0.5224504927173257; 1.148593153872358; -0.17196705263525547; 0.5727440917463512
165; 5932840.72297027; 566571.0259685757; 5932840.976907325; 566571.9199891436; 0.25393705535680056; 0.8940205678809434; 1.294045841875052; -0.14545268800269406; 0.9293851751978011
166; 5932840.976907325; 566571.9199891436; 5932841.062180651; 566572.8376933456; 0.0852733263745904; 0.9177042020019144; 1.478142105388273; -0.18409626351322106; 0.9216574974267598
167; 5932841.062180651; 566572.8376933456; 5932840.921326048; 566573.580974328; -0.14085460361093283; 0.7432809823658317; 1.7580793613004795; -0.2799372559122064; 0.756509509593309
168; 5932840.921326048; 566573.580974328; 5932840.753318109; 566574.2962487764; -0.16800793912261724; 0.7152744483901188; 1.801500230799464; -0.043420869498984604; 0.7347409095239068
169; 5932840.753318109; 566574.2962487764; 5932840.522188692; 566574.8455314382; -0.2311294162645936; 0.5492826618719846; 1.9690906655577674; -0.16759043475830326; 0.5959297355359814
170; 5932840.522188692; 566574.8455314382; 5932840.303538887; 566575.5840810755; -0.21864980552345514; 0.7385496372589841; 1.8586280606038867; 0.1104626049538806; 0.7702358756581141
171; 5932840.303538887; 566575.5840810755; 5932840.213861971; 566576.5131034628; -0.08967691566795111; 0.9290223872521892; 1.6670264457465898; 0.191601614857297; 0.933340530149352
172; 5932840.213861971; 566576.5131034628; 5932840.367978897; 566577.1865412815; 0.15411692578345537; 0.6734378187684342; 1.3458194734514457; 0.32120697229514406; 0.6908476840523745
173; 5932840.367978897; 566577.1865412815; 5932841.062656483; 566578.1882524926; 0.6946775857359171; 1.0017112110508606; 0.9644522735030457; 0.38136719994839996; 1.219016939369123
174; 5932841.062656483; 566578.1882524926; 5932841.253695437; 566578.6465248965; 0.19103895407170057; 0.45827240392100066; 1.1758339412378742; -0.21138166773482847; 0.4964972086208966
175; 5932841.253695437; 566578.6465248965; 5932841.631993421; 566579.237286744; 0.37829798460006714; 0.5907618475612253; 1.0012305134239239; 0.17460342781395033; 0.7015047581352709
176; 5932841.631993421; 566579.237286744; 5932842.208016879; 566579.5838261482; 0.5760234575718641; 0.3465394041268155; 0.5415998466918055; 0.4596306667321184; 0.6722295607049823
177; 5932842.208016879; 566579.5838261482; 5932842.843049891; 566580.2414322045; 0.635033012367785; 0.6576060563093051; 0.8028591471892889; -0.26125930049748336; 0.9141732068331363
178; 5932842.843049891; 566580.2414322045; 5932843.075513503; 566580.9695945194; 0.23246361128985882; 0.7281623148592189; 1.2617766155982517; -0.45891746840896286; 0.7643688163151731
179; 5932843.075513503; 566580.9695945194; 5932843.179525981; 566581.6141857246; 0.10401247814297676; 0.6445912052877247; 1.4108134168455542; -0.14903680124730245; 0.6529291060626145
180; 5932843.179525981; 566581.6141857246; 5932843.212193851; 566582.381804457; 0.03266787063330412; 0.7676187324104831; 1.528264574119364; -0.11745115727380973; 0.7683135480513089
181; 5932843.212193851; 566582.381804457; 5932843.409368394; 566583.1733271444; 0.19717454258352518; 0.7915226873010397; 1.32665747737818; 0.20160709674118382; 0.815711937362254
182; 5932843.409368394; 566583.1733271444; 5932844.018472353; 566583.8025531519; 0.6091039590537548; 0.6292260074988008; 0.8016460765165261; 0.525011400861654; 0.8757471104421864
183; 5932844.018472353; 566583.8025531519; 5932844.384374174; 566584.3290456932; 0.3659018212929368; 0.5264925413066521; 0.963447396837663; -0.16180132032113692; 0.6411540679719853
184; 5932844.384374174; 566584.3290456932; 5932844.581947408; 566585.1850779479; 0.1975732333958149; 0.8560322547564283; 1.3439671685573473; -0.3805197717196843; 0.8785365124670982
185; 5932844.581947408; 566585.1850779479; 5932845.017381983; 566585.6631392433; 0.4354345751926303; 0.47806129534728825; 0.8320276255849192; 0.5119395429724282; 0.6466419963026787
186; 5932845.017381983; 566585.6631392433; 5932845.552127433; 566586.2835635454; 0.5347454501315951; 0.620424302178435; 0.8594325266591067; -0.027404901074187582; 0.8190720427227633
187; 5932845.552127433; 566586.2835635454; 5932845.8655692125; 566586.7517120581; 0.31344177946448326; 0.46814851264934987; 0.9808106335449759; -0.12137810688586914; 0.5633904321247036
188; 5932845.8655692125; 566586.7517120581; 5932846.468292155; 566587.2968810543; 0.6027229428291321; 0.5451689962064847; 0.735301295417625; 0.24550933812735087; 0.8127017781679793
189; 5932846.468292155; 566587.2968810543; 5932846.9744589245; 566587.8198950709; 0.5061667691916227; 0.5230140165658668; 0.8017662719330874; -0.06646497651546235; 0.7278382098778864
190; 5932846.9744589245; 566587.8198950709; 5932847.801735815; 566588.3402561232; 0.8272768901661038; 0.5203610523603857; 0.561473917995987; 0.24029235393710036; 0.9773242439520816
191; 5932847.801735815; 566588.3402561232; 5932848.554144337; 566588.6726227801; 0.7524085221812129; 0.332366656861268; 0.4159611742526985; 0.1455127437432885; 0.8225485875278448
192; 5932848.554144337; 566588.6726227801; 5932849.194648049; 566588.9568493663; 0.6405037119984627; 0.28422658622730523; 0.41764827999382287; -0.0016871057411243506; 0.700735154963869
193; 5932849.194648049; 566588.9568493663; 5932849.959219149; 566589.087944945; 0.7645711004734039; 0.13109557866118848; 0.16981162296852276; 0.2478366570253001; 0.775728701559781
194; 5932849.959219149; 566589.087944945; 5932850.8527659075; 566588.8863162203; 0.8935467582195997; -0.20162872469518334; -0.22193292764395078; 0.39174455061247354; 0.9160130740043844
195; 5932850.8527659075; 566588.8863162203; 5932851.630264791; 566588.9608184092; 0.7774988831952214; 0.07450218894518912; 0.09553121117956904; -0.3174641388235198; 0.781060234250497
196; 5932851.630264791; 566588.9608184092; 5932852.5082150195; 566589.1915030575; 0.8779502287507057; 0.23068464826792479; 0.2569456368183333; -0.1614144256387643; 0.9077510733179623
197; 5932852.5082150195; 566589.1915030575; 5932853.182920561; 566589.949313991; 0.6747055416926742; 0.7578109335154295; 0.8433467794350634; -0.5864011426167302; 1.014645247831148
198; 5932853.182920561; 566589.949313991; 5932853.78049475; 566590.3903873345; 0.5975741883739829; 0.4410733435070142; 0.6358456605019475; 0.20750111893311596; 0.7427251207299245
199; 5932853.78049475; 566590.3903873345; 5932854.656082269; 566590.8399719365; 0.8755875192582607; 0.4495846020290628; 0.47436244668919025; 0.1614832138127572; 0.9842661318273965
200; 5932854.656082269; 566590.8399719365; 5932855.332475144; 566591.3919883434; 0.6763928756117821; 0.5520164069021121; 0.6844920176763962; -0.21012957098720597; 0.8730575213967828
201; 5932855.332475144; 566591.3919883434; 5932856.210027732; 566590.9027281777; 0.8775525875389576; -0.4892601657193154; -0.5086045106936015; 1.1930965283699977; 1.0047258599518636
202; 5932856.210027732; 566590.9027281777; 5932856.772310556; 566590.1225498397; 0.5622828239575028; -0.7801783380564302; -0.9463054170780577; 0.43770090638445625; 0.9616861303409329
203; 5932856.772310556; 566590.1225498397; 5932857.135061509; 566589.5770707709; 0.3627509530633688; -0.5454790687654167; -0.9839390860314583; 0.03763366895340059; 0.6550844742547091
204; 5932857.135061509; 566589.5770707709; 5932857.194428254; 566588.8493027721; 0.05936674494296312; -0.7277679988183081; -1.4894028230003271; 0.5054637369688688; 0.7301853672247396
205; 5932857.194428254; 566588.8493027721; 5932857.267076677; 566588.0840683258; 0.0726484227925539; -0.76523444626946; -1.4761438463451886; -0.013258976655138532; 0.7686751921921071
206; 5932857.267076677; 566588.0840683258; 5932857.411675298; 566587.2610199632; 0.1445986209437251; -0.8230483626248315; -1.3968844785526717; -0.07925936779251685; 0.8356538568080945
207; 5932857.411675298; 566587.2610199632; 5932857.905533878; 566586.4336856691; 0.4938585804775357; -0.8273342940956354; -1.0326390904897953; -0.36424538806287643; 0.9635239134022622
208; 5932857.905533878; 566586.4336856691; 5932858.454151645; 566585.4607535067; 0.5486177671700716; -0.972932162345387; -1.0573585681853293; 0.024719477695533953; 1.116950512323955
209; 5932858.454151645; 566585.4607535067; 5932858.736645824; 566584.8402655543; 0.28249417897313833; -0.6204879524884745; -1.143562338927071; 0.08620377074174179; 0.6817684800113942
210; 5932858.736645824; 566584.8402655543; 5932859.133031356; 566584.1176097104; 0.3963855318725109; -0.7226558438269421; -1.0690961141342024; -0.07446622479286868; 0.8242287052117775
211; 5932859.133031356; 566584.1176097104; 5932859.315742817; 566583.5746207845; 0.18271146062761545; -0.5429889259394258; -1.2462056201024398; 0.1771095059682375; 0.5729052727436953
212; 5932859.315742817; 566583.5746207845; 5932859.486854422; 566583.06488434; 0.171111605130136; -0.5097364444518462; -1.2469294862988802; 0.0007238661964403814; 0.5376898959554862
213; 5932859.486854422; 566583.06488434; 5932859.75286722; 566582.4127870244; 0.266012798063457; -0.652097315643914; -1.183468888435485; -0.06346059786339531; 0.7042682143924628
214; 5932859.75286722; 566582.4127870244; 5932859.817145959; 566581.6126224975; 0.06427873857319355; -0.8001645269105211; -1.4906365581947576; 0.3071676697592727; 0.8027421917144376
215; 5932859.817145959; 566581.6126224975; 5932859.806523205; 566581.0075737255; -0.010622753761708736; -0.6050487719476223; -1.5883513785398544; 0.09771482034509682; 0.6051420158382723
216; 5932859.806523205; 566581.0075737255; 5932859.534103375; 566580.1161724693; -0.27241982985287905; -0.8914012562017888; -1.8673905883801467; 0.2790392098402923; 0.9320991166475798
217; 5932859.534103375; 566580.1161724693; 5932859.032725588; 566579.5934838715; -0.5013777865096927; -0.5226885977899656; -2.3353875033114018; 0.46799691493125506; 0.7242810608216946
218; 5932859.032725588; 566579.5934838715; 5932858.389974536; 566579.1265488301; -0.642751052044332; -0.4669350414769724; -2.5133259892607978; 0.17793848594939599; 0.7944540564835688
219; 5932858.389974536; 566579.1265488301; 5932858.081205147; 566578.4935566743; -0.3087693890556693; -0.6329921557335183; -2.024631047851583; -0.48869494140921477; 0.7042851729505442
220; 5932858.081205147; 566578.4935566743; 5932857.471999566; 566577.885626305; -0.6092055812478065; -0.6079303693259135; -2.35724220507965; 0.332611157228067; 0.8606455566446732
221; 5932857.471999566; 566577.885626305; 5932857.049790808; 566578.0110687687; -0.42220875807106495; 0.12544246367178857; 2.8527892970756943; -5.210031502155344; 0.44044982357126566
222; 5932857.049790808; 566578.0110687687; 5932856.2564081745; 566578.591295938; -0.7933826334774494; 0.5802271693246439; 2.5101456347353754; 0.34264366234031884; 0.9829138167337469
223; 5932856.2564081745; 566578.591295938; 5932855.723515045; 566579.4486082863; -0.5328931296244264; 0.8573123483220115; 2.1269366749146834; 0.38320895982069203; 1.0094352629992267
224; 5932855.723515045; 566579.4486082863; 5932854.850231607; 566580.3792674078; -0.8732834374532104; 0.9306591214844957; 2.3243994929885043; -0.19746281807382093; 1.2762250438431257
225; 5932854.850231607; 566580.3792674078; 5932854.579893785; 566580.9757700985; -0.2703378228470683; 0.5965026906924322; 1.9963120853873992; 0.3280874076011051; 0.6549030450875949
226; 5932854.579893785; 566580.9757700985; 5932854.229443929; 566581.6241632727; -0.3504498554393649; 0.6483931741677225; 2.0663086825386454; -0.06999659715124618; 0.7370405751956715
227; 5932854.229443929; 566581.6241632727; 5932853.722323692; 566582.1268164016; -0.5071202367544174; 0.5026531289331615; 2.360618333038674; -0.29430965050002866; 0.7140245811960214
228; 5932853.722323692; 566582.1268164016; 5932853.205507896; 566582.8860992843; -0.516815796494484; 0.7592828826745972; 2.1684262380189487; 0.19219209501972534; 0.9184819341875342
229; 5932853.205507896; 566582.8860992843; 5932852.843413604; 566583.6429250254; -0.36209429148584604; 0.7568257411476225; 2.0170461275994245; 0.15138011041952426; 0.8389859822370603
230; 5932852.843413604; 566583.6429250254; 5932852.556398989; 566584.1846760237; -0.2870146157220006; 0.541750998236239; 2.057991455585404; -0.040945327985979496; 0.6130836270265331
231; 5932852.556398989; 566584.1846760237; 5932852.458546279; 566585.4574747012; -0.09785270970314741; 1.272798677557148; 1.647525353289358; 0.4104661022960461; 1.2765545920122152
232; 5932852.458546279; 566585.4574747012; 5932852.124143064; 566586.2822525811; -0.3344032149761915; 0.824777879868634; 1.9559890331719023; -0.3084636798825444; 0.8899910456330512
233; 5932852.124143064; 566586.2822525811; 5932851.654379451; 566587.3081456149; -0.4697636133059859; 1.0258930338313803; 2.00020623718608; -0.044217204014177725; 1.1283325614596298
234; 5932851.654379451; 566587.3081456149; 5932851.356360347; 566588.2479625819; -0.298019103705883; 0.9398169670021161; 1.8778694761724342; 0.12233676101364588; 0.9859367716231678
235; 5932851.356360347; 566588.2479625819; 5932851.055506549; 566589.053194939; -0.3008537981659174; 0.8052323571173474; 1.928359729314791; -0.05049025314235678; 0.8595999981500801
236; 5932851.055506549; 566589.053194939; 5932850.934399385; 566589.8785053148; -0.12110716383904219; 0.8253103757742792; 1.71649782330736; 0.21186190600743093; 0.8341487646060615
237; 5932850.934399385; 566589.8785053148; 5932850.6921069855; 566590.5642622769; -0.24229239951819181; 0.6857569620478898; 1.910426734627935; -0.1939289113205751; 0.7273020128264696
238; 5932850.6921069855; 566590.5642622769; 5932850.355510983; 566591.368672677; -0.33659600280225277; 0.804410400101915; 1.967095929533787; -0.05666919490585198; 0.8719936702147425
239; 5932850.355510983; 566591.368672677; 5932850.501917901; 566591.8833603145; 0.14640691876411438; 0.5146876375656575; 1.2936586993179011; 0.673437230215886; 0.5351059242102628
240; 5932850.501917901; 566591.8833603145; 5932851.178206979; 566592.8582609651; 0.676289077848196; 0.9749006505589932; 0.9643107324890167; 0.32934796682888445; 1.1865067194403542
241; 5932851.178206979; 566592.8582609651; 5932851.683414505; 566593.6689756111; 0.5052075255662203; 0.8107146460097283; 1.0135189536090177; -0.049208221120001006; 0.9552449325400383
242; 5932851.683414505; 566593.6689756111; 5932852.268359657; 566594.4452085026; 0.5849451525136828; 0.7762328914832324; 0.9250148789765088; 0.08850407463250887; 0.9719559317529141
243; 5932852.268359657; 566594.4452085026; 5932852.807935269; 566594.9299818702; 0.5395756112411618; 0.4847733676433563; 0.7319495348140849; 0.19306534416242394; 0.7253599507986046
244; 5932852.807935269; 566594.9299818702; 5932853.547060395; 566594.5744777875; 0.739125126041472; -0.3555040827486664; -0.44831580752705763; 1.1802653423411424; 0.8201762644680669
245; 5932853.547060395; 566594.5744777875; 5932854.105115331; 566593.965610202; 0.5580549361184239; -0.6088675854261965; -0.8289148234046821; 0.3805990158776245; 0.82592072761789
246; 5932854.105115331; 566593.965610202; 5932854.6187238535; 566593.2392443222; 0.5136085227131844; -0.7263658798765391; -0.955325536156584; 0.12641071275190185; 0.8896072763036723
247; 5932854.6187238535; 566593.2392443222; 5932854.9382743; 566592.4273784058; 0.31955044623464346; -0.8118659163592383; -1.195819314631381; 0.24049377847479692; 0.8724899734865643
248; 5932854.9382743; 566592.4273784058; 5932855.374592704; 566591.7395620667; 0.4363184040412307; -0.6878163390792906; -1.0054994652006581; -0.19031984943072278; 0.8145336494028496
249; 5932855.374592704; 566591.7395620667; 5932855.814864002; 566590.9286251506; 0.4402712984010577; -0.810936916153878; -1.0734075116245303; 0.06790804642387216; 0.9227445465441207
